{
	"format_version": "1.21.6",
	"credit": "cyberia was here",
	"texture_size": [64, 64],
	"textures": {
		"0": "item/bucket_3d",
		"1": "item/water_bucket_3d",
		"2": "item/axolotl_bucket_cyan_3d",
		"particle": "item/bucket_3d"
	},
	"elements": [
		{
			"name": "bottom",
			"from": [4, 0, 4],
			"to": [12, 2, 12],
			"rotation": {"angle": 0, "axis": "y", "origin": [4, 0, 5]},
			"faces": {
				"north": {"uv": [2, 6, 4, 6.5], "texture": "#0"},
				"east": {"uv": [4, 6, 6, 6.5], "texture": "#0"},
				"south": {"uv": [6, 6, 8, 6.5], "texture": "#0"},
				"west": {"uv": [2, 6.5, 4, 7], "texture": "#0"},
				"up": {"uv": [6.5, 6, 4.5, 4], "texture": "#0"},
				"down": {"uv": [2, 6, 0, 8], "texture": "#0"}
			}
		},
		{
			"name": "side1",
			"from": [3, 2, 3],
			"to": [12, 11, 4],
			"rotation": {"angle": 0, "axis": "y", "origin": [4, 3, 4]},
			"faces": {
				"north": {"uv": [9.25, 0, 11.5, 2.25], "texture": "#0"},
				"east": {"uv": [4.25, 6.75, 4.5, 8.75], "texture": "#0"},
				"south": {"uv": [11.5, 0, 13.75, 2.25], "texture": "#0"},
				"west": {"uv": [4.5, 6.75, 4.75, 9], "texture": "#0"},
				"up": {"uv": [6.25, 6.75, 4, 6.5], "texture": "#0"},
				"down": {"uv": [8.75, 4, 6.5, 4.25], "texture": "#0"}
			}
		},
		{
			"name": "side2",
			"from": [12, 2, 3],
			"to": [13, 11, 12],
			"rotation": {"angle": 0, "axis": "y", "origin": [5, 3, 4]},
			"faces": {
				"north": {"uv": [4.75, 6.75, 5, 9], "texture": "#0"},
				"east": {"uv": [9.25, 0, 11.5, 2.25], "texture": "#0"},
				"south": {"uv": [5, 6.75, 5.25, 8.75], "texture": "#0"},
				"west": {"uv": [11.5, 0, 13.75, 2.25], "texture": "#0"},
				"up": {"uv": [6.5, 8.75, 6.25, 6.5], "texture": "#0"},
				"down": {"uv": [6.75, 6.5, 6.5, 8.75], "texture": "#0"}
			}
		},
		{
			"name": "side3",
			"from": [4, 2, 12],
			"to": [13, 11, 13],
			"rotation": {"angle": 0, "axis": "y", "origin": [5, 3, 13]},
			"faces": {
				"north": {"uv": [11.5, 0, 13.75, 2.25], "texture": "#0"},
				"east": {"uv": [5.25, 6.75, 5.5, 9], "texture": "#0"},
				"south": {"uv": [9.25, 0, 11.5, 2.25], "texture": "#0"},
				"west": {"uv": [5.5, 6.75, 5.75, 8.75], "texture": "#0"},
				"up": {"uv": [8.75, 4.5, 6.5, 4.25], "texture": "#0"},
				"down": {"uv": [8.75, 4.5, 6.5, 4.75], "texture": "#0"}
			}
		},
		{
			"name": "side4",
			"from": [3, 2, 4],
			"to": [4, 11, 13],
			"rotation": {"angle": 0, "axis": "y", "origin": [-4, 3, 5]},
			"faces": {
				"north": {"uv": [5.75, 6.75, 6, 8.75], "texture": "#0"},
				"east": {"uv": [11.5, 0, 13.75, 2.25], "texture": "#0"},
				"south": {"uv": [6, 6.75, 6.25, 9], "texture": "#0"},
				"west": {"uv": [9.25, 0, 11.5, 2.25], "texture": "#0"},
				"up": {"uv": [7, 2.25, 6.75, 0], "texture": "#0"},
				"down": {"uv": [4.25, 6.75, 4, 9], "texture": "#0"}
			}
		},
		{
			"from": [4, 3, 4],
			"to": [12, 10, 12],
			"rotation": {"angle": 0, "axis": "y", "origin": [10, 8, 8]},
			"faces": {
				"north": {"uv": [4, 14, 12, 6], "texture": "#1", "tintindex": 0},
				"east": {"uv": [4, 14, 12, 6], "texture": "#1", "tintindex": 0},
				"south": {"uv": [4, 14, 12, 6], "texture": "#1"},
				"west": {"uv": [4, 14, 12, 6], "texture": "#1", "tintindex": 0},
				"up": {"uv": [4, 6, 12, 14], "texture": "#1", "tintindex": 0},
				"down": {"uv": [4, 6, 12, 14], "texture": "#1", "tintindex": 0}
			}
		},
		{
			"name": "right_gills",
			"from": [1, 13.5, 6],
			"to": [4, 20.5, 6],
			"rotation": {"angle": 0, "axis": "y", "origin": [8, 18, 5.25]},
			"faces": {
				"north": {"uv": [0.275, 1, 0.35, 1.175], "texture": "#2"},
				"south": {"uv": [0.35, 1, 0.275, 1.175], "texture": "#2"}
			}
		},
		{
			"name": "head",
			"from": [4, 13.5, 2],
			"to": [12, 18.5, 7],
			"rotation": {"angle": 0, "axis": "y", "origin": [8, 18, 5.25]},
			"faces": {
				"north": {"uv": [0.125, 0.15, 0.325, 0.275], "texture": "#2"},
				"east": {"uv": [0, 0.15, 0.125, 0.275], "texture": "#2"},
				"south": {"uv": [0.45, 0.15, 0.65, 0.275], "texture": "#2"},
				"west": {"uv": [0.325, 0.15, 0.45, 0.275], "texture": "#2"},
				"up": {"uv": [0.325, 0.15, 0.125, 0.025], "texture": "#2"},
				"down": {"uv": [0.525, 0.025, 0.325, 0.15], "texture": "#2"}
			}
		},
		{
			"name": "top_gills",
			"from": [4, 18.5, 6],
			"to": [12, 21.5, 6],
			"rotation": {"angle": 0, "axis": "y", "origin": [8, 18, 5.25]},
			"faces": {
				"north": {"uv": [0.075, 0.925, 0.275, 1], "texture": "#2"},
				"south": {"uv": [0.075, 0.925, 0.275, 1], "texture": "#2"}
			}
		},
		{
			"name": "left_gills",
			"from": [12, 13.5, 6],
			"to": [15, 20.5, 6],
			"rotation": {"angle": 0, "axis": "y", "origin": [8, 18, 5.25]},
			"faces": {
				"north": {"uv": [0, 1, 0.075, 1.175], "texture": "#2"},
				"south": {"uv": [0.075, 1, 0, 1.175], "texture": "#2"}
			}
		},
		{
			"name": "right_gills",
			"from": [1, 13.5, 6],
			"to": [4, 20.5, 6],
			"rotation": {"angle": 0, "axis": "y", "origin": [8, 18, 5.25]},
			"faces": {
				"north": {"uv": [7.475, 2.6, 7.55, 2.775], "texture": "#2"},
				"south": {"uv": [7.55, 2.6, 7.475, 2.775], "texture": "#2"}
			}
		},
		{
			"name": "head",
			"from": [4, 13.5, 2],
			"to": [12, 18.5, 7],
			"rotation": {"angle": 0, "axis": "y", "origin": [8, 18, 5.25]},
			"faces": {
				"north": {"uv": [7.325, 1.75, 7.525, 1.875], "texture": "#2"},
				"east": {"uv": [7.2, 1.75, 7.325, 1.875], "texture": "#2"},
				"south": {"uv": [7.65, 1.75, 7.85, 1.875], "texture": "#2"},
				"west": {"uv": [7.525, 1.75, 7.65, 1.875], "texture": "#2"},
				"up": {"uv": [7.525, 1.75, 7.325, 1.625], "texture": "#2"},
				"down": {"uv": [7.725, 1.625, 7.525, 1.75], "texture": "#2"}
			}
		},
		{
			"name": "top_gills",
			"from": [4, 18.5, 6],
			"to": [12, 21.5, 6],
			"rotation": {"angle": 0, "axis": "y", "origin": [8, 18, 5.25]},
			"faces": {
				"north": {"uv": [7.275, 2.525, 7.475, 2.6], "texture": "#2"},
				"south": {"uv": [7.275, 2.525, 7.475, 2.6], "texture": "#2"}
			}
		},
		{
			"name": "left_gills",
			"from": [12, 13.5, 6],
			"to": [15, 20.5, 6],
			"rotation": {"angle": 0, "axis": "y", "origin": [8, 18, 5.25]},
			"faces": {
				"north": {"uv": [7.2, 2.6, 7.275, 2.775], "texture": "#2"},
				"south": {"uv": [7.275, 2.6, 7.2, 2.775], "texture": "#2"}
			}
		},
		{
			"name": "right_gills",
			"from": [1, 13.45, 6.05],
			"to": [4, 20.45, 6.05],
			"rotation": {"angle": 0, "axis": "x", "origin": [8, 18, 5.25]},
			"faces": {
				"north": {"uv": [1.475, 1, 1.55, 1.175], "texture": "#2"},
				"south": {"uv": [1.55, 1, 1.475, 1.175], "texture": "#2"}
			}
		},
		{
			"name": "head",
			"from": [4, 13.45, 2.05],
			"to": [12, 18.45, 7.05],
			"rotation": {"angle": 0, "axis": "x", "origin": [8, 18, 5.25]},
			"faces": {
				"north": {"uv": [1.325, 0.15, 1.525, 0.275], "texture": "#2"},
				"east": {"uv": [1.2, 0.15, 1.325, 0.275], "texture": "#2"},
				"south": {"uv": [1.65, 0.15, 1.85, 0.275], "texture": "#2"},
				"west": {"uv": [1.525, 0.15, 1.65, 0.275], "texture": "#2"},
				"up": {"uv": [1.525, 0.15, 1.325, 0.025], "texture": "#2"},
				"down": {"uv": [1.725, 0.025, 1.525, 0.15], "texture": "#2"}
			}
		},
		{
			"name": "top_gills",
			"from": [4, 18.45, 6.05],
			"to": [12, 21.45, 6.05],
			"rotation": {"angle": 0, "axis": "x", "origin": [8, 18, 5.25]},
			"faces": {
				"north": {"uv": [1.275, 0.925, 1.475, 1], "texture": "#2"},
				"south": {"uv": [1.275, 0.925, 1.475, 1], "texture": "#2"}
			}
		},
		{
			"name": "left_gills",
			"from": [12, 13.45, 6.05],
			"to": [15, 20.45, 6.05],
			"rotation": {"angle": 0, "axis": "x", "origin": [8, 18, 5.25]},
			"faces": {
				"north": {"uv": [1.2, 1, 1.275, 1.175], "texture": "#2"},
				"south": {"uv": [1.275, 1, 1.2, 1.175], "texture": "#2"}
			}
		},
		{
			"name": "right_gills",
			"from": [1, 13.4, 6.1],
			"to": [4, 20.4, 6.1],
			"rotation": {"angle": 0, "axis": "x", "origin": [8, 18, 5.25]},
			"faces": {
				"north": {"uv": [2.675, 1, 2.75, 1.175], "texture": "#2"},
				"south": {"uv": [2.75, 1, 2.675, 1.175], "texture": "#2"}
			}
		},
		{
			"name": "head",
			"from": [4, 13.4, 2.1],
			"to": [12, 18.4, 7.1],
			"rotation": {"angle": 0, "axis": "x", "origin": [8, 18, 5.25]},
			"faces": {
				"north": {"uv": [2.525, 0.15, 2.725, 0.275], "texture": "#2"},
				"east": {"uv": [2.4, 0.15, 2.525, 0.275], "texture": "#2"},
				"south": {"uv": [2.85, 0.15, 3.05, 0.275], "texture": "#2"},
				"west": {"uv": [2.725, 0.15, 2.85, 0.275], "texture": "#2"},
				"up": {"uv": [2.725, 0.15, 2.525, 0.025], "texture": "#2"},
				"down": {"uv": [2.925, 0.025, 2.725, 0.15], "texture": "#2"}
			}
		},
		{
			"name": "top_gills",
			"from": [4, 18.4, 6.1],
			"to": [12, 21.4, 6.1],
			"rotation": {"angle": 0, "axis": "x", "origin": [8, 18, 5.25]},
			"faces": {
				"north": {"uv": [2.475, 0.925, 2.675, 1], "texture": "#2"},
				"south": {"uv": [2.475, 0.925, 2.675, 1], "texture": "#2"}
			}
		},
		{
			"name": "left_gills",
			"from": [12, 13.4, 6.1],
			"to": [15, 20.4, 6.1],
			"rotation": {"angle": 0, "axis": "x", "origin": [8, 18, 5.25]},
			"faces": {
				"north": {"uv": [2.4, 1, 2.475, 1.175], "texture": "#2"},
				"south": {"uv": [2.475, 1, 2.4, 1.175], "texture": "#2"}
			}
		},
		{
			"name": "right_gills",
			"from": [1, 13.35, 6.15],
			"to": [4, 20.35, 6.15],
			"rotation": {"angle": 0.5, "axis": "x", "origin": [8, 18, 5.25]},
			"faces": {
				"north": {"uv": [3.875, 1, 3.95, 1.175], "texture": "#2"},
				"south": {"uv": [3.95, 1, 3.875, 1.175], "texture": "#2"}
			}
		},
		{
			"name": "head",
			"from": [4, 13.35, 2.15],
			"to": [12, 18.35, 7.15],
			"rotation": {"angle": 0.5, "axis": "x", "origin": [8, 18, 5.25]},
			"faces": {
				"north": {"uv": [3.725, 0.15, 3.925, 0.275], "texture": "#2"},
				"east": {"uv": [3.6, 0.15, 3.725, 0.275], "texture": "#2"},
				"south": {"uv": [4.05, 0.15, 4.25, 0.275], "texture": "#2"},
				"west": {"uv": [3.925, 0.15, 4.05, 0.275], "texture": "#2"},
				"up": {"uv": [3.925, 0.15, 3.725, 0.025], "texture": "#2"},
				"down": {"uv": [4.125, 0.025, 3.925, 0.15], "texture": "#2"}
			}
		},
		{
			"name": "top_gills",
			"from": [4, 18.35, 6.15],
			"to": [12, 21.35, 6.15],
			"rotation": {"angle": 0.5, "axis": "x", "origin": [8, 18, 5.25]},
			"faces": {
				"north": {"uv": [3.675, 0.925, 3.875, 1], "texture": "#2"},
				"south": {"uv": [3.675, 0.925, 3.875, 1], "texture": "#2"}
			}
		},
		{
			"name": "left_gills",
			"from": [12, 13.35, 6.15],
			"to": [15, 20.35, 6.15],
			"rotation": {"angle": 0.5, "axis": "x", "origin": [8, 18, 5.25]},
			"faces": {
				"north": {"uv": [3.6, 1, 3.675, 1.175], "texture": "#2"},
				"south": {"uv": [3.675, 1, 3.6, 1.175], "texture": "#2"}
			}
		},
		{
			"name": "right_gills",
			"from": [1, 13.3, 6.2],
			"to": [4, 20.3, 6.2],
			"rotation": {"angle": 1, "axis": "x", "origin": [8, 18, 5.25]},
			"faces": {
				"north": {"uv": [5.075, 1, 5.15, 1.175], "texture": "#2"},
				"south": {"uv": [5.15, 1, 5.075, 1.175], "texture": "#2"}
			}
		},
		{
			"name": "head",
			"from": [4, 13.3, 2.2],
			"to": [12, 18.3, 7.2],
			"rotation": {"angle": 1, "axis": "x", "origin": [8, 18, 5.25]},
			"faces": {
				"north": {"uv": [4.925, 0.15, 5.125, 0.275], "texture": "#2"},
				"east": {"uv": [4.8, 0.15, 4.925, 0.275], "texture": "#2"},
				"south": {"uv": [5.25, 0.15, 5.45, 0.275], "texture": "#2"},
				"west": {"uv": [5.125, 0.15, 5.25, 0.275], "texture": "#2"},
				"up": {"uv": [5.125, 0.15, 4.925, 0.025], "texture": "#2"},
				"down": {"uv": [5.325, 0.025, 5.125, 0.15], "texture": "#2"}
			}
		},
		{
			"name": "top_gills",
			"from": [4, 18.3, 6.2],
			"to": [12, 21.3, 6.2],
			"rotation": {"angle": 1, "axis": "x", "origin": [8, 18, 5.25]},
			"faces": {
				"north": {"uv": [4.875, 0.925, 5.075, 1], "texture": "#2"},
				"south": {"uv": [4.875, 0.925, 5.075, 1], "texture": "#2"}
			}
		},
		{
			"name": "left_gills",
			"from": [12, 13.3, 6.2],
			"to": [15, 20.3, 6.2],
			"rotation": {"angle": 1, "axis": "x", "origin": [8, 18, 5.25]},
			"faces": {
				"north": {"uv": [4.8, 1, 4.875, 1.175], "texture": "#2"},
				"south": {"uv": [4.875, 1, 4.8, 1.175], "texture": "#2"}
			}
		},
		{
			"name": "right_gills",
			"from": [1, 13.2, 6.3],
			"to": [4, 20.2, 6.3],
			"rotation": {"angle": 1.5, "axis": "x", "origin": [8, 18, 5.25]},
			"faces": {
				"north": {"uv": [6.275, 1, 6.35, 1.175], "texture": "#2"},
				"south": {"uv": [6.35, 1, 6.275, 1.175], "texture": "#2"}
			}
		},
		{
			"name": "head",
			"from": [4, 13.2, 2.3],
			"to": [12, 18.2, 7.3],
			"rotation": {"angle": 1.5, "axis": "x", "origin": [8, 18, 5.25]},
			"faces": {
				"north": {"uv": [6.125, 0.15, 6.325, 0.275], "texture": "#2"},
				"east": {"uv": [6, 0.15, 6.125, 0.275], "texture": "#2"},
				"south": {"uv": [6.45, 0.15, 6.65, 0.275], "texture": "#2"},
				"west": {"uv": [6.325, 0.15, 6.45, 0.275], "texture": "#2"},
				"up": {"uv": [6.325, 0.15, 6.125, 0.025], "texture": "#2"},
				"down": {"uv": [6.525, 0.025, 6.325, 0.15], "texture": "#2"}
			}
		},
		{
			"name": "top_gills",
			"from": [4, 18.2, 6.3],
			"to": [12, 21.2, 6.3],
			"rotation": {"angle": 1.5, "axis": "x", "origin": [8, 18, 5.25]},
			"faces": {
				"north": {"uv": [6.075, 0.925, 6.275, 1], "texture": "#2"},
				"south": {"uv": [6.075, 0.925, 6.275, 1], "texture": "#2"}
			}
		},
		{
			"name": "left_gills",
			"from": [12, 13.2, 6.3],
			"to": [15, 20.2, 6.3],
			"rotation": {"angle": 1.5, "axis": "x", "origin": [8, 18, 5.25]},
			"faces": {
				"north": {"uv": [6, 1, 6.075, 1.175], "texture": "#2"},
				"south": {"uv": [6.075, 1, 6, 1.175], "texture": "#2"}
			}
		},
		{
			"name": "right_gills",
			"from": [1, 13.1, 6.4],
			"to": [4, 20.1, 6.4],
			"rotation": {"angle": 2, "axis": "x", "origin": [8, 18, 5.25]},
			"faces": {
				"north": {"uv": [7.475, 1, 7.55, 1.175], "texture": "#2"},
				"south": {"uv": [7.55, 1, 7.475, 1.175], "texture": "#2"}
			}
		},
		{
			"name": "head",
			"from": [4, 13.1, 2.4],
			"to": [12, 18.1, 7.4],
			"rotation": {"angle": 2, "axis": "x", "origin": [8, 18, 5.25]},
			"faces": {
				"north": {"uv": [7.325, 0.15, 7.525, 0.275], "texture": "#2"},
				"east": {"uv": [7.2, 0.15, 7.325, 0.275], "texture": "#2"},
				"south": {"uv": [7.65, 0.15, 7.85, 0.275], "texture": "#2"},
				"west": {"uv": [7.525, 0.15, 7.65, 0.275], "texture": "#2"},
				"up": {"uv": [7.525, 0.15, 7.325, 0.025], "texture": "#2"},
				"down": {"uv": [7.725, 0.025, 7.525, 0.15], "texture": "#2"}
			}
		},
		{
			"name": "top_gills",
			"from": [4, 18.1, 6.4],
			"to": [12, 21.1, 6.4],
			"rotation": {"angle": 2, "axis": "x", "origin": [8, 18, 5.25]},
			"faces": {
				"north": {"uv": [7.275, 0.925, 7.475, 1], "texture": "#2"},
				"south": {"uv": [7.275, 0.925, 7.475, 1], "texture": "#2"}
			}
		},
		{
			"name": "left_gills",
			"from": [12, 13.1, 6.4],
			"to": [15, 20.1, 6.4],
			"rotation": {"angle": 2, "axis": "x", "origin": [8, 18, 5.25]},
			"faces": {
				"north": {"uv": [7.2, 1, 7.275, 1.175], "texture": "#2"},
				"south": {"uv": [7.275, 1, 7.2, 1.175], "texture": "#2"}
			}
		},
		{
			"name": "right_gills",
			"from": [1, 13, 6.5],
			"to": [4, 20, 6.5],
			"rotation": {"angle": 2.5, "axis": "x", "origin": [8, 18, 5.25]},
			"faces": {
				"north": {"uv": [8.675, 1, 8.75, 1.175], "texture": "#2"},
				"south": {"uv": [8.75, 1, 8.675, 1.175], "texture": "#2"}
			}
		},
		{
			"name": "head",
			"from": [4, 13, 2.5],
			"to": [12, 18, 7.5],
			"rotation": {"angle": 2.5, "axis": "x", "origin": [8, 18, 5.25]},
			"faces": {
				"north": {"uv": [8.525, 0.15, 8.725, 0.275], "texture": "#2"},
				"east": {"uv": [8.4, 0.15, 8.525, 0.275], "texture": "#2"},
				"south": {"uv": [8.85, 0.15, 9.05, 0.275], "texture": "#2"},
				"west": {"uv": [8.725, 0.15, 8.85, 0.275], "texture": "#2"},
				"up": {"uv": [8.725, 0.15, 8.525, 0.025], "texture": "#2"},
				"down": {"uv": [8.925, 0.025, 8.725, 0.15], "texture": "#2"}
			}
		},
		{
			"name": "top_gills",
			"from": [4, 18, 6.5],
			"to": [12, 21, 6.5],
			"rotation": {"angle": 2.5, "axis": "x", "origin": [8, 18, 5.25]},
			"faces": {
				"north": {"uv": [8.475, 0.925, 8.675, 1], "texture": "#2"},
				"south": {"uv": [8.475, 0.925, 8.675, 1], "texture": "#2"}
			}
		},
		{
			"name": "left_gills",
			"from": [12, 13, 6.5],
			"to": [15, 20, 6.5],
			"rotation": {"angle": 2.5, "axis": "x", "origin": [8, 18, 5.25]},
			"faces": {
				"north": {"uv": [8.4, 1, 8.475, 1.175], "texture": "#2"},
				"south": {"uv": [8.475, 1, 8.4, 1.175], "texture": "#2"}
			}
		},
		{
			"name": "right_gills",
			"from": [1, 12.9, 6.6],
			"to": [4, 19.9, 6.6],
			"rotation": {"angle": 3, "axis": "x", "origin": [8, 18, 5.25]},
			"faces": {
				"north": {"uv": [9.875, 1, 9.95, 1.175], "texture": "#2"},
				"south": {"uv": [9.95, 1, 9.875, 1.175], "texture": "#2"}
			}
		},
		{
			"name": "head",
			"from": [4, 12.9, 2.6],
			"to": [12, 17.9, 7.6],
			"rotation": {"angle": 3, "axis": "x", "origin": [8, 18, 5.25]},
			"faces": {
				"north": {"uv": [9.725, 0.15, 9.925, 0.275], "texture": "#2"},
				"east": {"uv": [9.6, 0.15, 9.725, 0.275], "texture": "#2"},
				"south": {"uv": [10.05, 0.15, 10.25, 0.275], "texture": "#2"},
				"west": {"uv": [9.925, 0.15, 10.05, 0.275], "texture": "#2"},
				"up": {"uv": [9.925, 0.15, 9.725, 0.025], "texture": "#2"},
				"down": {"uv": [10.125, 0.025, 9.925, 0.15], "texture": "#2"}
			}
		},
		{
			"name": "top_gills",
			"from": [4, 17.9, 6.6],
			"to": [12, 20.9, 6.6],
			"rotation": {"angle": 3, "axis": "x", "origin": [8, 18, 5.25]},
			"faces": {
				"north": {"uv": [9.675, 0.925, 9.875, 1], "texture": "#2"},
				"south": {"uv": [9.675, 0.925, 9.875, 1], "texture": "#2"}
			}
		},
		{
			"name": "left_gills",
			"from": [12, 12.9, 6.6],
			"to": [15, 19.9, 6.6],
			"rotation": {"angle": 3, "axis": "x", "origin": [8, 18, 5.25]},
			"faces": {
				"north": {"uv": [9.6, 1, 9.675, 1.175], "texture": "#2"},
				"south": {"uv": [9.675, 1, 9.6, 1.175], "texture": "#2"}
			}
		},
		{
			"name": "right_gills",
			"from": [1, 12.75, 6.75],
			"to": [4, 19.75, 6.75],
			"rotation": {"angle": 3.5, "axis": "x", "origin": [8, 18, 5.25]},
			"faces": {
				"north": {"uv": [11.075, 1, 11.15, 1.175], "texture": "#2"},
				"south": {"uv": [11.15, 1, 11.075, 1.175], "texture": "#2"}
			}
		},
		{
			"name": "head",
			"from": [4, 12.75, 2.75],
			"to": [12, 17.75, 7.75],
			"rotation": {"angle": 3.5, "axis": "x", "origin": [8, 18, 5.25]},
			"faces": {
				"north": {"uv": [10.925, 0.15, 11.125, 0.275], "texture": "#2"},
				"east": {"uv": [10.8, 0.15, 10.925, 0.275], "texture": "#2"},
				"south": {"uv": [11.25, 0.15, 11.45, 0.275], "texture": "#2"},
				"west": {"uv": [11.125, 0.15, 11.25, 0.275], "texture": "#2"},
				"up": {"uv": [11.125, 0.15, 10.925, 0.025], "texture": "#2"},
				"down": {"uv": [11.325, 0.025, 11.125, 0.15], "texture": "#2"}
			}
		},
		{
			"name": "top_gills",
			"from": [4, 17.75, 6.75],
			"to": [12, 20.75, 6.75],
			"rotation": {"angle": 3.5, "axis": "x", "origin": [8, 18, 5.25]},
			"faces": {
				"north": {"uv": [10.875, 0.925, 11.075, 1], "texture": "#2"},
				"south": {"uv": [10.875, 0.925, 11.075, 1], "texture": "#2"}
			}
		},
		{
			"name": "left_gills",
			"from": [12, 12.75, 6.75],
			"to": [15, 19.75, 6.75],
			"rotation": {"angle": 3.5, "axis": "x", "origin": [8, 18, 5.25]},
			"faces": {
				"north": {"uv": [10.8, 1, 10.875, 1.175], "texture": "#2"},
				"south": {"uv": [10.875, 1, 10.8, 1.175], "texture": "#2"}
			}
		},
		{
			"name": "right_gills",
			"from": [1, 12.6, 6.9],
			"to": [4, 19.6, 6.9],
			"rotation": {"angle": 4, "axis": "x", "origin": [8, 18, 5.25]},
			"faces": {
				"north": {"uv": [12.275, 1, 12.35, 1.175], "texture": "#2"},
				"south": {"uv": [12.35, 1, 12.275, 1.175], "texture": "#2"}
			}
		},
		{
			"name": "head",
			"from": [4, 12.6, 2.9],
			"to": [12, 17.6, 7.9],
			"rotation": {"angle": 4, "axis": "x", "origin": [8, 18, 5.25]},
			"faces": {
				"north": {"uv": [12.125, 0.15, 12.325, 0.275], "texture": "#2"},
				"east": {"uv": [12, 0.15, 12.125, 0.275], "texture": "#2"},
				"south": {"uv": [12.45, 0.15, 12.65, 0.275], "texture": "#2"},
				"west": {"uv": [12.325, 0.15, 12.45, 0.275], "texture": "#2"},
				"up": {"uv": [12.325, 0.15, 12.125, 0.025], "texture": "#2"},
				"down": {"uv": [12.525, 0.025, 12.325, 0.15], "texture": "#2"}
			}
		},
		{
			"name": "top_gills",
			"from": [4, 17.6, 6.9],
			"to": [12, 20.6, 6.9],
			"rotation": {"angle": 4, "axis": "x", "origin": [8, 18, 5.25]},
			"faces": {
				"north": {"uv": [12.075, 0.925, 12.275, 1], "texture": "#2"},
				"south": {"uv": [12.075, 0.925, 12.275, 1], "texture": "#2"}
			}
		},
		{
			"name": "left_gills",
			"from": [12, 12.6, 6.9],
			"to": [15, 19.6, 6.9],
			"rotation": {"angle": 4, "axis": "x", "origin": [8, 18, 5.25]},
			"faces": {
				"north": {"uv": [12, 1, 12.075, 1.175], "texture": "#2"},
				"south": {"uv": [12.075, 1, 12, 1.175], "texture": "#2"}
			}
		},
		{
			"name": "right_gills",
			"from": [1, 12.45, 7.05],
			"to": [4, 19.45, 7.05],
			"rotation": {"angle": 4.5, "axis": "x", "origin": [8, 18, 5.25]},
			"faces": {
				"north": {"uv": [13.475, 1, 13.55, 1.175], "texture": "#2"},
				"south": {"uv": [13.55, 1, 13.475, 1.175], "texture": "#2"}
			}
		},
		{
			"name": "head",
			"from": [4, 12.45, 3.05],
			"to": [12, 17.45, 8.05],
			"rotation": {"angle": 4.5, "axis": "x", "origin": [8, 18, 5.25]},
			"faces": {
				"north": {"uv": [13.325, 0.15, 13.525, 0.275], "texture": "#2"},
				"east": {"uv": [13.2, 0.15, 13.325, 0.275], "texture": "#2"},
				"south": {"uv": [13.65, 0.15, 13.85, 0.275], "texture": "#2"},
				"west": {"uv": [13.525, 0.15, 13.65, 0.275], "texture": "#2"},
				"up": {"uv": [13.525, 0.15, 13.325, 0.025], "texture": "#2"},
				"down": {"uv": [13.725, 0.025, 13.525, 0.15], "texture": "#2"}
			}
		},
		{
			"name": "top_gills",
			"from": [4, 17.45, 7.05],
			"to": [12, 20.45, 7.05],
			"rotation": {"angle": 4.5, "axis": "x", "origin": [8, 18, 5.25]},
			"faces": {
				"north": {"uv": [13.275, 0.925, 13.475, 1], "texture": "#2"},
				"south": {"uv": [13.275, 0.925, 13.475, 1], "texture": "#2"}
			}
		},
		{
			"name": "left_gills",
			"from": [12, 12.45, 7.05],
			"to": [15, 19.45, 7.05],
			"rotation": {"angle": 4.5, "axis": "x", "origin": [8, 18, 5.25]},
			"faces": {
				"north": {"uv": [13.2, 1, 13.275, 1.175], "texture": "#2"},
				"south": {"uv": [13.275, 1, 13.2, 1.175], "texture": "#2"}
			}
		},
		{
			"name": "right_gills",
			"from": [1, 12.3, 7.2],
			"to": [4, 19.3, 7.2],
			"rotation": {"angle": 5, "axis": "x", "origin": [8, 18, 5.25]},
			"faces": {
				"north": {"uv": [14.675, 1, 14.75, 1.175], "texture": "#2"},
				"south": {"uv": [14.75, 1, 14.675, 1.175], "texture": "#2"}
			}
		},
		{
			"name": "head",
			"from": [4, 12.3, 3.2],
			"to": [12, 17.3, 8.2],
			"rotation": {"angle": 5, "axis": "x", "origin": [8, 18, 5.25]},
			"faces": {
				"north": {"uv": [14.525, 0.15, 14.725, 0.275], "texture": "#2"},
				"east": {"uv": [14.4, 0.15, 14.525, 0.275], "texture": "#2"},
				"south": {"uv": [14.85, 0.15, 15.05, 0.275], "texture": "#2"},
				"west": {"uv": [14.725, 0.15, 14.85, 0.275], "texture": "#2"},
				"up": {"uv": [14.725, 0.15, 14.525, 0.025], "texture": "#2"},
				"down": {"uv": [14.925, 0.025, 14.725, 0.15], "texture": "#2"}
			}
		},
		{
			"name": "top_gills",
			"from": [4, 17.3, 7.2],
			"to": [12, 20.3, 7.2],
			"rotation": {"angle": 5, "axis": "x", "origin": [8, 18, 5.25]},
			"faces": {
				"north": {"uv": [14.475, 0.925, 14.675, 1], "texture": "#2"},
				"south": {"uv": [14.475, 0.925, 14.675, 1], "texture": "#2"}
			}
		},
		{
			"name": "left_gills",
			"from": [12, 12.3, 7.2],
			"to": [15, 19.3, 7.2],
			"rotation": {"angle": 5, "axis": "x", "origin": [8, 18, 5.25]},
			"faces": {
				"north": {"uv": [14.4, 1, 14.475, 1.175], "texture": "#2"},
				"south": {"uv": [14.475, 1, 14.4, 1.175], "texture": "#2"}
			}
		},
		{
			"name": "right_gills",
			"from": [1, 12.2, 7.3],
			"to": [4, 19.2, 7.3],
			"rotation": {"angle": 5.5, "axis": "x", "origin": [8, 18, 5.25]},
			"faces": {
				"north": {"uv": [14.675, 2.6, 14.75, 2.775], "texture": "#2"},
				"south": {"uv": [14.75, 2.6, 14.675, 2.775], "texture": "#2"}
			}
		},
		{
			"name": "head",
			"from": [4, 12.2, 3.3],
			"to": [12, 17.2, 8.3],
			"rotation": {"angle": 5.5, "axis": "x", "origin": [8, 18, 5.25]},
			"faces": {
				"north": {"uv": [14.525, 1.75, 14.725, 1.875], "texture": "#2"},
				"east": {"uv": [14.4, 1.75, 14.525, 1.875], "texture": "#2"},
				"south": {"uv": [14.85, 1.75, 15.05, 1.875], "texture": "#2"},
				"west": {"uv": [14.725, 1.75, 14.85, 1.875], "texture": "#2"},
				"up": {"uv": [14.725, 1.75, 14.525, 1.625], "texture": "#2"},
				"down": {"uv": [14.925, 1.625, 14.725, 1.75], "texture": "#2"}
			}
		},
		{
			"name": "top_gills",
			"from": [4, 17.2, 7.3],
			"to": [12, 20.2, 7.3],
			"rotation": {"angle": 5.5, "axis": "x", "origin": [8, 18, 5.25]},
			"faces": {
				"north": {"uv": [14.475, 2.525, 14.675, 2.6], "texture": "#2"},
				"south": {"uv": [14.475, 2.525, 14.675, 2.6], "texture": "#2"}
			}
		},
		{
			"name": "left_gills",
			"from": [12, 12.2, 7.3],
			"to": [15, 19.2, 7.3],
			"rotation": {"angle": 5.5, "axis": "x", "origin": [8, 18, 5.25]},
			"faces": {
				"north": {"uv": [14.4, 2.6, 14.475, 2.775], "texture": "#2"},
				"south": {"uv": [14.475, 2.6, 14.4, 2.775], "texture": "#2"}
			}
		},
		{
			"name": "right_gills",
			"from": [1, 12.1, 7.4],
			"to": [4, 19.1, 7.4],
			"rotation": {"angle": 6, "axis": "x", "origin": [8, 18, 5.25]},
			"faces": {
				"north": {"uv": [13.475, 2.6, 13.55, 2.775], "texture": "#2"},
				"south": {"uv": [13.55, 2.6, 13.475, 2.775], "texture": "#2"}
			}
		},
		{
			"name": "head",
			"from": [4, 12.1, 3.4],
			"to": [12, 17.1, 8.4],
			"rotation": {"angle": 6, "axis": "x", "origin": [8, 18, 5.25]},
			"faces": {
				"north": {"uv": [13.325, 1.75, 13.525, 1.875], "texture": "#2"},
				"east": {"uv": [13.2, 1.75, 13.325, 1.875], "texture": "#2"},
				"south": {"uv": [13.65, 1.75, 13.85, 1.875], "texture": "#2"},
				"west": {"uv": [13.525, 1.75, 13.65, 1.875], "texture": "#2"},
				"up": {"uv": [13.525, 1.75, 13.325, 1.625], "texture": "#2"},
				"down": {"uv": [13.725, 1.625, 13.525, 1.75], "texture": "#2"}
			}
		},
		{
			"name": "top_gills",
			"from": [4, 17.1, 7.4],
			"to": [12, 20.1, 7.4],
			"rotation": {"angle": 6, "axis": "x", "origin": [8, 18, 5.25]},
			"faces": {
				"north": {"uv": [13.275, 2.525, 13.475, 2.6], "texture": "#2"},
				"south": {"uv": [13.275, 2.525, 13.475, 2.6], "texture": "#2"}
			}
		},
		{
			"name": "left_gills",
			"from": [12, 12.1, 7.4],
			"to": [15, 19.1, 7.4],
			"rotation": {"angle": 6, "axis": "x", "origin": [8, 18, 5.25]},
			"faces": {
				"north": {"uv": [13.2, 2.6, 13.275, 2.775], "texture": "#2"},
				"south": {"uv": [13.275, 2.6, 13.2, 2.775], "texture": "#2"}
			}
		},
		{
			"name": "right_gills",
			"from": [1, 12.05, 7.45],
			"to": [4, 19.05, 7.45],
			"rotation": {"angle": 6.5, "axis": "x", "origin": [8, 18, 5.25]},
			"faces": {
				"north": {"uv": [12.275, 2.6, 12.35, 2.775], "texture": "#2"},
				"south": {"uv": [12.35, 2.6, 12.275, 2.775], "texture": "#2"}
			}
		},
		{
			"name": "head",
			"from": [4, 12.05, 3.45],
			"to": [12, 17.05, 8.45],
			"rotation": {"angle": 6.5, "axis": "x", "origin": [8, 18, 5.25]},
			"faces": {
				"north": {"uv": [12.125, 1.75, 12.325, 1.875], "texture": "#2"},
				"east": {"uv": [12, 1.75, 12.125, 1.875], "texture": "#2"},
				"south": {"uv": [12.45, 1.75, 12.65, 1.875], "texture": "#2"},
				"west": {"uv": [12.325, 1.75, 12.45, 1.875], "texture": "#2"},
				"up": {"uv": [12.325, 1.75, 12.125, 1.625], "texture": "#2"},
				"down": {"uv": [12.525, 1.625, 12.325, 1.75], "texture": "#2"}
			}
		},
		{
			"name": "top_gills",
			"from": [4, 17.05, 7.45],
			"to": [12, 20.05, 7.45],
			"rotation": {"angle": 6.5, "axis": "x", "origin": [8, 18, 5.25]},
			"faces": {
				"north": {"uv": [12.075, 2.525, 12.275, 2.6], "texture": "#2"},
				"south": {"uv": [12.075, 2.525, 12.275, 2.6], "texture": "#2"}
			}
		},
		{
			"name": "left_gills",
			"from": [12, 12.05, 7.45],
			"to": [15, 19.05, 7.45],
			"rotation": {"angle": 6.5, "axis": "x", "origin": [8, 18, 5.25]},
			"faces": {
				"north": {"uv": [12, 2.6, 12.075, 2.775], "texture": "#2"},
				"south": {"uv": [12.075, 2.6, 12, 2.775], "texture": "#2"}
			}
		},
		{
			"name": "right_gills",
			"from": [1, 12, 7.5],
			"to": [4, 19, 7.5],
			"rotation": {"angle": 7, "axis": "x", "origin": [8, 18, 5.25]},
			"faces": {
				"north": {"uv": [11.075, 2.6, 11.15, 2.775], "texture": "#2"},
				"south": {"uv": [11.15, 2.6, 11.075, 2.775], "texture": "#2"}
			}
		},
		{
			"name": "head",
			"from": [4, 12, 3.5],
			"to": [12, 17, 8.5],
			"rotation": {"angle": 7, "axis": "x", "origin": [8, 18, 5.25]},
			"faces": {
				"north": {"uv": [10.925, 1.75, 11.125, 1.875], "texture": "#2"},
				"east": {"uv": [10.8, 1.75, 10.925, 1.875], "texture": "#2"},
				"south": {"uv": [11.25, 1.75, 11.45, 1.875], "texture": "#2"},
				"west": {"uv": [11.125, 1.75, 11.25, 1.875], "texture": "#2"},
				"up": {"uv": [11.125, 1.75, 10.925, 1.625], "texture": "#2"},
				"down": {"uv": [11.325, 1.625, 11.125, 1.75], "texture": "#2"}
			}
		},
		{
			"name": "top_gills",
			"from": [4, 17, 7.5],
			"to": [12, 20, 7.5],
			"rotation": {"angle": 7, "axis": "x", "origin": [8, 18, 5.25]},
			"faces": {
				"north": {"uv": [10.875, 2.525, 11.075, 2.6], "texture": "#2"},
				"south": {"uv": [10.875, 2.525, 11.075, 2.6], "texture": "#2"}
			}
		},
		{
			"name": "left_gills",
			"from": [12, 12, 7.5],
			"to": [15, 19, 7.5],
			"rotation": {"angle": 7, "axis": "x", "origin": [8, 18, 5.25]},
			"faces": {
				"north": {"uv": [10.8, 2.6, 10.875, 2.775], "texture": "#2"},
				"south": {"uv": [10.875, 2.6, 10.8, 2.775], "texture": "#2"}
			}
		},
		{
			"name": "right_gills",
			"from": [1, 11.95, 7.55],
			"to": [4, 18.95, 7.55],
			"rotation": {"angle": 7.5, "axis": "x", "origin": [8, 18, 5.25]},
			"faces": {
				"north": {"uv": [9.875, 2.6, 9.95, 2.775], "texture": "#2"},
				"south": {"uv": [9.95, 2.6, 9.875, 2.775], "texture": "#2"}
			}
		},
		{
			"name": "head",
			"from": [4, 11.95, 3.55],
			"to": [12, 16.95, 8.55],
			"rotation": {"angle": 7.5, "axis": "x", "origin": [8, 18, 5.25]},
			"faces": {
				"north": {"uv": [9.725, 1.75, 9.925, 1.875], "texture": "#2"},
				"east": {"uv": [9.6, 1.75, 9.725, 1.875], "texture": "#2"},
				"south": {"uv": [10.05, 1.75, 10.25, 1.875], "texture": "#2"},
				"west": {"uv": [9.925, 1.75, 10.05, 1.875], "texture": "#2"},
				"up": {"uv": [9.925, 1.75, 9.725, 1.625], "texture": "#2"},
				"down": {"uv": [10.125, 1.625, 9.925, 1.75], "texture": "#2"}
			}
		},
		{
			"name": "top_gills",
			"from": [4, 16.95, 7.55],
			"to": [12, 19.95, 7.55],
			"rotation": {"angle": 7.5, "axis": "x", "origin": [8, 18, 5.25]},
			"faces": {
				"north": {"uv": [9.675, 2.525, 9.875, 2.6], "texture": "#2"},
				"south": {"uv": [9.675, 2.525, 9.875, 2.6], "texture": "#2"}
			}
		},
		{
			"name": "left_gills",
			"from": [12, 11.95, 7.55],
			"to": [15, 18.95, 7.55],
			"rotation": {"angle": 7.5, "axis": "x", "origin": [8, 18, 5.25]},
			"faces": {
				"north": {"uv": [9.6, 2.6, 9.675, 2.775], "texture": "#2"},
				"south": {"uv": [9.675, 2.6, 9.6, 2.775], "texture": "#2"}
			}
		},
		{
			"name": "body",
			"from": [4.01, 4.73261, 4.65648],
			"to": [11.99, 14.71261, 8.63648],
			"rotation": {"angle": -22.5, "axis": "x", "origin": [8, 9.47261, 6.89648]},
			"faces": {
				"north": {"uv": [0.65, 0.275, 0.45, 0.525], "rotation": 180, "texture": "#2"},
				"east": {"uv": [0, 0.525, 0.25, 0.625], "rotation": 270, "texture": "#2"},
				"south": {"uv": [0.45, 0.525, 0.25, 0.275], "texture": "#2"},
				"west": {"uv": [0.45, 0.525, 0.7, 0.625], "rotation": 90, "texture": "#2"},
				"up": {"uv": [0.25, 0.525, 0.45, 0.625], "rotation": 180, "texture": "#2"},
				"down": {"uv": [0.7, 0.525, 0.9, 0.625], "texture": "#2"}
			}
		},
		{
			"name": "body",
			"from": [8, 4.72261, 4.64648],
			"to": [8, 13.72261, 9.64648],
			"rotation": {"angle": -22.5, "axis": "x", "origin": [8, 9.47261, 6.89648]},
			"faces": {
				"east": {"uv": [0.05, 0.65, 0.275, 0.775], "rotation": 270, "texture": "#2"},
				"west": {"uv": [0.275, 0.65, 0.05, 0.775], "rotation": 90, "texture": "#2"}
			}
		},
		{
			"name": "body",
			"from": [4.01, 4.73261, 4.65648],
			"to": [11.99, 14.71261, 8.63648],
			"rotation": {"angle": -22.5, "axis": "x", "origin": [8, 9.47261, 6.89648]},
			"faces": {
				"north": {"uv": [7.85, 1.875, 7.65, 2.125], "rotation": 180, "texture": "#2"},
				"east": {"uv": [7.2, 2.125, 7.45, 2.225], "rotation": 270, "texture": "#2"},
				"south": {"uv": [7.65, 2.125, 7.45, 1.875], "texture": "#2"},
				"west": {"uv": [7.65, 2.125, 7.9, 2.225], "rotation": 90, "texture": "#2"},
				"up": {"uv": [7.45, 2.125, 7.65, 2.225], "rotation": 180, "texture": "#2"},
				"down": {"uv": [7.9, 2.125, 8.1, 2.225], "texture": "#2"}
			}
		},
		{
			"name": "body",
			"from": [8, 4.72261, 4.64648],
			"to": [8, 13.72261, 9.64648],
			"rotation": {"angle": -22.5, "axis": "x", "origin": [8, 9.47261, 6.89648]},
			"faces": {
				"east": {"uv": [7.25, 2.25, 7.475, 2.375], "rotation": 270, "texture": "#2"},
				"west": {"uv": [7.475, 2.25, 7.25, 2.375], "rotation": 90, "texture": "#2"}
			}
		},
		{
			"name": "body",
			"from": [4.01, 4.68261, 4.65648],
			"to": [11.99, 14.66261, 8.63648],
			"rotation": {"angle": -22.5, "axis": "x", "origin": [8, 9.47261, 6.89648]},
			"faces": {
				"north": {"uv": [1.85, 0.275, 1.65, 0.525], "rotation": 180, "texture": "#2"},
				"east": {"uv": [1.2, 0.525, 1.45, 0.625], "rotation": 270, "texture": "#2"},
				"south": {"uv": [1.65, 0.525, 1.45, 0.275], "texture": "#2"},
				"west": {"uv": [1.65, 0.525, 1.9, 0.625], "rotation": 90, "texture": "#2"},
				"up": {"uv": [1.45, 0.525, 1.65, 0.625], "rotation": 180, "texture": "#2"},
				"down": {"uv": [1.9, 0.525, 2.1, 0.625], "texture": "#2"}
			}
		},
		{
			"name": "body",
			"from": [8, 4.67261, 4.64648],
			"to": [8, 13.67261, 9.64648],
			"rotation": {"angle": -22.5, "axis": "x", "origin": [8, 9.47261, 6.89648]},
			"faces": {
				"east": {"uv": [1.25, 0.65, 1.475, 0.775], "rotation": 270, "texture": "#2"},
				"west": {"uv": [1.475, 0.65, 1.25, 0.775], "rotation": 90, "texture": "#2"}
			}
		},
		{
			"name": "body",
			"from": [4.01, 4.63261, 4.65648],
			"to": [11.99, 14.61261, 8.63648],
			"rotation": {"angle": -22.5, "axis": "x", "origin": [8, 9.47261, 6.89648]},
			"faces": {
				"north": {"uv": [3.05, 0.275, 2.85, 0.525], "rotation": 180, "texture": "#2"},
				"east": {"uv": [2.4, 0.525, 2.65, 0.625], "rotation": 270, "texture": "#2"},
				"south": {"uv": [2.85, 0.525, 2.65, 0.275], "texture": "#2"},
				"west": {"uv": [2.85, 0.525, 3.1, 0.625], "rotation": 90, "texture": "#2"},
				"up": {"uv": [2.65, 0.525, 2.85, 0.625], "rotation": 180, "texture": "#2"},
				"down": {"uv": [3.1, 0.525, 3.3, 0.625], "texture": "#2"}
			}
		},
		{
			"name": "body",
			"from": [8, 4.62261, 4.64648],
			"to": [8, 13.62261, 9.64648],
			"rotation": {"angle": -22.5, "axis": "x", "origin": [8, 9.47261, 6.89648]},
			"faces": {
				"east": {"uv": [2.45, 0.65, 2.675, 0.775], "rotation": 270, "texture": "#2"},
				"west": {"uv": [2.675, 0.65, 2.45, 0.775], "rotation": 90, "texture": "#2"}
			}
		},
		{
			"name": "body",
			"from": [4.01, 4.58261, 4.65648],
			"to": [11.99, 14.56261, 8.63648],
			"rotation": {"angle": -22.5, "axis": "x", "origin": [8, 9.47261, 6.89648]},
			"faces": {
				"north": {"uv": [4.25, 0.275, 4.05, 0.525], "rotation": 180, "texture": "#2"},
				"east": {"uv": [3.6, 0.525, 3.85, 0.625], "rotation": 270, "texture": "#2"},
				"south": {"uv": [4.05, 0.525, 3.85, 0.275], "texture": "#2"},
				"west": {"uv": [4.05, 0.525, 4.3, 0.625], "rotation": 90, "texture": "#2"},
				"up": {"uv": [3.85, 0.525, 4.05, 0.625], "rotation": 180, "texture": "#2"},
				"down": {"uv": [4.3, 0.525, 4.5, 0.625], "texture": "#2"}
			}
		},
		{
			"name": "body",
			"from": [8, 4.57261, 4.64648],
			"to": [8, 13.57261, 9.64648],
			"rotation": {"angle": -22.5, "axis": "x", "origin": [8, 9.47261, 6.89648]},
			"faces": {
				"east": {"uv": [3.65, 0.65, 3.875, 0.775], "rotation": 270, "texture": "#2"},
				"west": {"uv": [3.875, 0.65, 3.65, 0.775], "rotation": 90, "texture": "#2"}
			}
		},
		{
			"name": "body",
			"from": [4.01, 4.53261, 4.65648],
			"to": [11.99, 14.51261, 8.63648],
			"rotation": {"angle": -22.5, "axis": "x", "origin": [8, 9.47261, 6.89648]},
			"faces": {
				"north": {"uv": [5.45, 0.275, 5.25, 0.525], "rotation": 180, "texture": "#2"},
				"east": {"uv": [4.8, 0.525, 5.05, 0.625], "rotation": 270, "texture": "#2"},
				"south": {"uv": [5.25, 0.525, 5.05, 0.275], "texture": "#2"},
				"west": {"uv": [5.25, 0.525, 5.5, 0.625], "rotation": 90, "texture": "#2"},
				"up": {"uv": [5.05, 0.525, 5.25, 0.625], "rotation": 180, "texture": "#2"},
				"down": {"uv": [5.5, 0.525, 5.7, 0.625], "texture": "#2"}
			}
		},
		{
			"name": "body",
			"from": [8, 4.52261, 4.64648],
			"to": [8, 13.52261, 9.64648],
			"rotation": {"angle": -22.5, "axis": "x", "origin": [8, 9.47261, 6.89648]},
			"faces": {
				"east": {"uv": [4.85, 0.65, 5.075, 0.775], "rotation": 270, "texture": "#2"},
				"west": {"uv": [5.075, 0.65, 4.85, 0.775], "rotation": 90, "texture": "#2"}
			}
		},
		{
			"name": "body",
			"from": [4.01, 4.43261, 4.65648],
			"to": [11.99, 14.41261, 8.63648],
			"rotation": {"angle": -22.5, "axis": "x", "origin": [8, 9.47261, 6.89648]},
			"faces": {
				"north": {"uv": [6.65, 0.275, 6.45, 0.525], "rotation": 180, "texture": "#2"},
				"east": {"uv": [6, 0.525, 6.25, 0.625], "rotation": 270, "texture": "#2"},
				"south": {"uv": [6.45, 0.525, 6.25, 0.275], "texture": "#2"},
				"west": {"uv": [6.45, 0.525, 6.7, 0.625], "rotation": 90, "texture": "#2"},
				"up": {"uv": [6.25, 0.525, 6.45, 0.625], "rotation": 180, "texture": "#2"},
				"down": {"uv": [6.7, 0.525, 6.9, 0.625], "texture": "#2"}
			}
		},
		{
			"name": "body",
			"from": [8, 4.42261, 4.64648],
			"to": [8, 13.42261, 9.64648],
			"rotation": {"angle": -22.5, "axis": "x", "origin": [8, 9.47261, 6.89648]},
			"faces": {
				"east": {"uv": [6.05, 0.65, 6.275, 0.775], "rotation": 270, "texture": "#2"},
				"west": {"uv": [6.275, 0.65, 6.05, 0.775], "rotation": 90, "texture": "#2"}
			}
		},
		{
			"name": "body",
			"from": [4.01, 4.33261, 4.65648],
			"to": [11.99, 14.31261, 8.63648],
			"rotation": {"angle": -22.5, "axis": "x", "origin": [8, 9.47261, 6.89648]},
			"faces": {
				"north": {"uv": [7.85, 0.275, 7.65, 0.525], "rotation": 180, "texture": "#2"},
				"east": {"uv": [7.2, 0.525, 7.45, 0.625], "rotation": 270, "texture": "#2"},
				"south": {"uv": [7.65, 0.525, 7.45, 0.275], "texture": "#2"},
				"west": {"uv": [7.65, 0.525, 7.9, 0.625], "rotation": 90, "texture": "#2"},
				"up": {"uv": [7.45, 0.525, 7.65, 0.625], "rotation": 180, "texture": "#2"},
				"down": {"uv": [7.9, 0.525, 8.1, 0.625], "texture": "#2"}
			}
		},
		{
			"name": "body",
			"from": [8, 4.32261, 4.64648],
			"to": [8, 13.32261, 9.64648],
			"rotation": {"angle": -22.5, "axis": "x", "origin": [8, 9.47261, 6.89648]},
			"faces": {
				"east": {"uv": [7.25, 0.65, 7.475, 0.775], "rotation": 270, "texture": "#2"},
				"west": {"uv": [7.475, 0.65, 7.25, 0.775], "rotation": 90, "texture": "#2"}
			}
		},
		{
			"name": "body",
			"from": [4.01, 4.23261, 4.65648],
			"to": [11.99, 14.21261, 8.63648],
			"rotation": {"angle": -22.5, "axis": "x", "origin": [8, 9.47261, 6.89648]},
			"faces": {
				"north": {"uv": [9.05, 0.275, 8.85, 0.525], "rotation": 180, "texture": "#2"},
				"east": {"uv": [8.4, 0.525, 8.65, 0.625], "rotation": 270, "texture": "#2"},
				"south": {"uv": [8.85, 0.525, 8.65, 0.275], "texture": "#2"},
				"west": {"uv": [8.85, 0.525, 9.1, 0.625], "rotation": 90, "texture": "#2"},
				"up": {"uv": [8.65, 0.525, 8.85, 0.625], "rotation": 180, "texture": "#2"},
				"down": {"uv": [9.1, 0.525, 9.3, 0.625], "texture": "#2"}
			}
		},
		{
			"name": "body",
			"from": [8, 4.22261, 4.64648],
			"to": [8, 13.22261, 9.64648],
			"rotation": {"angle": -22.5, "axis": "x", "origin": [8, 9.47261, 6.89648]},
			"faces": {
				"east": {"uv": [8.45, 0.65, 8.675, 0.775], "rotation": 270, "texture": "#2"},
				"west": {"uv": [8.675, 0.65, 8.45, 0.775], "rotation": 90, "texture": "#2"}
			}
		},
		{
			"name": "body",
			"from": [4.01, 4.13261, 4.65648],
			"to": [11.99, 14.11261, 8.63648],
			"rotation": {"angle": -22.5, "axis": "x", "origin": [8, 9.47261, 6.89648]},
			"faces": {
				"north": {"uv": [10.25, 0.275, 10.05, 0.525], "rotation": 180, "texture": "#2"},
				"east": {"uv": [9.6, 0.525, 9.85, 0.625], "rotation": 270, "texture": "#2"},
				"south": {"uv": [10.05, 0.525, 9.85, 0.275], "texture": "#2"},
				"west": {"uv": [10.05, 0.525, 10.3, 0.625], "rotation": 90, "texture": "#2"},
				"up": {"uv": [9.85, 0.525, 10.05, 0.625], "rotation": 180, "texture": "#2"},
				"down": {"uv": [10.3, 0.525, 10.5, 0.625], "texture": "#2"}
			}
		},
		{
			"name": "body",
			"from": [8, 4.12261, 4.64648],
			"to": [8, 13.12261, 9.64648],
			"rotation": {"angle": -22.5, "axis": "x", "origin": [8, 9.47261, 6.89648]},
			"faces": {
				"east": {"uv": [9.65, 0.65, 9.875, 0.775], "rotation": 270, "texture": "#2"},
				"west": {"uv": [9.875, 0.65, 9.65, 0.775], "rotation": 90, "texture": "#2"}
			}
		},
		{
			"name": "body",
			"from": [4.01, 3.98261, 4.65648],
			"to": [11.99, 13.96261, 8.63648],
			"rotation": {"angle": -22.5, "axis": "x", "origin": [8, 9.47261, 6.89648]},
			"faces": {
				"north": {"uv": [11.45, 0.275, 11.25, 0.525], "rotation": 180, "texture": "#2"},
				"east": {"uv": [10.8, 0.525, 11.05, 0.625], "rotation": 270, "texture": "#2"},
				"south": {"uv": [11.25, 0.525, 11.05, 0.275], "texture": "#2"},
				"west": {"uv": [11.25, 0.525, 11.5, 0.625], "rotation": 90, "texture": "#2"},
				"up": {"uv": [11.05, 0.525, 11.25, 0.625], "rotation": 180, "texture": "#2"},
				"down": {"uv": [11.5, 0.525, 11.7, 0.625], "texture": "#2"}
			}
		},
		{
			"name": "body",
			"from": [8, 3.97261, 4.64648],
			"to": [8, 12.97261, 9.64648],
			"rotation": {"angle": -22.5, "axis": "x", "origin": [8, 9.47261, 6.89648]},
			"faces": {
				"east": {"uv": [10.85, 0.65, 11.075, 0.775], "rotation": 270, "texture": "#2"},
				"west": {"uv": [11.075, 0.65, 10.85, 0.775], "rotation": 90, "texture": "#2"}
			}
		},
		{
			"name": "body",
			"from": [4.01, 3.83261, 4.65648],
			"to": [11.99, 13.81261, 8.63648],
			"rotation": {"angle": -22.5, "axis": "x", "origin": [8, 9.47261, 6.89648]},
			"faces": {
				"north": {"uv": [12.65, 0.275, 12.45, 0.525], "rotation": 180, "texture": "#2"},
				"east": {"uv": [12, 0.525, 12.25, 0.625], "rotation": 270, "texture": "#2"},
				"south": {"uv": [12.45, 0.525, 12.25, 0.275], "texture": "#2"},
				"west": {"uv": [12.45, 0.525, 12.7, 0.625], "rotation": 90, "texture": "#2"},
				"up": {"uv": [12.25, 0.525, 12.45, 0.625], "rotation": 180, "texture": "#2"},
				"down": {"uv": [12.7, 0.525, 12.9, 0.625], "texture": "#2"}
			}
		},
		{
			"name": "body",
			"from": [8, 3.82261, 4.64648],
			"to": [8, 12.82261, 9.64648],
			"rotation": {"angle": -22.5, "axis": "x", "origin": [8, 9.47261, 6.89648]},
			"faces": {
				"east": {"uv": [12.05, 0.65, 12.275, 0.775], "rotation": 270, "texture": "#2"},
				"west": {"uv": [12.275, 0.65, 12.05, 0.775], "rotation": 90, "texture": "#2"}
			}
		},
		{
			"name": "body",
			"from": [4.01, 3.68261, 4.65648],
			"to": [11.99, 13.66261, 8.63648],
			"rotation": {"angle": -22.5, "axis": "x", "origin": [8, 9.47261, 6.89648]},
			"faces": {
				"north": {"uv": [13.85, 0.275, 13.65, 0.525], "rotation": 180, "texture": "#2"},
				"east": {"uv": [13.2, 0.525, 13.45, 0.625], "rotation": 270, "texture": "#2"},
				"south": {"uv": [13.65, 0.525, 13.45, 0.275], "texture": "#2"},
				"west": {"uv": [13.65, 0.525, 13.9, 0.625], "rotation": 90, "texture": "#2"},
				"up": {"uv": [13.45, 0.525, 13.65, 0.625], "rotation": 180, "texture": "#2"},
				"down": {"uv": [13.9, 0.525, 14.1, 0.625], "texture": "#2"}
			}
		},
		{
			"name": "body",
			"from": [8, 3.67261, 4.64648],
			"to": [8, 12.67261, 9.64648],
			"rotation": {"angle": -22.5, "axis": "x", "origin": [8, 9.47261, 6.89648]},
			"faces": {
				"east": {"uv": [13.25, 0.65, 13.475, 0.775], "rotation": 270, "texture": "#2"},
				"west": {"uv": [13.475, 0.65, 13.25, 0.775], "rotation": 90, "texture": "#2"}
			}
		},
		{
			"name": "body",
			"from": [4.01, 3.53261, 4.65648],
			"to": [11.99, 13.51261, 8.63648],
			"rotation": {"angle": -22.5, "axis": "x", "origin": [8, 9.47261, 6.89648]},
			"faces": {
				"north": {"uv": [15.05, 0.275, 14.85, 0.525], "rotation": 180, "texture": "#2"},
				"east": {"uv": [14.4, 0.525, 14.65, 0.625], "rotation": 270, "texture": "#2"},
				"south": {"uv": [14.85, 0.525, 14.65, 0.275], "texture": "#2"},
				"west": {"uv": [14.85, 0.525, 15.1, 0.625], "rotation": 90, "texture": "#2"},
				"up": {"uv": [14.65, 0.525, 14.85, 0.625], "rotation": 180, "texture": "#2"},
				"down": {"uv": [15.1, 0.525, 15.3, 0.625], "texture": "#2"}
			}
		},
		{
			"name": "body",
			"from": [8, 3.52261, 4.64648],
			"to": [8, 12.52261, 9.64648],
			"rotation": {"angle": -22.5, "axis": "x", "origin": [8, 9.47261, 6.89648]},
			"faces": {
				"east": {"uv": [14.45, 0.65, 14.675, 0.775], "rotation": 270, "texture": "#2"},
				"west": {"uv": [14.675, 0.65, 14.45, 0.775], "rotation": 90, "texture": "#2"}
			}
		},
		{
			"name": "body",
			"from": [4.01, 3.48261, 4.65648],
			"to": [11.99, 13.46261, 8.63648],
			"rotation": {"angle": -22.5, "axis": "x", "origin": [8, 9.47261, 6.89648]},
			"faces": {
				"north": {"uv": [15.05, 1.875, 14.85, 2.125], "rotation": 180, "texture": "#2"},
				"east": {"uv": [14.4, 2.125, 14.65, 2.225], "rotation": 270, "texture": "#2"},
				"south": {"uv": [14.85, 2.125, 14.65, 1.875], "texture": "#2"},
				"west": {"uv": [14.85, 2.125, 15.1, 2.225], "rotation": 90, "texture": "#2"},
				"up": {"uv": [14.65, 2.125, 14.85, 2.225], "rotation": 180, "texture": "#2"},
				"down": {"uv": [15.1, 2.125, 15.3, 2.225], "texture": "#2"}
			}
		},
		{
			"name": "body",
			"from": [8, 3.47261, 4.64648],
			"to": [8, 12.47261, 9.64648],
			"rotation": {"angle": -22.5, "axis": "x", "origin": [8, 9.47261, 6.89648]},
			"faces": {
				"east": {"uv": [14.45, 2.25, 14.675, 2.375], "rotation": 270, "texture": "#2"},
				"west": {"uv": [14.675, 2.25, 14.45, 2.375], "rotation": 90, "texture": "#2"}
			}
		},
		{
			"name": "body",
			"from": [4.01, 3.43261, 4.65648],
			"to": [11.99, 13.41261, 8.63648],
			"rotation": {"angle": -22.5, "axis": "x", "origin": [8, 9.47261, 6.89648]},
			"faces": {
				"north": {"uv": [13.85, 1.875, 13.65, 2.125], "rotation": 180, "texture": "#2"},
				"east": {"uv": [13.2, 2.125, 13.45, 2.225], "rotation": 270, "texture": "#2"},
				"south": {"uv": [13.65, 2.125, 13.45, 1.875], "texture": "#2"},
				"west": {"uv": [13.65, 2.125, 13.9, 2.225], "rotation": 90, "texture": "#2"},
				"up": {"uv": [13.45, 2.125, 13.65, 2.225], "rotation": 180, "texture": "#2"},
				"down": {"uv": [13.9, 2.125, 14.1, 2.225], "texture": "#2"}
			}
		},
		{
			"name": "body",
			"from": [8, 3.42261, 4.64648],
			"to": [8, 12.42261, 9.64648],
			"rotation": {"angle": -22.5, "axis": "x", "origin": [8, 9.47261, 6.89648]},
			"faces": {
				"east": {"uv": [13.25, 2.25, 13.475, 2.375], "rotation": 270, "texture": "#2"},
				"west": {"uv": [13.475, 2.25, 13.25, 2.375], "rotation": 90, "texture": "#2"}
			}
		},
		{
			"name": "body",
			"from": [4.01, 3.38261, 4.65648],
			"to": [11.99, 13.36261, 8.63648],
			"rotation": {"angle": -22.5, "axis": "x", "origin": [8, 9.47261, 6.89648]},
			"faces": {
				"north": {"uv": [12.65, 1.875, 12.45, 2.125], "rotation": 180, "texture": "#2"},
				"east": {"uv": [12, 2.125, 12.25, 2.225], "rotation": 270, "texture": "#2"},
				"south": {"uv": [12.45, 2.125, 12.25, 1.875], "texture": "#2"},
				"west": {"uv": [12.45, 2.125, 12.7, 2.225], "rotation": 90, "texture": "#2"},
				"up": {"uv": [12.25, 2.125, 12.45, 2.225], "rotation": 180, "texture": "#2"},
				"down": {"uv": [12.7, 2.125, 12.9, 2.225], "texture": "#2"}
			}
		},
		{
			"name": "body",
			"from": [8, 3.37261, 4.64648],
			"to": [8, 12.37261, 9.64648],
			"rotation": {"angle": -22.5, "axis": "x", "origin": [8, 9.47261, 6.89648]},
			"faces": {
				"east": {"uv": [12.05, 2.25, 12.275, 2.375], "rotation": 270, "texture": "#2"},
				"west": {"uv": [12.275, 2.25, 12.05, 2.375], "rotation": 90, "texture": "#2"}
			}
		},
		{
			"name": "body",
			"from": [4.01, 3.33261, 4.65648],
			"to": [11.99, 13.31261, 8.63648],
			"rotation": {"angle": -22.5, "axis": "x", "origin": [8, 9.47261, 6.89648]},
			"faces": {
				"north": {"uv": [11.45, 1.875, 11.25, 2.125], "rotation": 180, "texture": "#2"},
				"east": {"uv": [10.8, 2.125, 11.05, 2.225], "rotation": 270, "texture": "#2"},
				"south": {"uv": [11.25, 2.125, 11.05, 1.875], "texture": "#2"},
				"west": {"uv": [11.25, 2.125, 11.5, 2.225], "rotation": 90, "texture": "#2"},
				"up": {"uv": [11.05, 2.125, 11.25, 2.225], "rotation": 180, "texture": "#2"},
				"down": {"uv": [11.5, 2.125, 11.7, 2.225], "texture": "#2"}
			}
		},
		{
			"name": "body",
			"from": [8, 3.32261, 4.64648],
			"to": [8, 12.32261, 9.64648],
			"rotation": {"angle": -22.5, "axis": "x", "origin": [8, 9.47261, 6.89648]},
			"faces": {
				"east": {"uv": [10.85, 2.25, 11.075, 2.375], "rotation": 270, "texture": "#2"},
				"west": {"uv": [11.075, 2.25, 10.85, 2.375], "rotation": 90, "texture": "#2"}
			}
		},
		{
			"name": "body",
			"from": [4.01, 3.28261, 4.65648],
			"to": [11.99, 13.26261, 8.63648],
			"rotation": {"angle": -22.5, "axis": "x", "origin": [8, 9.47261, 6.89648]},
			"faces": {
				"north": {"uv": [10.25, 1.875, 10.05, 2.125], "rotation": 180, "texture": "#2"},
				"east": {"uv": [9.6, 2.125, 9.85, 2.225], "rotation": 270, "texture": "#2"},
				"south": {"uv": [10.05, 2.125, 9.85, 1.875], "texture": "#2"},
				"west": {"uv": [10.05, 2.125, 10.3, 2.225], "rotation": 90, "texture": "#2"},
				"up": {"uv": [9.85, 2.125, 10.05, 2.225], "rotation": 180, "texture": "#2"},
				"down": {"uv": [10.3, 2.125, 10.5, 2.225], "texture": "#2"}
			}
		},
		{
			"name": "body",
			"from": [8, 3.27261, 4.64648],
			"to": [8, 12.27261, 9.64648],
			"rotation": {"angle": -22.5, "axis": "x", "origin": [8, 9.47261, 6.89648]},
			"faces": {
				"east": {"uv": [9.65, 2.25, 9.875, 2.375], "rotation": 270, "texture": "#2"},
				"west": {"uv": [9.875, 2.25, 9.65, 2.375], "rotation": 90, "texture": "#2"}
			}
		},
		{
			"name": "leg1",
			"from": [3.5, 8.55, 2.5],
			"to": [6.5, 13.55, 2.5],
			"rotation": {"angle": 45, "axis": "x", "origin": [5, 10.5, 2.5]},
			"faces": {
				"north": {"uv": [0.05, 0.325, 0.125, 0.45], "texture": "#2"},
				"south": {"uv": [0.125, 0.325, 0.2, 0.45], "texture": "#2"}
			}
		},
		{
			"name": "leg2",
			"from": [9.5, 8.55, 2.5],
			"to": [12.5, 13.55, 2.5],
			"rotation": {"angle": 45, "axis": "x", "origin": [11, 10.5, 2.5]},
			"faces": {
				"north": {"uv": [0.05, 0.325, 0.125, 0.45], "texture": "#2"},
				"south": {"uv": [0.125, 0.325, 0.2, 0.45], "texture": "#2"}
			}
		},
		{
			"name": "leg2",
			"from": [3.5, 8.55, 2.5],
			"to": [6.5, 13.55, 2.5],
			"rotation": {"angle": 45, "axis": "x", "origin": [5, 10.5, 2.5]},
			"faces": {
				"north": {"uv": [7.25, 1.925, 7.325, 2.05], "texture": "#2"},
				"south": {"uv": [7.325, 1.925, 7.4, 2.05], "texture": "#2"}
			}
		},
		{
			"name": "leg3",
			"from": [9.5, 8.55, 2.5],
			"to": [12.5, 13.55, 2.5],
			"rotation": {"angle": 45, "axis": "x", "origin": [11, 10.5, 2.5]},
			"faces": {
				"north": {"uv": [7.25, 1.925, 7.325, 2.05], "texture": "#2"},
				"south": {"uv": [7.325, 1.925, 7.4, 2.05], "texture": "#2"}
			}
		},
		{
			"name": "leg2",
			"from": [3.5, 10.90355, 0.40355],
			"to": [6.5, 10.90355, 5.40355],
			"rotation": {"angle": -44, "axis": "x", "origin": [8, 10.85355, 2.85355]},
			"faces": {
				"up": {"uv": [1.25, 0.325, 1.325, 0.45], "rotation": 180, "texture": "#2"},
				"down": {"uv": [1.325, 0.325, 1.4, 0.45], "texture": "#2"}
			}
		},
		{
			"name": "leg3",
			"from": [9.5, 10.90355, 0.40355],
			"to": [12.5, 10.90355, 5.40355],
			"rotation": {"angle": -44, "axis": "x", "origin": [8, 10.85355, 2.85355]},
			"faces": {
				"up": {"uv": [1.25, 0.325, 1.325, 0.45], "rotation": 180, "texture": "#2"},
				"down": {"uv": [1.325, 0.325, 1.4, 0.45], "texture": "#2"}
			}
		},
		{
			"name": "leg3",
			"from": [3.5, 10.90355, 0.40355],
			"to": [6.5, 10.90355, 5.40355],
			"rotation": {"angle": -43, "axis": "x", "origin": [8, 10.85355, 2.85355]},
			"faces": {
				"up": {"uv": [2.45, 0.325, 2.525, 0.45], "rotation": 180, "texture": "#2"},
				"down": {"uv": [2.525, 0.325, 2.6, 0.45], "texture": "#2"}
			}
		},
		{
			"name": "leg4",
			"from": [9.5, 10.90355, 0.40355],
			"to": [12.5, 10.90355, 5.40355],
			"rotation": {"angle": -43, "axis": "x", "origin": [8, 10.85355, 2.85355]},
			"faces": {
				"up": {"uv": [2.45, 0.325, 2.525, 0.45], "rotation": 180, "texture": "#2"},
				"down": {"uv": [2.525, 0.325, 2.6, 0.45], "texture": "#2"}
			}
		},
		{
			"name": "leg4",
			"from": [3.5, 10.90355, 0.40355],
			"to": [6.5, 10.90355, 5.40355],
			"rotation": {"angle": -42, "axis": "x", "origin": [8, 10.85355, 2.85355]},
			"faces": {
				"up": {"uv": [3.65, 0.325, 3.725, 0.45], "rotation": 180, "texture": "#2"},
				"down": {"uv": [3.725, 0.325, 3.8, 0.45], "texture": "#2"}
			}
		},
		{
			"name": "leg5",
			"from": [9.5, 10.90355, 0.40355],
			"to": [12.5, 10.90355, 5.40355],
			"rotation": {"angle": -42, "axis": "x", "origin": [8, 10.85355, 2.85355]},
			"faces": {
				"up": {"uv": [3.65, 0.325, 3.725, 0.45], "rotation": 180, "texture": "#2"},
				"down": {"uv": [3.725, 0.325, 3.8, 0.45], "texture": "#2"}
			}
		},
		{
			"name": "leg5",
			"from": [3.5, 10.90355, 0.40355],
			"to": [6.5, 10.90355, 5.40355],
			"rotation": {"angle": -41, "axis": "x", "origin": [8, 10.85355, 2.85355]},
			"faces": {
				"up": {"uv": [4.85, 0.325, 4.925, 0.45], "rotation": 180, "texture": "#2"},
				"down": {"uv": [4.925, 0.325, 5, 0.45], "texture": "#2"}
			}
		},
		{
			"name": "leg6",
			"from": [9.5, 10.90355, 0.40355],
			"to": [12.5, 10.90355, 5.40355],
			"rotation": {"angle": -41, "axis": "x", "origin": [8, 10.85355, 2.85355]},
			"faces": {
				"up": {"uv": [4.85, 0.325, 4.925, 0.45], "rotation": 180, "texture": "#2"},
				"down": {"uv": [4.925, 0.325, 5, 0.45], "texture": "#2"}
			}
		},
		{
			"name": "leg6",
			"from": [3.5, 10.90355, 0.40355],
			"to": [6.5, 10.90355, 5.40355],
			"rotation": {"angle": -40, "axis": "x", "origin": [8, 10.85355, 2.85355]},
			"faces": {
				"up": {"uv": [6.05, 0.325, 6.125, 0.45], "rotation": 180, "texture": "#2"},
				"down": {"uv": [6.125, 0.325, 6.2, 0.45], "texture": "#2"}
			}
		},
		{
			"name": "leg7",
			"from": [9.5, 10.90355, 0.40355],
			"to": [12.5, 10.90355, 5.40355],
			"rotation": {"angle": -40, "axis": "x", "origin": [8, 10.85355, 2.85355]},
			"faces": {
				"up": {"uv": [6.05, 0.325, 6.125, 0.45], "rotation": 180, "texture": "#2"},
				"down": {"uv": [6.125, 0.325, 6.2, 0.45], "texture": "#2"}
			}
		},
		{
			"name": "leg7",
			"from": [3.5, 10.90355, 0.40355],
			"to": [6.5, 10.90355, 5.40355],
			"rotation": {"angle": -39, "axis": "x", "origin": [8, 10.85355, 2.85355]},
			"faces": {
				"up": {"uv": [7.25, 0.325, 7.325, 0.45], "rotation": 180, "texture": "#2"},
				"down": {"uv": [7.325, 0.325, 7.4, 0.45], "texture": "#2"}
			}
		},
		{
			"name": "leg8",
			"from": [9.5, 10.90355, 0.40355],
			"to": [12.5, 10.90355, 5.40355],
			"rotation": {"angle": -39, "axis": "x", "origin": [8, 10.85355, 2.85355]},
			"faces": {
				"up": {"uv": [7.25, 0.325, 7.325, 0.45], "rotation": 180, "texture": "#2"},
				"down": {"uv": [7.325, 0.325, 7.4, 0.45], "texture": "#2"}
			}
		},
		{
			"name": "leg8",
			"from": [3.5, 10.92855, 0.40355],
			"to": [6.5, 10.92855, 5.40355],
			"rotation": {"angle": -38, "axis": "x", "origin": [8, 10.85355, 2.85355]},
			"faces": {
				"up": {"uv": [8.45, 0.325, 8.525, 0.45], "rotation": 180, "texture": "#2"},
				"down": {"uv": [8.525, 0.325, 8.6, 0.45], "texture": "#2"}
			}
		},
		{
			"name": "leg9",
			"from": [9.5, 10.92855, 0.40355],
			"to": [12.5, 10.92855, 5.40355],
			"rotation": {"angle": -38, "axis": "x", "origin": [8, 10.85355, 2.85355]},
			"faces": {
				"up": {"uv": [8.45, 0.325, 8.525, 0.45], "rotation": 180, "texture": "#2"},
				"down": {"uv": [8.525, 0.325, 8.6, 0.45], "texture": "#2"}
			}
		},
		{
			"name": "leg9",
			"from": [3.5, 10.92855, 0.40355],
			"to": [6.5, 10.92855, 5.40355],
			"rotation": {"angle": -37, "axis": "x", "origin": [8, 10.85355, 2.85355]},
			"faces": {
				"up": {"uv": [9.65, 0.325, 9.725, 0.45], "rotation": 180, "texture": "#2"},
				"down": {"uv": [9.725, 0.325, 9.8, 0.45], "texture": "#2"}
			}
		},
		{
			"name": "leg10",
			"from": [9.5, 10.92855, 0.40355],
			"to": [12.5, 10.92855, 5.40355],
			"rotation": {"angle": -37, "axis": "x", "origin": [8, 10.85355, 2.85355]},
			"faces": {
				"up": {"uv": [9.65, 0.325, 9.725, 0.45], "rotation": 180, "texture": "#2"},
				"down": {"uv": [9.725, 0.325, 9.8, 0.45], "texture": "#2"}
			}
		},
		{
			"name": "leg10",
			"from": [3.5, 10.92855, 0.40355],
			"to": [6.5, 10.92855, 5.40355],
			"rotation": {"angle": -36, "axis": "x", "origin": [8, 10.85355, 2.85355]},
			"faces": {
				"up": {"uv": [10.85, 0.325, 10.925, 0.45], "rotation": 180, "texture": "#2"},
				"down": {"uv": [10.925, 0.325, 11, 0.45], "texture": "#2"}
			}
		},
		{
			"name": "leg11",
			"from": [9.5, 10.92855, 0.40355],
			"to": [12.5, 10.92855, 5.40355],
			"rotation": {"angle": -36, "axis": "x", "origin": [8, 10.85355, 2.85355]},
			"faces": {
				"up": {"uv": [10.85, 0.325, 10.925, 0.45], "rotation": 180, "texture": "#2"},
				"down": {"uv": [10.925, 0.325, 11, 0.45], "texture": "#2"}
			}
		},
		{
			"name": "leg11",
			"from": [3.5, 10.95355, 0.42855],
			"to": [6.5, 10.95355, 5.42855],
			"rotation": {"angle": -35, "axis": "x", "origin": [8, 10.85355, 2.85355]},
			"faces": {
				"up": {"uv": [12.05, 0.325, 12.125, 0.45], "rotation": 180, "texture": "#2"},
				"down": {"uv": [12.125, 0.325, 12.2, 0.45], "texture": "#2"}
			}
		},
		{
			"name": "leg12",
			"from": [9.5, 10.95355, 0.42855],
			"to": [12.5, 10.95355, 5.42855],
			"rotation": {"angle": -35, "axis": "x", "origin": [8, 10.85355, 2.85355]},
			"faces": {
				"up": {"uv": [12.05, 0.325, 12.125, 0.45], "rotation": 180, "texture": "#2"},
				"down": {"uv": [12.125, 0.325, 12.2, 0.45], "texture": "#2"}
			}
		},
		{
			"name": "leg12",
			"from": [3.5, 10.95355, 0.45355],
			"to": [6.5, 10.95355, 5.45355],
			"rotation": {"angle": -34, "axis": "x", "origin": [8, 10.85355, 2.85355]},
			"faces": {
				"up": {"uv": [13.25, 0.325, 13.325, 0.45], "rotation": 180, "texture": "#2"},
				"down": {"uv": [13.325, 0.325, 13.4, 0.45], "texture": "#2"}
			}
		},
		{
			"name": "leg13",
			"from": [9.5, 10.95355, 0.45355],
			"to": [12.5, 10.95355, 5.45355],
			"rotation": {"angle": -34, "axis": "x", "origin": [8, 10.85355, 2.85355]},
			"faces": {
				"up": {"uv": [13.25, 0.325, 13.325, 0.45], "rotation": 180, "texture": "#2"},
				"down": {"uv": [13.325, 0.325, 13.4, 0.45], "texture": "#2"}
			}
		},
		{
			"name": "leg13",
			"from": [3.5, 10.95355, 0.47855],
			"to": [6.5, 10.95355, 5.47855],
			"rotation": {"angle": -33, "axis": "x", "origin": [8, 10.85355, 2.85355]},
			"faces": {
				"up": {"uv": [14.45, 0.325, 14.525, 0.45], "rotation": 180, "texture": "#2"},
				"down": {"uv": [14.525, 0.325, 14.6, 0.45], "texture": "#2"}
			}
		},
		{
			"name": "leg14",
			"from": [9.5, 10.95355, 0.47855],
			"to": [12.5, 10.95355, 5.47855],
			"rotation": {"angle": -33, "axis": "x", "origin": [8, 10.85355, 2.85355]},
			"faces": {
				"up": {"uv": [14.45, 0.325, 14.525, 0.45], "rotation": 180, "texture": "#2"},
				"down": {"uv": [14.525, 0.325, 14.6, 0.45], "texture": "#2"}
			}
		},
		{
			"name": "leg14",
			"from": [3.5, 10.97855, 0.50355],
			"to": [6.5, 10.97855, 5.50355],
			"rotation": {"angle": -32, "axis": "x", "origin": [8, 10.85355, 2.85355]},
			"faces": {
				"up": {"uv": [14.45, 1.925, 14.525, 2.05], "rotation": 180, "texture": "#2"},
				"down": {"uv": [14.525, 1.925, 14.6, 2.05], "texture": "#2"}
			}
		},
		{
			"name": "leg15",
			"from": [9.5, 10.97855, 0.50355],
			"to": [12.5, 10.97855, 5.50355],
			"rotation": {"angle": -32, "axis": "x", "origin": [8, 10.85355, 2.85355]},
			"faces": {
				"up": {"uv": [14.45, 1.925, 14.525, 2.05], "rotation": 180, "texture": "#2"},
				"down": {"uv": [14.525, 1.925, 14.6, 2.05], "texture": "#2"}
			}
		},
		{
			"name": "leg15",
			"from": [3.5, 10.97855, 0.52855],
			"to": [6.5, 10.97855, 5.52855],
			"rotation": {"angle": -31, "axis": "x", "origin": [8, 10.85355, 2.85355]},
			"faces": {
				"up": {"uv": [13.25, 1.925, 13.325, 2.05], "rotation": 180, "texture": "#2"},
				"down": {"uv": [13.325, 1.925, 13.4, 2.05], "texture": "#2"}
			}
		},
		{
			"name": "leg16",
			"from": [9.5, 10.97855, 0.52855],
			"to": [12.5, 10.97855, 5.52855],
			"rotation": {"angle": -31, "axis": "x", "origin": [8, 10.85355, 2.85355]},
			"faces": {
				"up": {"uv": [13.25, 1.925, 13.325, 2.05], "rotation": 180, "texture": "#2"},
				"down": {"uv": [13.325, 1.925, 13.4, 2.05], "texture": "#2"}
			}
		},
		{
			"name": "leg16",
			"from": [3.5, 10.97855, 0.55355],
			"to": [6.5, 10.97855, 5.55355],
			"rotation": {"angle": -30, "axis": "x", "origin": [8, 10.85355, 2.85355]},
			"faces": {
				"up": {"uv": [12.05, 1.925, 12.125, 2.05], "rotation": 180, "texture": "#2"},
				"down": {"uv": [12.125, 1.925, 12.2, 2.05], "texture": "#2"}
			}
		},
		{
			"name": "leg17",
			"from": [9.5, 10.97855, 0.55355],
			"to": [12.5, 10.97855, 5.55355],
			"rotation": {"angle": -30, "axis": "x", "origin": [8, 10.85355, 2.85355]},
			"faces": {
				"up": {"uv": [12.05, 1.925, 12.125, 2.05], "rotation": 180, "texture": "#2"},
				"down": {"uv": [12.125, 1.925, 12.2, 2.05], "texture": "#2"}
			}
		},
		{
			"name": "leg17",
			"from": [3.5, 10.97855, 0.57855],
			"to": [6.5, 10.97855, 5.57855],
			"rotation": {"angle": -29, "axis": "x", "origin": [8, 10.85355, 2.85355]},
			"faces": {
				"up": {"uv": [10.85, 1.925, 10.925, 2.05], "rotation": 180, "texture": "#2"},
				"down": {"uv": [10.925, 1.925, 11, 2.05], "texture": "#2"}
			}
		},
		{
			"name": "leg18",
			"from": [9.5, 10.97855, 0.57855],
			"to": [12.5, 10.97855, 5.57855],
			"rotation": {"angle": -29, "axis": "x", "origin": [8, 10.85355, 2.85355]},
			"faces": {
				"up": {"uv": [10.85, 1.925, 10.925, 2.05], "rotation": 180, "texture": "#2"},
				"down": {"uv": [10.925, 1.925, 11, 2.05], "texture": "#2"}
			}
		},
		{
			"name": "leg18",
			"from": [3.5, 10.97855, 0.60355],
			"to": [6.5, 10.97855, 5.60355],
			"rotation": {"angle": -28, "axis": "x", "origin": [8, 10.85355, 2.85355]},
			"faces": {
				"up": {"uv": [9.65, 1.925, 9.725, 2.05], "rotation": 180, "texture": "#2"},
				"down": {"uv": [9.725, 1.925, 9.8, 2.05], "texture": "#2"}
			}
		},
		{
			"name": "leg19",
			"from": [9.5, 10.97855, 0.60355],
			"to": [12.5, 10.97855, 5.60355],
			"rotation": {"angle": -28, "axis": "x", "origin": [8, 10.85355, 2.85355]},
			"faces": {
				"up": {"uv": [9.65, 1.925, 9.725, 2.05], "rotation": 180, "texture": "#2"},
				"down": {"uv": [9.725, 1.925, 9.8, 2.05], "texture": "#2"}
			}
		}
	],
	"display": {
		"thirdperson_righthand": {
			"rotation": [90, 0, 0],
			"translation": [0, 2.5, 0.75],
			"scale": [0.5, 0.5, 0.5]
		},
		"thirdperson_lefthand": {
			"rotation": [90, 0, 0],
			"translation": [0, 2.5, 0.75],
			"scale": [0.5, 0.5, 0.5]
		},
		"firstperson_righthand": {
			"rotation": [0, 129, 0],
			"translation": [0.25, 3.5, 1],
			"scale": [0.5, 0.5, 0.5]
		},
		"firstperson_lefthand": {
			"rotation": [0, 129, 0],
			"translation": [0.25, 3.5, 1],
			"scale": [0.5, 0.5, 0.5]
		},
		"ground": {
			"translation": [0, 3.25, 0],
			"scale": [0.6, 0.6, 0.6]
		},
		"gui": {
			"rotation": [30, 135, 0],
			"translation": [0, 0.5, 0],
			"scale": [0.75, 0.75, 0.75]
		},
		"head": {
			"translation": [0, 12.5, 0],
			"scale": [0.75, 0.75, 0.75]
		},
		"fixed": {
			"translation": [0, -0.75, 0.25]
		}
	},
	"groups": [
		{
			"name": "bucket",
			"origin": [5, 2, 4],
			"color": 0,
			"children": [0, 1, 2, 3, 4]
		},
		5,
		{
			"name": "tail",
			"origin": [0, 6, 5],
			"color": 0,
			"children": [
				{
					"name": "head1",
					"origin": [-4, 6, -6],
					"color": 0,
					"children": [
						{
							"name": "right_gills",
							"origin": [-4, 6, -6],
							"color": 0,
							"children": [6]
						},
						{
							"name": "head",
							"origin": [0, 6, -5],
							"color": 0,
							"children": [7]
						},
						{
							"name": "top_gills",
							"origin": [0, 9, -6],
							"color": 0,
							"children": [8]
						},
						{
							"name": "left_gills",
							"origin": [4, 6, -6],
							"color": 0,
							"children": [9]
						}
					]
				},
				{
					"name": "head1",
					"origin": [-4, 6, -6],
					"color": 0,
					"children": [
						{
							"name": "right_gills",
							"origin": [-4, 6, -6],
							"color": 0,
							"children": [10]
						},
						{
							"name": "head",
							"origin": [0, 6, -5],
							"color": 0,
							"children": [11]
						},
						{
							"name": "top_gills",
							"origin": [0, 9, -6],
							"color": 0,
							"children": [12]
						},
						{
							"name": "left_gills",
							"origin": [4, 6, -6],
							"color": 0,
							"children": [13]
						}
					]
				},
				{
					"name": "head1",
					"origin": [-4, 6, -6],
					"color": 0,
					"children": [
						{
							"name": "right_gills",
							"origin": [-4, 6, -6],
							"color": 0,
							"children": [14]
						},
						{
							"name": "head",
							"origin": [0, 6, -5],
							"color": 0,
							"children": [15]
						},
						{
							"name": "top_gills",
							"origin": [0, 9, -6],
							"color": 0,
							"children": [16]
						},
						{
							"name": "left_gills",
							"origin": [4, 6, -6],
							"color": 0,
							"children": [17]
						}
					]
				},
				{
					"name": "head1",
					"origin": [-4, 6, -6],
					"color": 0,
					"children": [
						{
							"name": "right_gills",
							"origin": [-4, 6, -6],
							"color": 0,
							"children": [18]
						},
						{
							"name": "head",
							"origin": [0, 6, -5],
							"color": 0,
							"children": [19]
						},
						{
							"name": "top_gills",
							"origin": [0, 9, -6],
							"color": 0,
							"children": [20]
						},
						{
							"name": "left_gills",
							"origin": [4, 6, -6],
							"color": 0,
							"children": [21]
						}
					]
				},
				{
					"name": "head1",
					"origin": [-4, 6, -6],
					"color": 0,
					"children": [
						{
							"name": "right_gills",
							"origin": [-4, 6, -6],
							"color": 0,
							"children": [22]
						},
						{
							"name": "head",
							"origin": [0, 6, -5],
							"color": 0,
							"children": [23]
						},
						{
							"name": "top_gills",
							"origin": [0, 9, -6],
							"color": 0,
							"children": [24]
						},
						{
							"name": "left_gills",
							"origin": [4, 6, -6],
							"color": 0,
							"children": [25]
						}
					]
				},
				{
					"name": "head1",
					"origin": [-4, 6, -6],
					"color": 0,
					"children": [
						{
							"name": "right_gills",
							"origin": [-4, 6, -6],
							"color": 0,
							"children": [26]
						},
						{
							"name": "head",
							"origin": [0, 6, -5],
							"color": 0,
							"children": [27]
						},
						{
							"name": "top_gills",
							"origin": [0, 9, -6],
							"color": 0,
							"children": [28]
						},
						{
							"name": "left_gills",
							"origin": [4, 6, -6],
							"color": 0,
							"children": [29]
						}
					]
				},
				{
					"name": "head1",
					"origin": [-4, 6, -6],
					"color": 0,
					"children": [
						{
							"name": "right_gills",
							"origin": [-4, 6, -6],
							"color": 0,
							"children": [30]
						},
						{
							"name": "head",
							"origin": [0, 6, -5],
							"color": 0,
							"children": [31]
						},
						{
							"name": "top_gills",
							"origin": [0, 9, -6],
							"color": 0,
							"children": [32]
						},
						{
							"name": "left_gills",
							"origin": [4, 6, -6],
							"color": 0,
							"children": [33]
						}
					]
				},
				{
					"name": "head1",
					"origin": [-4, 6, -6],
					"color": 0,
					"children": [
						{
							"name": "right_gills",
							"origin": [-4, 6, -6],
							"color": 0,
							"children": [34]
						},
						{
							"name": "head",
							"origin": [0, 6, -5],
							"color": 0,
							"children": [35]
						},
						{
							"name": "top_gills",
							"origin": [0, 9, -6],
							"color": 0,
							"children": [36]
						},
						{
							"name": "left_gills",
							"origin": [4, 6, -6],
							"color": 0,
							"children": [37]
						}
					]
				},
				{
					"name": "head1",
					"origin": [-4, 6, -6],
					"color": 0,
					"children": [
						{
							"name": "right_gills",
							"origin": [-4, 6, -6],
							"color": 0,
							"children": [38]
						},
						{
							"name": "head",
							"origin": [0, 6, -5],
							"color": 0,
							"children": [39]
						},
						{
							"name": "top_gills",
							"origin": [0, 9, -6],
							"color": 0,
							"children": [40]
						},
						{
							"name": "left_gills",
							"origin": [4, 6, -6],
							"color": 0,
							"children": [41]
						}
					]
				},
				{
					"name": "head1",
					"origin": [-4, 6, -6],
					"color": 0,
					"children": [
						{
							"name": "right_gills",
							"origin": [-4, 6, -6],
							"color": 0,
							"children": [42]
						},
						{
							"name": "head",
							"origin": [0, 6, -5],
							"color": 0,
							"children": [43]
						},
						{
							"name": "top_gills",
							"origin": [0, 9, -6],
							"color": 0,
							"children": [44]
						},
						{
							"name": "left_gills",
							"origin": [4, 6, -6],
							"color": 0,
							"children": [45]
						}
					]
				},
				{
					"name": "head1",
					"origin": [-4, 6, -6],
					"color": 0,
					"children": [
						{
							"name": "right_gills",
							"origin": [-4, 6, -6],
							"color": 0,
							"children": [46]
						},
						{
							"name": "head",
							"origin": [0, 6, -5],
							"color": 0,
							"children": [47]
						},
						{
							"name": "top_gills",
							"origin": [0, 9, -6],
							"color": 0,
							"children": [48]
						},
						{
							"name": "left_gills",
							"origin": [4, 6, -6],
							"color": 0,
							"children": [49]
						}
					]
				},
				{
					"name": "head1",
					"origin": [-4, 6, -6],
					"color": 0,
					"children": [
						{
							"name": "right_gills",
							"origin": [-4, 6, -6],
							"color": 0,
							"children": [50]
						},
						{
							"name": "head",
							"origin": [0, 6, -5],
							"color": 0,
							"children": [51]
						},
						{
							"name": "top_gills",
							"origin": [0, 9, -6],
							"color": 0,
							"children": [52]
						},
						{
							"name": "left_gills",
							"origin": [4, 6, -6],
							"color": 0,
							"children": [53]
						}
					]
				},
				{
					"name": "head1",
					"origin": [-4, 6, -6],
					"color": 0,
					"children": [
						{
							"name": "right_gills",
							"origin": [-4, 6, -6],
							"color": 0,
							"children": [54]
						},
						{
							"name": "head",
							"origin": [0, 6, -5],
							"color": 0,
							"children": [55]
						},
						{
							"name": "top_gills",
							"origin": [0, 9, -6],
							"color": 0,
							"children": [56]
						},
						{
							"name": "left_gills",
							"origin": [4, 6, -6],
							"color": 0,
							"children": [57]
						}
					]
				},
				{
					"name": "head1",
					"origin": [-4, 6, -6],
					"color": 0,
					"children": [
						{
							"name": "right_gills",
							"origin": [-4, 6, -6],
							"color": 0,
							"children": [58]
						},
						{
							"name": "head",
							"origin": [0, 6, -5],
							"color": 0,
							"children": [59]
						},
						{
							"name": "top_gills",
							"origin": [0, 9, -6],
							"color": 0,
							"children": [60]
						},
						{
							"name": "left_gills",
							"origin": [4, 6, -6],
							"color": 0,
							"children": [61]
						}
					]
				},
				{
					"name": "head1",
					"origin": [-4, 6, -6],
					"color": 0,
					"children": [
						{
							"name": "right_gills",
							"origin": [-4, 6, -6],
							"color": 0,
							"children": [62]
						},
						{
							"name": "head",
							"origin": [0, 6, -5],
							"color": 0,
							"children": [63]
						},
						{
							"name": "top_gills",
							"origin": [0, 9, -6],
							"color": 0,
							"children": [64]
						},
						{
							"name": "left_gills",
							"origin": [4, 6, -6],
							"color": 0,
							"children": [65]
						}
					]
				},
				{
					"name": "head1",
					"origin": [-4, 6, -6],
					"color": 0,
					"children": [
						{
							"name": "right_gills",
							"origin": [-4, 6, -6],
							"color": 0,
							"children": [66]
						},
						{
							"name": "head",
							"origin": [0, 6, -5],
							"color": 0,
							"children": [67]
						},
						{
							"name": "top_gills",
							"origin": [0, 9, -6],
							"color": 0,
							"children": [68]
						},
						{
							"name": "left_gills",
							"origin": [4, 6, -6],
							"color": 0,
							"children": [69]
						}
					]
				},
				{
					"name": "head1",
					"origin": [-4, 6, -6],
					"color": 0,
					"children": [
						{
							"name": "right_gills",
							"origin": [-4, 6, -6],
							"color": 0,
							"children": [70]
						},
						{
							"name": "head",
							"origin": [0, 6, -5],
							"color": 0,
							"children": [71]
						},
						{
							"name": "top_gills",
							"origin": [0, 9, -6],
							"color": 0,
							"children": [72]
						},
						{
							"name": "left_gills",
							"origin": [4, 6, -6],
							"color": 0,
							"children": [73]
						}
					]
				},
				{
					"name": "head1",
					"origin": [-4, 6, -6],
					"color": 0,
					"children": [
						{
							"name": "right_gills",
							"origin": [-4, 6, -6],
							"color": 0,
							"children": [74]
						},
						{
							"name": "head",
							"origin": [0, 6, -5],
							"color": 0,
							"children": [75]
						},
						{
							"name": "top_gills",
							"origin": [0, 9, -6],
							"color": 0,
							"children": [76]
						},
						{
							"name": "left_gills",
							"origin": [4, 6, -6],
							"color": 0,
							"children": [77]
						}
					]
				},
				{
					"name": "head1",
					"origin": [-4, 6, -6],
					"color": 0,
					"children": [
						{
							"name": "right_gills",
							"origin": [-4, 6, -6],
							"color": 0,
							"children": [78]
						},
						{
							"name": "head",
							"origin": [0, 6, -5],
							"color": 0,
							"children": [79]
						},
						{
							"name": "top_gills",
							"origin": [0, 9, -6],
							"color": 0,
							"children": [80]
						},
						{
							"name": "left_gills",
							"origin": [4, 6, -6],
							"color": 0,
							"children": [81]
						}
					]
				},
				{
					"name": "body",
					"origin": [0, 6, 4],
					"color": 0,
					"children": [82, 83]
				},
				{
					"name": "body",
					"origin": [0, 6, 4],
					"color": 0,
					"children": [84, 85]
				},
				{
					"name": "body",
					"origin": [0, 6, 4],
					"color": 0,
					"children": [86, 87]
				},
				{
					"name": "body",
					"origin": [0, 6, 4],
					"color": 0,
					"children": [88, 89]
				},
				{
					"name": "body",
					"origin": [0, 6, 4],
					"color": 0,
					"children": [90, 91]
				},
				{
					"name": "body",
					"origin": [0, 6, 4],
					"color": 0,
					"children": [92, 93]
				},
				{
					"name": "body",
					"origin": [0, 6, 4],
					"color": 0,
					"children": [94, 95]
				},
				{
					"name": "body",
					"origin": [0, 6, 4],
					"color": 0,
					"children": [96, 97]
				},
				{
					"name": "body",
					"origin": [0, 6, 4],
					"color": 0,
					"children": [98, 99]
				},
				{
					"name": "body",
					"origin": [0, 6, 4],
					"color": 0,
					"children": [100, 101]
				},
				{
					"name": "body",
					"origin": [0, 6, 4],
					"color": 0,
					"children": [102, 103]
				},
				{
					"name": "body",
					"origin": [0, 6, 4],
					"color": 0,
					"children": [104, 105]
				},
				{
					"name": "body",
					"origin": [0, 6, 4],
					"color": 0,
					"children": [106, 107]
				},
				{
					"name": "body",
					"origin": [0, 6, 4],
					"color": 0,
					"children": [108, 109]
				},
				{
					"name": "body",
					"origin": [0, 6, 4],
					"color": 0,
					"children": [110, 111]
				},
				{
					"name": "body",
					"origin": [0, 6, 4],
					"color": 0,
					"children": [112, 113]
				},
				{
					"name": "body",
					"origin": [0, 6, 4],
					"color": 0,
					"children": [114, 115]
				},
				{
					"name": "body",
					"origin": [0, 6, 4],
					"color": 0,
					"children": [116, 117]
				},
				{
					"name": "body",
					"origin": [0, 6, 4],
					"color": 0,
					"children": [118, 119]
				},
				{
					"name": "legs",
					"origin": [-3.5, 5, -4],
					"color": 0,
					"children": [120, 121]
				},
				{
					"name": "legs",
					"origin": [-3.5, 5, -4],
					"color": 0,
					"children": [122, 123]
				},
				{
					"name": "legs",
					"origin": [-3.5, 5, -4],
					"color": 0,
					"children": [124, 125]
				},
				{
					"name": "legs",
					"origin": [-3.5, 5, -4],
					"color": 0,
					"children": [126, 127]
				},
				{
					"name": "legs",
					"origin": [-3.5, 5, -4],
					"color": 0,
					"children": [128, 129]
				},
				{
					"name": "legs",
					"origin": [-3.5, 5, -4],
					"color": 0,
					"children": [130, 131]
				},
				{
					"name": "legs",
					"origin": [-3.5, 5, -4],
					"color": 0,
					"children": [132, 133]
				},
				{
					"name": "legs",
					"origin": [-3.5, 5, -4],
					"color": 0,
					"children": [134, 135]
				},
				{
					"name": "legs",
					"origin": [-3.5, 5, -4],
					"color": 0,
					"children": [136, 137]
				},
				{
					"name": "legs",
					"origin": [-3.5, 5, -4],
					"color": 0,
					"children": [138, 139]
				},
				{
					"name": "legs",
					"origin": [-3.5, 5, -4],
					"color": 0,
					"children": [140, 141]
				},
				{
					"name": "legs",
					"origin": [-3.5, 5, -4],
					"color": 0,
					"children": [142, 143]
				},
				{
					"name": "legs",
					"origin": [-3.5, 5, -4],
					"color": 0,
					"children": [144, 145]
				},
				{
					"name": "legs",
					"origin": [-3.5, 5, -4],
					"color": 0,
					"children": [146, 147]
				},
				{
					"name": "legs",
					"origin": [-3.5, 5, -4],
					"color": 0,
					"children": [148, 149]
				},
				{
					"name": "legs",
					"origin": [-3.5, 5, -4],
					"color": 0,
					"children": [150, 151]
				},
				{
					"name": "legs",
					"origin": [-3.5, 5, -4],
					"color": 0,
					"children": [152, 153]
				},
				{
					"name": "legs",
					"origin": [-3.5, 5, -4],
					"color": 0,
					"children": [154, 155]
				},
				{
					"name": "legs",
					"origin": [-3.5, 5, -4],
					"color": 0,
					"children": [156, 157]
				}
			]
		}
	]
}