{
	"format_version": "1.21.6",
	"credit": "cyberia was here",
	"texture_size": [64, 64],
	"textures": {
		"0": "item/bucket_3d",
		"1": "item/water_bucket_3d",
		"2": "item/cod_bucket_3d",
		"particle": "item/bucket_3d"
	},
	"elements": [
		{
			"name": "bottom",
			"from": [4, 0, 4],
			"to": [12, 2, 12],
			"rotation": {"angle": 0, "axis": "y", "origin": [4, 0, 5]},
			"faces": {
				"north": {"uv": [2, 6, 4, 6.5], "texture": "#0"},
				"east": {"uv": [4, 6, 6, 6.5], "texture": "#0"},
				"south": {"uv": [6, 6, 8, 6.5], "texture": "#0"},
				"west": {"uv": [2, 6.5, 4, 7], "texture": "#0"},
				"up": {"uv": [6.5, 6, 4.5, 4], "texture": "#0"},
				"down": {"uv": [2, 6, 0, 8], "texture": "#0"}
			}
		},
		{
			"name": "side1",
			"from": [3, 2, 3],
			"to": [12, 11, 4],
			"rotation": {"angle": 0, "axis": "y", "origin": [4, 3, 4]},
			"faces": {
				"north": {"uv": [9.25, 0, 11.5, 2.25], "texture": "#0"},
				"east": {"uv": [4.25, 6.75, 4.5, 8.75], "texture": "#0"},
				"south": {"uv": [11.5, 0, 13.75, 2.25], "texture": "#0"},
				"west": {"uv": [4.5, 6.75, 4.75, 9], "texture": "#0"},
				"up": {"uv": [6.25, 6.75, 4, 6.5], "texture": "#0"},
				"down": {"uv": [8.75, 4, 6.5, 4.25], "texture": "#0"}
			}
		},
		{
			"name": "side2",
			"from": [12, 2, 3],
			"to": [13, 11, 12],
			"rotation": {"angle": 0, "axis": "y", "origin": [5, 3, 4]},
			"faces": {
				"north": {"uv": [4.75, 6.75, 5, 9], "texture": "#0"},
				"east": {"uv": [9.25, 0, 11.5, 2.25], "texture": "#0"},
				"south": {"uv": [5, 6.75, 5.25, 8.75], "texture": "#0"},
				"west": {"uv": [11.5, 0, 13.75, 2.25], "texture": "#0"},
				"up": {"uv": [6.5, 8.75, 6.25, 6.5], "texture": "#0"},
				"down": {"uv": [6.75, 6.5, 6.5, 8.75], "texture": "#0"}
			}
		},
		{
			"name": "side3",
			"from": [4, 2, 12],
			"to": [13, 11, 13],
			"rotation": {"angle": 0, "axis": "y", "origin": [5, 3, 13]},
			"faces": {
				"north": {"uv": [11.5, 0, 13.75, 2.25], "texture": "#0"},
				"east": {"uv": [5.25, 6.75, 5.5, 9], "texture": "#0"},
				"south": {"uv": [9.25, 0, 11.5, 2.25], "texture": "#0"},
				"west": {"uv": [5.5, 6.75, 5.75, 8.75], "texture": "#0"},
				"up": {"uv": [8.75, 4.5, 6.5, 4.25], "texture": "#0"},
				"down": {"uv": [8.75, 4.5, 6.5, 4.75], "texture": "#0"}
			}
		},
		{
			"name": "side4",
			"from": [3, 2, 4],
			"to": [4, 11, 13],
			"rotation": {"angle": 0, "axis": "y", "origin": [-4, 3, 5]},
			"faces": {
				"north": {"uv": [5.75, 6.75, 6, 8.75], "texture": "#0"},
				"east": {"uv": [11.5, 0, 13.75, 2.25], "texture": "#0"},
				"south": {"uv": [6, 6.75, 6.25, 9], "texture": "#0"},
				"west": {"uv": [9.25, 0, 11.5, 2.25], "texture": "#0"},
				"up": {"uv": [7, 2.25, 6.75, 0], "texture": "#0"},
				"down": {"uv": [4.25, 6.75, 4, 9], "texture": "#0"}
			}
		},
		{
			"from": [4, 3, 3.94264],
			"to": [12, 10, 11.94264],
			"rotation": {"angle": 0, "axis": "y", "origin": [10, 8, 8.54264]},
			"faces": {
				"north": {"uv": [4, 12, 12, 4], "texture": "#1", "tintindex": 0},
				"east": {"uv": [4, 12, 12, 4], "texture": "#1", "tintindex": 0},
				"south": {"uv": [4, 12, 12, 4], "texture": "#1"},
				"west": {"uv": [4, 12, 12, 4], "texture": "#1", "tintindex": 0},
				"up": {"uv": [4, 4, 12, 12], "texture": "#1", "tintindex": 0},
				"down": {"uv": [4, 4, 12, 12], "texture": "#1", "tintindex": 0}
			}
		},
		{
			"name": "body",
			"from": [6.76, 7.67587, 4.59409],
			"to": [9.24, 16.40587, 9.57409],
			"rotation": {"angle": -45, "axis": "x", "origin": [8, 12.09448, 8.64659]},
			"faces": {
				"north": {"uv": [0.55, 3.1, 0.45, 3.45], "rotation": 180, "texture": "#2"},
				"east": {"uv": [0, 3.45, 0.35, 3.65], "rotation": 270, "texture": "#2"},
				"south": {"uv": [0.45, 3.45, 0.35, 3.1], "texture": "#2"},
				"west": {"uv": [0.45, 3.45, 0.8, 3.65], "rotation": 90, "texture": "#2"},
				"up": {"uv": [0.35, 3.45, 0.45, 3.65], "rotation": 180, "texture": "#2"},
				"down": {"uv": [0.8, 3.45, 0.9, 3.65], "texture": "#2"}
			}
		},
		{
			"name": "fin_back",
			"from": [8, 8.3981, 9.58409],
			"to": [8, 15.8981, 10.83409],
			"rotation": {"angle": -45, "axis": "x", "origin": [8, 12.09448, 8.64659]},
			"faces": {
				"north": {"uv": [0, 0, 0, 0], "texture": "#2"},
				"east": {"uv": [1, 3.1, 1.3, 3.15], "rotation": 270, "texture": "#2"},
				"south": {"uv": [0, 0, 0, 0], "texture": "#2"},
				"west": {"uv": [1.3, 3.1, 1.6, 3.15], "rotation": 90, "texture": "#2"},
				"up": {"uv": [0, 0, 0, 0], "texture": "#2"},
				"down": {"uv": [0, 0, 0, 0], "texture": "#2"}
			}
		},
		{
			"name": "body",
			"from": [6.76, 7.67587, 4.59409],
			"to": [9.24, 16.40587, 9.57409],
			"rotation": {"angle": -45, "axis": "x", "origin": [8, 12.09448, 8.64659]},
			"faces": {
				"north": {"uv": [0.55, 0, 0.45, 0.35], "rotation": 180, "texture": "#2"},
				"east": {"uv": [0, 0.35, 0.35, 0.55], "rotation": 270, "texture": "#2"},
				"south": {"uv": [0.45, 0.35, 0.35, 0], "texture": "#2"},
				"west": {"uv": [0.45, 0.35, 0.8, 0.55], "rotation": 90, "texture": "#2"},
				"up": {"uv": [0.35, 0.35, 0.45, 0.55], "rotation": 180, "texture": "#2"},
				"down": {"uv": [0.8, 0.35, 0.9, 0.55], "texture": "#2"}
			}
		},
		{
			"name": "fin_back",
			"from": [8, 8.3981, 9.58409],
			"to": [8, 15.8981, 10.83409],
			"rotation": {"angle": -45, "axis": "x", "origin": [8, 12.09448, 8.64659]},
			"faces": {
				"north": {"uv": [0, 0, 0, 0], "texture": "#2"},
				"east": {"uv": [1, 0, 1.3, 0.05], "rotation": 270, "texture": "#2"},
				"south": {"uv": [0, 0, 0, 0], "texture": "#2"},
				"west": {"uv": [1.3, 0, 1.6, 0.05], "rotation": 90, "texture": "#2"},
				"up": {"uv": [0, 0, 0, 0], "texture": "#2"},
				"down": {"uv": [0, 0, 0, 0], "texture": "#2"}
			}
		},
		{
			"name": "body",
			"from": [6.76, 7.62587, 4.59409],
			"to": [9.24, 16.35587, 9.57409],
			"rotation": {"angle": -45, "axis": "x", "origin": [8, 12.09448, 8.64659]},
			"faces": {
				"north": {"uv": [2.15, 0, 2.05, 0.35], "rotation": 180, "texture": "#2"},
				"east": {"uv": [1.6, 0.35, 1.95, 0.55], "rotation": 270, "texture": "#2"},
				"south": {"uv": [2.05, 0.35, 1.95, 0], "texture": "#2"},
				"west": {"uv": [2.05, 0.35, 2.4, 0.55], "rotation": 90, "texture": "#2"},
				"up": {"uv": [1.95, 0.35, 2.05, 0.55], "rotation": 180, "texture": "#2"},
				"down": {"uv": [2.4, 0.35, 2.5, 0.55], "texture": "#2"}
			}
		},
		{
			"name": "fin_back",
			"from": [8, 8.3481, 9.58409],
			"to": [8, 15.8481, 10.83409],
			"rotation": {"angle": -45, "axis": "x", "origin": [8, 12.09448, 8.64659]},
			"faces": {
				"north": {"uv": [0, 0, 0, 0], "texture": "#2"},
				"east": {"uv": [2.6, 0, 2.9, 0.05], "rotation": 270, "texture": "#2"},
				"south": {"uv": [0, 0, 0, 0], "texture": "#2"},
				"west": {"uv": [2.9, 0, 3.2, 0.05], "rotation": 90, "texture": "#2"},
				"up": {"uv": [0, 0, 0, 0], "texture": "#2"},
				"down": {"uv": [0, 0, 0, 0], "texture": "#2"}
			}
		},
		{
			"name": "body",
			"from": [6.76, 7.57587, 4.59409],
			"to": [9.24, 16.30587, 9.57409],
			"rotation": {"angle": -45, "axis": "x", "origin": [8, 12.09448, 8.64659]},
			"faces": {
				"north": {"uv": [3.75, 0, 3.65, 0.35], "rotation": 180, "texture": "#2"},
				"east": {"uv": [3.2, 0.35, 3.55, 0.55], "rotation": 270, "texture": "#2"},
				"south": {"uv": [3.65, 0.35, 3.55, 0], "texture": "#2"},
				"west": {"uv": [3.65, 0.35, 4, 0.55], "rotation": 90, "texture": "#2"},
				"up": {"uv": [3.55, 0.35, 3.65, 0.55], "rotation": 180, "texture": "#2"},
				"down": {"uv": [4, 0.35, 4.1, 0.55], "texture": "#2"}
			}
		},
		{
			"name": "fin_back",
			"from": [8, 8.2981, 9.58409],
			"to": [8, 15.7981, 10.83409],
			"rotation": {"angle": -45, "axis": "x", "origin": [8, 12.09448, 8.64659]},
			"faces": {
				"north": {"uv": [0, 0, 0, 0], "texture": "#2"},
				"east": {"uv": [4.2, 0, 4.5, 0.05], "rotation": 270, "texture": "#2"},
				"south": {"uv": [0, 0, 0, 0], "texture": "#2"},
				"west": {"uv": [4.5, 0, 4.8, 0.05], "rotation": 90, "texture": "#2"},
				"up": {"uv": [0, 0, 0, 0], "texture": "#2"},
				"down": {"uv": [0, 0, 0, 0], "texture": "#2"}
			}
		},
		{
			"name": "body",
			"from": [6.76, 7.52587, 4.59409],
			"to": [9.24, 16.25587, 9.57409],
			"rotation": {"angle": -45, "axis": "x", "origin": [8, 12.09448, 8.64659]},
			"faces": {
				"north": {"uv": [5.35, 0, 5.25, 0.35], "rotation": 180, "texture": "#2"},
				"east": {"uv": [4.8, 0.35, 5.15, 0.55], "rotation": 270, "texture": "#2"},
				"south": {"uv": [5.25, 0.35, 5.15, 0], "texture": "#2"},
				"west": {"uv": [5.25, 0.35, 5.6, 0.55], "rotation": 90, "texture": "#2"},
				"up": {"uv": [5.15, 0.35, 5.25, 0.55], "rotation": 180, "texture": "#2"},
				"down": {"uv": [5.6, 0.35, 5.7, 0.55], "texture": "#2"}
			}
		},
		{
			"name": "fin_back",
			"from": [8, 8.2481, 9.58409],
			"to": [8, 15.7481, 10.83409],
			"rotation": {"angle": -45, "axis": "x", "origin": [8, 12.09448, 8.64659]},
			"faces": {
				"north": {"uv": [0, 0, 0, 0], "texture": "#2"},
				"east": {"uv": [5.8, 0, 6.1, 0.05], "rotation": 270, "texture": "#2"},
				"south": {"uv": [0, 0, 0, 0], "texture": "#2"},
				"west": {"uv": [6.1, 0, 6.4, 0.05], "rotation": 90, "texture": "#2"},
				"up": {"uv": [0, 0, 0, 0], "texture": "#2"},
				"down": {"uv": [0, 0, 0, 0], "texture": "#2"}
			}
		},
		{
			"name": "body",
			"from": [6.76, 7.47587, 4.59409],
			"to": [9.24, 16.20587, 9.57409],
			"rotation": {"angle": -45, "axis": "x", "origin": [8, 12.09448, 8.64659]},
			"faces": {
				"north": {"uv": [6.95, 0, 6.85, 0.35], "rotation": 180, "texture": "#2"},
				"east": {"uv": [6.4, 0.35, 6.75, 0.55], "rotation": 270, "texture": "#2"},
				"south": {"uv": [6.85, 0.35, 6.75, 0], "texture": "#2"},
				"west": {"uv": [6.85, 0.35, 7.2, 0.55], "rotation": 90, "texture": "#2"},
				"up": {"uv": [6.75, 0.35, 6.85, 0.55], "rotation": 180, "texture": "#2"},
				"down": {"uv": [7.2, 0.35, 7.3, 0.55], "texture": "#2"}
			}
		},
		{
			"name": "fin_back",
			"from": [8, 8.1981, 9.58409],
			"to": [8, 15.6981, 10.83409],
			"rotation": {"angle": -45, "axis": "x", "origin": [8, 12.09448, 8.64659]},
			"faces": {
				"north": {"uv": [0, 0, 0, 0], "texture": "#2"},
				"east": {"uv": [7.4, 0, 7.7, 0.05], "rotation": 270, "texture": "#2"},
				"south": {"uv": [0, 0, 0, 0], "texture": "#2"},
				"west": {"uv": [7.7, 0, 8, 0.05], "rotation": 90, "texture": "#2"},
				"up": {"uv": [0, 0, 0, 0], "texture": "#2"},
				"down": {"uv": [0, 0, 0, 0], "texture": "#2"}
			}
		},
		{
			"name": "body",
			"from": [6.76, 7.37587, 4.59409],
			"to": [9.24, 16.10587, 9.57409],
			"rotation": {"angle": -45, "axis": "x", "origin": [8, 12.09448, 8.64659]},
			"faces": {
				"north": {"uv": [8.55, 0, 8.45, 0.35], "rotation": 180, "texture": "#2"},
				"east": {"uv": [8, 0.35, 8.35, 0.55], "rotation": 270, "texture": "#2"},
				"south": {"uv": [8.45, 0.35, 8.35, 0], "texture": "#2"},
				"west": {"uv": [8.45, 0.35, 8.8, 0.55], "rotation": 90, "texture": "#2"},
				"up": {"uv": [8.35, 0.35, 8.45, 0.55], "rotation": 180, "texture": "#2"},
				"down": {"uv": [8.8, 0.35, 8.9, 0.55], "texture": "#2"}
			}
		},
		{
			"name": "fin_back",
			"from": [8, 8.0981, 9.58409],
			"to": [8, 15.5981, 10.83409],
			"rotation": {"angle": -45, "axis": "x", "origin": [8, 12.09448, 8.64659]},
			"faces": {
				"north": {"uv": [0, 0, 0, 0], "texture": "#2"},
				"east": {"uv": [9, 0, 9.3, 0.05], "rotation": 270, "texture": "#2"},
				"south": {"uv": [0, 0, 0, 0], "texture": "#2"},
				"west": {"uv": [9.3, 0, 9.6, 0.05], "rotation": 90, "texture": "#2"},
				"up": {"uv": [0, 0, 0, 0], "texture": "#2"},
				"down": {"uv": [0, 0, 0, 0], "texture": "#2"}
			}
		},
		{
			"name": "body",
			"from": [6.76, 7.27587, 4.59409],
			"to": [9.24, 16.00587, 9.57409],
			"rotation": {"angle": -45, "axis": "x", "origin": [8, 12.09448, 8.64659]},
			"faces": {
				"north": {"uv": [10.15, 0, 10.05, 0.35], "rotation": 180, "texture": "#2"},
				"east": {"uv": [9.6, 0.35, 9.95, 0.55], "rotation": 270, "texture": "#2"},
				"south": {"uv": [10.05, 0.35, 9.95, 0], "texture": "#2"},
				"west": {"uv": [10.05, 0.35, 10.4, 0.55], "rotation": 90, "texture": "#2"},
				"up": {"uv": [9.95, 0.35, 10.05, 0.55], "rotation": 180, "texture": "#2"},
				"down": {"uv": [10.4, 0.35, 10.5, 0.55], "texture": "#2"}
			}
		},
		{
			"name": "fin_back",
			"from": [8, 7.9981, 9.58409],
			"to": [8, 15.4981, 10.83409],
			"rotation": {"angle": -45, "axis": "x", "origin": [8, 12.09448, 8.64659]},
			"faces": {
				"north": {"uv": [0, 0, 0, 0], "texture": "#2"},
				"east": {"uv": [10.6, 0, 10.9, 0.05], "rotation": 270, "texture": "#2"},
				"south": {"uv": [0, 0, 0, 0], "texture": "#2"},
				"west": {"uv": [10.9, 0, 11.2, 0.05], "rotation": 90, "texture": "#2"},
				"up": {"uv": [0, 0, 0, 0], "texture": "#2"},
				"down": {"uv": [0, 0, 0, 0], "texture": "#2"}
			}
		},
		{
			"name": "body",
			"from": [6.76, 7.17587, 4.59409],
			"to": [9.24, 15.90587, 9.57409],
			"rotation": {"angle": -45, "axis": "x", "origin": [8, 12.09448, 8.64659]},
			"faces": {
				"north": {"uv": [11.75, 0, 11.65, 0.35], "rotation": 180, "texture": "#2"},
				"east": {"uv": [11.2, 0.35, 11.55, 0.55], "rotation": 270, "texture": "#2"},
				"south": {"uv": [11.65, 0.35, 11.55, 0], "texture": "#2"},
				"west": {"uv": [11.65, 0.35, 12, 0.55], "rotation": 90, "texture": "#2"},
				"up": {"uv": [11.55, 0.35, 11.65, 0.55], "rotation": 180, "texture": "#2"},
				"down": {"uv": [12, 0.35, 12.1, 0.55], "texture": "#2"}
			}
		},
		{
			"name": "fin_back",
			"from": [8, 7.8981, 9.58409],
			"to": [8, 15.3981, 10.83409],
			"rotation": {"angle": -45, "axis": "x", "origin": [8, 12.09448, 8.64659]},
			"faces": {
				"north": {"uv": [0, 0, 0, 0], "texture": "#2"},
				"east": {"uv": [12.2, 0, 12.5, 0.05], "rotation": 270, "texture": "#2"},
				"south": {"uv": [0, 0, 0, 0], "texture": "#2"},
				"west": {"uv": [12.5, 0, 12.8, 0.05], "rotation": 90, "texture": "#2"},
				"up": {"uv": [0, 0, 0, 0], "texture": "#2"},
				"down": {"uv": [0, 0, 0, 0], "texture": "#2"}
			}
		},
		{
			"name": "body",
			"from": [6.76, 7.07587, 4.59409],
			"to": [9.24, 15.80587, 9.57409],
			"rotation": {"angle": -45, "axis": "x", "origin": [8, 12.09448, 8.64659]},
			"faces": {
				"north": {"uv": [13.35, 0, 13.25, 0.35], "rotation": 180, "texture": "#2"},
				"east": {"uv": [12.8, 0.35, 13.15, 0.55], "rotation": 270, "texture": "#2"},
				"south": {"uv": [13.25, 0.35, 13.15, 0], "texture": "#2"},
				"west": {"uv": [13.25, 0.35, 13.6, 0.55], "rotation": 90, "texture": "#2"},
				"up": {"uv": [13.15, 0.35, 13.25, 0.55], "rotation": 180, "texture": "#2"},
				"down": {"uv": [13.6, 0.35, 13.7, 0.55], "texture": "#2"}
			}
		},
		{
			"name": "fin_back",
			"from": [8, 7.7981, 9.58409],
			"to": [8, 15.2981, 10.83409],
			"rotation": {"angle": -45, "axis": "x", "origin": [8, 12.09448, 8.64659]},
			"faces": {
				"north": {"uv": [0, 0, 0, 0], "texture": "#2"},
				"east": {"uv": [13.8, 0, 14.1, 0.05], "rotation": 270, "texture": "#2"},
				"south": {"uv": [0, 0, 0, 0], "texture": "#2"},
				"west": {"uv": [14.1, 0, 14.4, 0.05], "rotation": 90, "texture": "#2"},
				"up": {"uv": [0, 0, 0, 0], "texture": "#2"},
				"down": {"uv": [0, 0, 0, 0], "texture": "#2"}
			}
		},
		{
			"name": "body",
			"from": [6.76, 6.97587, 4.59409],
			"to": [9.24, 15.70587, 9.57409],
			"rotation": {"angle": -44, "axis": "x", "origin": [8, 12.09448, 8.64659]},
			"faces": {
				"north": {"uv": [14.95, 0, 14.85, 0.35], "rotation": 180, "texture": "#2"},
				"east": {"uv": [14.4, 0.35, 14.75, 0.55], "rotation": 270, "texture": "#2"},
				"south": {"uv": [14.85, 0.35, 14.75, 0], "texture": "#2"},
				"west": {"uv": [14.85, 0.35, 15.2, 0.55], "rotation": 90, "texture": "#2"},
				"up": {"uv": [14.75, 0.35, 14.85, 0.55], "rotation": 180, "texture": "#2"},
				"down": {"uv": [15.2, 0.35, 15.3, 0.55], "texture": "#2"}
			}
		},
		{
			"name": "fin_back",
			"from": [8, 7.6981, 9.58409],
			"to": [8, 15.1981, 10.83409],
			"rotation": {"angle": -44, "axis": "x", "origin": [8, 12.09448, 8.64659]},
			"faces": {
				"north": {"uv": [0, 0, 0, 0], "texture": "#2"},
				"east": {"uv": [15.4, 0, 15.7, 0.05], "rotation": 270, "texture": "#2"},
				"south": {"uv": [0, 0, 0, 0], "texture": "#2"},
				"west": {"uv": [15.7, 0, 16, 0.05], "rotation": 90, "texture": "#2"},
				"up": {"uv": [0, 0, 0, 0], "texture": "#2"},
				"down": {"uv": [0, 0, 0, 0], "texture": "#2"}
			}
		},
		{
			"name": "body",
			"from": [6.76, 6.87587, 4.59409],
			"to": [9.24, 15.60587, 9.57409],
			"rotation": {"angle": -43, "axis": "x", "origin": [8, 12.09448, 8.64659]},
			"faces": {
				"north": {"uv": [14.95, 1.6, 14.85, 1.95], "rotation": 180, "texture": "#2"},
				"east": {"uv": [14.4, 1.95, 14.75, 2.15], "rotation": 270, "texture": "#2"},
				"south": {"uv": [14.85, 1.95, 14.75, 1.6], "texture": "#2"},
				"west": {"uv": [14.85, 1.95, 15.2, 2.15], "rotation": 90, "texture": "#2"},
				"up": {"uv": [14.75, 1.95, 14.85, 2.15], "rotation": 180, "texture": "#2"},
				"down": {"uv": [15.2, 1.95, 15.3, 2.15], "texture": "#2"}
			}
		},
		{
			"name": "fin_back",
			"from": [8, 7.5981, 9.58409],
			"to": [8, 15.0981, 10.83409],
			"rotation": {"angle": -43, "axis": "x", "origin": [8, 12.09448, 8.64659]},
			"faces": {
				"north": {"uv": [0, 0, 0, 0], "texture": "#2"},
				"east": {"uv": [15.4, 1.6, 15.7, 1.65], "rotation": 270, "texture": "#2"},
				"south": {"uv": [0, 0, 0, 0], "texture": "#2"},
				"west": {"uv": [15.7, 1.6, 16, 1.65], "rotation": 90, "texture": "#2"},
				"up": {"uv": [0, 0, 0, 0], "texture": "#2"},
				"down": {"uv": [0, 0, 0, 0], "texture": "#2"}
			}
		},
		{
			"name": "body",
			"from": [6.76, 6.77587, 4.59409],
			"to": [9.24, 15.50587, 9.57409],
			"rotation": {"angle": -42, "axis": "x", "origin": [8, 12.09448, 8.64659]},
			"faces": {
				"north": {"uv": [13.35, 1.6, 13.25, 1.95], "rotation": 180, "texture": "#2"},
				"east": {"uv": [12.8, 1.95, 13.15, 2.15], "rotation": 270, "texture": "#2"},
				"south": {"uv": [13.25, 1.95, 13.15, 1.6], "texture": "#2"},
				"west": {"uv": [13.25, 1.95, 13.6, 2.15], "rotation": 90, "texture": "#2"},
				"up": {"uv": [13.15, 1.95, 13.25, 2.15], "rotation": 180, "texture": "#2"},
				"down": {"uv": [13.6, 1.95, 13.7, 2.15], "texture": "#2"}
			}
		},
		{
			"name": "fin_back",
			"from": [8, 7.4981, 9.58409],
			"to": [8, 14.9981, 10.83409],
			"rotation": {"angle": -42, "axis": "x", "origin": [8, 12.09448, 8.64659]},
			"faces": {
				"north": {"uv": [0, 0, 0, 0], "texture": "#2"},
				"east": {"uv": [13.8, 1.6, 14.1, 1.65], "rotation": 270, "texture": "#2"},
				"south": {"uv": [0, 0, 0, 0], "texture": "#2"},
				"west": {"uv": [14.1, 1.6, 14.4, 1.65], "rotation": 90, "texture": "#2"},
				"up": {"uv": [0, 0, 0, 0], "texture": "#2"},
				"down": {"uv": [0, 0, 0, 0], "texture": "#2"}
			}
		},
		{
			"name": "body",
			"from": [6.76, 6.67587, 4.59409],
			"to": [9.24, 15.40587, 9.57409],
			"rotation": {"angle": -41, "axis": "x", "origin": [8, 12.09448, 8.64659]},
			"faces": {
				"north": {"uv": [11.75, 1.6, 11.65, 1.95], "rotation": 180, "texture": "#2"},
				"east": {"uv": [11.2, 1.95, 11.55, 2.15], "rotation": 270, "texture": "#2"},
				"south": {"uv": [11.65, 1.95, 11.55, 1.6], "texture": "#2"},
				"west": {"uv": [11.65, 1.95, 12, 2.15], "rotation": 90, "texture": "#2"},
				"up": {"uv": [11.55, 1.95, 11.65, 2.15], "rotation": 180, "texture": "#2"},
				"down": {"uv": [12, 1.95, 12.1, 2.15], "texture": "#2"}
			}
		},
		{
			"name": "fin_back",
			"from": [8, 7.3981, 9.58409],
			"to": [8, 14.8981, 10.83409],
			"rotation": {"angle": -41, "axis": "x", "origin": [8, 12.09448, 8.64659]},
			"faces": {
				"north": {"uv": [0, 0, 0, 0], "texture": "#2"},
				"east": {"uv": [12.2, 1.6, 12.5, 1.65], "rotation": 270, "texture": "#2"},
				"south": {"uv": [0, 0, 0, 0], "texture": "#2"},
				"west": {"uv": [12.5, 1.6, 12.8, 1.65], "rotation": 90, "texture": "#2"},
				"up": {"uv": [0, 0, 0, 0], "texture": "#2"},
				"down": {"uv": [0, 0, 0, 0], "texture": "#2"}
			}
		},
		{
			"name": "body",
			"from": [6.76, 6.57587, 4.59409],
			"to": [9.24, 15.30587, 9.57409],
			"rotation": {"angle": -40, "axis": "x", "origin": [8, 12.09448, 8.64659]},
			"faces": {
				"north": {"uv": [10.15, 1.6, 10.05, 1.95], "rotation": 180, "texture": "#2"},
				"east": {"uv": [9.6, 1.95, 9.95, 2.15], "rotation": 270, "texture": "#2"},
				"south": {"uv": [10.05, 1.95, 9.95, 1.6], "texture": "#2"},
				"west": {"uv": [10.05, 1.95, 10.4, 2.15], "rotation": 90, "texture": "#2"},
				"up": {"uv": [9.95, 1.95, 10.05, 2.15], "rotation": 180, "texture": "#2"},
				"down": {"uv": [10.4, 1.95, 10.5, 2.15], "texture": "#2"}
			}
		},
		{
			"name": "fin_back",
			"from": [8, 7.2981, 9.58409],
			"to": [8, 14.7981, 10.83409],
			"rotation": {"angle": -40, "axis": "x", "origin": [8, 12.09448, 8.64659]},
			"faces": {
				"north": {"uv": [0, 0, 0, 0], "texture": "#2"},
				"east": {"uv": [10.6, 1.6, 10.9, 1.65], "rotation": 270, "texture": "#2"},
				"south": {"uv": [0, 0, 0, 0], "texture": "#2"},
				"west": {"uv": [10.9, 1.6, 11.2, 1.65], "rotation": 90, "texture": "#2"},
				"up": {"uv": [0, 0, 0, 0], "texture": "#2"},
				"down": {"uv": [0, 0, 0, 0], "texture": "#2"}
			}
		},
		{
			"name": "body",
			"from": [6.76, 6.47587, 4.59409],
			"to": [9.24, 15.20587, 9.57409],
			"rotation": {"angle": -39, "axis": "x", "origin": [8, 12.09448, 8.64659]},
			"faces": {
				"north": {"uv": [8.55, 1.6, 8.45, 1.95], "rotation": 180, "texture": "#2"},
				"east": {"uv": [8, 1.95, 8.35, 2.15], "rotation": 270, "texture": "#2"},
				"south": {"uv": [8.45, 1.95, 8.35, 1.6], "texture": "#2"},
				"west": {"uv": [8.45, 1.95, 8.8, 2.15], "rotation": 90, "texture": "#2"},
				"up": {"uv": [8.35, 1.95, 8.45, 2.15], "rotation": 180, "texture": "#2"},
				"down": {"uv": [8.8, 1.95, 8.9, 2.15], "texture": "#2"}
			}
		},
		{
			"name": "fin_back",
			"from": [8, 7.1981, 9.58409],
			"to": [8, 14.6981, 10.83409],
			"rotation": {"angle": -39, "axis": "x", "origin": [8, 12.09448, 8.64659]},
			"faces": {
				"north": {"uv": [0, 0, 0, 0], "texture": "#2"},
				"east": {"uv": [9, 1.6, 9.3, 1.65], "rotation": 270, "texture": "#2"},
				"south": {"uv": [0, 0, 0, 0], "texture": "#2"},
				"west": {"uv": [9.3, 1.6, 9.6, 1.65], "rotation": 90, "texture": "#2"},
				"up": {"uv": [0, 0, 0, 0], "texture": "#2"},
				"down": {"uv": [0, 0, 0, 0], "texture": "#2"}
			}
		},
		{
			"name": "body",
			"from": [6.76, 6.37587, 4.59409],
			"to": [9.24, 15.10587, 9.57409],
			"rotation": {"angle": -38, "axis": "x", "origin": [8, 12.09448, 8.64659]},
			"faces": {
				"north": {"uv": [6.95, 1.6, 6.85, 1.95], "rotation": 180, "texture": "#2"},
				"east": {"uv": [6.4, 1.95, 6.75, 2.15], "rotation": 270, "texture": "#2"},
				"south": {"uv": [6.85, 1.95, 6.75, 1.6], "texture": "#2"},
				"west": {"uv": [6.85, 1.95, 7.2, 2.15], "rotation": 90, "texture": "#2"},
				"up": {"uv": [6.75, 1.95, 6.85, 2.15], "rotation": 180, "texture": "#2"},
				"down": {"uv": [7.2, 1.95, 7.3, 2.15], "texture": "#2"}
			}
		},
		{
			"name": "fin_back",
			"from": [8, 7.0981, 9.58409],
			"to": [8, 14.5981, 10.83409],
			"rotation": {"angle": -38, "axis": "x", "origin": [8, 12.09448, 8.64659]},
			"faces": {
				"north": {"uv": [0, 0, 0, 0], "texture": "#2"},
				"east": {"uv": [7.4, 1.6, 7.7, 1.65], "rotation": 270, "texture": "#2"},
				"south": {"uv": [0, 0, 0, 0], "texture": "#2"},
				"west": {"uv": [7.7, 1.6, 8, 1.65], "rotation": 90, "texture": "#2"},
				"up": {"uv": [0, 0, 0, 0], "texture": "#2"},
				"down": {"uv": [0, 0, 0, 0], "texture": "#2"}
			}
		},
		{
			"name": "body",
			"from": [6.76, 6.27587, 4.59409],
			"to": [9.24, 15.00587, 9.57409],
			"rotation": {"angle": -37, "axis": "x", "origin": [8, 12.09448, 8.64659]},
			"faces": {
				"north": {"uv": [5.35, 1.6, 5.25, 1.95], "rotation": 180, "texture": "#2"},
				"east": {"uv": [4.8, 1.95, 5.15, 2.15], "rotation": 270, "texture": "#2"},
				"south": {"uv": [5.25, 1.95, 5.15, 1.6], "texture": "#2"},
				"west": {"uv": [5.25, 1.95, 5.6, 2.15], "rotation": 90, "texture": "#2"},
				"up": {"uv": [5.15, 1.95, 5.25, 2.15], "rotation": 180, "texture": "#2"},
				"down": {"uv": [5.6, 1.95, 5.7, 2.15], "texture": "#2"}
			}
		},
		{
			"name": "fin_back",
			"from": [8, 6.9981, 9.58409],
			"to": [8, 14.4981, 10.83409],
			"rotation": {"angle": -37, "axis": "x", "origin": [8, 12.09448, 8.64659]},
			"faces": {
				"north": {"uv": [0, 0, 0, 0], "texture": "#2"},
				"east": {"uv": [5.8, 1.6, 6.1, 1.65], "rotation": 270, "texture": "#2"},
				"south": {"uv": [0, 0, 0, 0], "texture": "#2"},
				"west": {"uv": [6.1, 1.6, 6.4, 1.65], "rotation": 90, "texture": "#2"},
				"up": {"uv": [0, 0, 0, 0], "texture": "#2"},
				"down": {"uv": [0, 0, 0, 0], "texture": "#2"}
			}
		},
		{
			"name": "body",
			"from": [6.76, 6.22587, 4.59409],
			"to": [9.24, 14.95587, 9.57409],
			"rotation": {"angle": -36, "axis": "x", "origin": [8, 12.09448, 8.64659]},
			"faces": {
				"north": {"uv": [3.75, 1.6, 3.65, 1.95], "rotation": 180, "texture": "#2"},
				"east": {"uv": [3.2, 1.95, 3.55, 2.15], "rotation": 270, "texture": "#2"},
				"south": {"uv": [3.65, 1.95, 3.55, 1.6], "texture": "#2"},
				"west": {"uv": [3.65, 1.95, 4, 2.15], "rotation": 90, "texture": "#2"},
				"up": {"uv": [3.55, 1.95, 3.65, 2.15], "rotation": 180, "texture": "#2"},
				"down": {"uv": [4, 1.95, 4.1, 2.15], "texture": "#2"}
			}
		},
		{
			"name": "fin_back",
			"from": [8, 6.9481, 9.58409],
			"to": [8, 14.4481, 10.83409],
			"rotation": {"angle": -36, "axis": "x", "origin": [8, 12.09448, 8.64659]},
			"faces": {
				"north": {"uv": [0, 0, 0, 0], "texture": "#2"},
				"east": {"uv": [4.2, 1.6, 4.5, 1.65], "rotation": 270, "texture": "#2"},
				"south": {"uv": [0, 0, 0, 0], "texture": "#2"},
				"west": {"uv": [4.5, 1.6, 4.8, 1.65], "rotation": 90, "texture": "#2"},
				"up": {"uv": [0, 0, 0, 0], "texture": "#2"},
				"down": {"uv": [0, 0, 0, 0], "texture": "#2"}
			}
		},
		{
			"name": "body",
			"from": [6.76, 6.17587, 4.59409],
			"to": [9.24, 14.90587, 9.57409],
			"rotation": {"angle": -35, "axis": "x", "origin": [8, 12.09448, 8.64659]},
			"faces": {
				"north": {"uv": [2.15, 1.6, 2.05, 1.95], "rotation": 180, "texture": "#2"},
				"east": {"uv": [1.6, 1.95, 1.95, 2.15], "rotation": 270, "texture": "#2"},
				"south": {"uv": [2.05, 1.95, 1.95, 1.6], "texture": "#2"},
				"west": {"uv": [2.05, 1.95, 2.4, 2.15], "rotation": 90, "texture": "#2"},
				"up": {"uv": [1.95, 1.95, 2.05, 2.15], "rotation": 180, "texture": "#2"},
				"down": {"uv": [2.4, 1.95, 2.5, 2.15], "texture": "#2"}
			}
		},
		{
			"name": "fin_back",
			"from": [8, 6.8981, 9.58409],
			"to": [8, 14.3981, 10.83409],
			"rotation": {"angle": -35, "axis": "x", "origin": [8, 12.09448, 8.64659]},
			"faces": {
				"north": {"uv": [0, 0, 0, 0], "texture": "#2"},
				"east": {"uv": [2.6, 1.6, 2.9, 1.65], "rotation": 270, "texture": "#2"},
				"south": {"uv": [0, 0, 0, 0], "texture": "#2"},
				"west": {"uv": [2.9, 1.6, 3.2, 1.65], "rotation": 90, "texture": "#2"},
				"up": {"uv": [0, 0, 0, 0], "texture": "#2"},
				"down": {"uv": [0, 0, 0, 0], "texture": "#2"}
			}
		},
		{
			"name": "body",
			"from": [6.76, 6.12587, 4.59409],
			"to": [9.24, 14.85587, 9.57409],
			"rotation": {"angle": -34, "axis": "x", "origin": [8, 12.09448, 8.64659]},
			"faces": {
				"north": {"uv": [0.55, 1.6, 0.45, 1.95], "rotation": 180, "texture": "#2"},
				"east": {"uv": [0, 1.95, 0.35, 2.15], "rotation": 270, "texture": "#2"},
				"south": {"uv": [0.45, 1.95, 0.35, 1.6], "texture": "#2"},
				"west": {"uv": [0.45, 1.95, 0.8, 2.15], "rotation": 90, "texture": "#2"},
				"up": {"uv": [0.35, 1.95, 0.45, 2.15], "rotation": 180, "texture": "#2"},
				"down": {"uv": [0.8, 1.95, 0.9, 2.15], "texture": "#2"}
			}
		},
		{
			"name": "fin_back",
			"from": [8, 6.8481, 9.58409],
			"to": [8, 14.3481, 10.83409],
			"rotation": {"angle": -34, "axis": "x", "origin": [8, 12.09448, 8.64659]},
			"faces": {
				"north": {"uv": [0, 0, 0, 0], "texture": "#2"},
				"east": {"uv": [1, 1.6, 1.3, 1.65], "rotation": 270, "texture": "#2"},
				"south": {"uv": [0, 0, 0, 0], "texture": "#2"},
				"west": {"uv": [1.3, 1.6, 1.6, 1.65], "rotation": 90, "texture": "#2"},
				"up": {"uv": [0, 0, 0, 0], "texture": "#2"},
				"down": {"uv": [0, 0, 0, 0], "texture": "#2"}
			}
		},
		{
			"name": "nose",
			"from": [6.75, 11.99924, 1.45793],
			"to": [9.25, 15.74924, 2.70793],
			"rotation": {"angle": 23.5, "axis": "x", "origin": [8, 16.02754, 6.43293]},
			"faces": {
				"north": {"uv": [0.05, 3.15, 0.15, 3.3], "texture": "#2"},
				"east": {"uv": [0, 3.15, 0.05, 3.3], "texture": "#2"},
				"south": {"uv": [0.2, 3.15, 0.3, 3.3], "texture": "#2"},
				"west": {"uv": [0.15, 3.15, 0.2, 3.3], "texture": "#2"},
				"up": {"uv": [0.15, 3.15, 0.05, 3.1], "texture": "#2"},
				"down": {"uv": [0.25, 3.1, 0.15, 3.15], "texture": "#2"}
			}
		},
		{
			"name": "head",
			"from": [6.75, 10.74924, 2.70793],
			"to": [9.25, 15.74924, 6.45793],
			"rotation": {"angle": 23.5, "axis": "x", "origin": [8, 16.02754, 6.43293]},
			"faces": {
				"north": {"uv": [0.7, 3.25, 0.8, 3.45], "texture": "#2"},
				"east": {"uv": [0.55, 3.25, 0.7, 3.45], "texture": "#2"},
				"south": {"uv": [0.95, 3.25, 1.05, 3.45], "texture": "#2"},
				"west": {"uv": [0.8, 3.25, 0.95, 3.45], "texture": "#2"},
				"up": {"uv": [0.8, 3.25, 0.7, 3.1], "texture": "#2"},
				"down": {"uv": [0.9, 3.1, 0.8, 3.25], "texture": "#2"}
			}
		},
		{
			"name": "nose",
			"from": [6.75, 11.99924, 1.45793],
			"to": [9.25, 15.74924, 2.70793],
			"rotation": {"angle": 23.5, "axis": "x", "origin": [8, 16.02754, 6.43293]},
			"faces": {
				"north": {"uv": [0.05, 0.05, 0.15, 0.2], "texture": "#2"},
				"east": {"uv": [0, 0.05, 0.05, 0.2], "texture": "#2"},
				"south": {"uv": [0.2, 0.05, 0.3, 0.2], "texture": "#2"},
				"west": {"uv": [0.15, 0.05, 0.2, 0.2], "texture": "#2"},
				"up": {"uv": [0.15, 0.05, 0.05, 0], "texture": "#2"},
				"down": {"uv": [0.25, 0, 0.15, 0.05], "texture": "#2"}
			}
		},
		{
			"name": "head",
			"from": [6.75, 10.74924, 2.70793],
			"to": [9.25, 15.74924, 6.45793],
			"rotation": {"angle": 23.5, "axis": "x", "origin": [8, 16.02754, 6.43293]},
			"faces": {
				"north": {"uv": [0.7, 0.15, 0.8, 0.35], "texture": "#2"},
				"east": {"uv": [0.55, 0.15, 0.7, 0.35], "texture": "#2"},
				"south": {"uv": [0.95, 0.15, 1.05, 0.35], "texture": "#2"},
				"west": {"uv": [0.8, 0.15, 0.95, 0.35], "texture": "#2"},
				"up": {"uv": [0.8, 0.15, 0.7, 0], "texture": "#2"},
				"down": {"uv": [0.9, 0, 0.8, 0.15], "texture": "#2"}
			}
		},
		{
			"name": "nose",
			"from": [6.75, 11.99924, 1.50793],
			"to": [9.25, 15.74924, 2.75793],
			"rotation": {"angle": 23.5, "axis": "x", "origin": [8, 16.02754, 6.43293]},
			"faces": {
				"north": {"uv": [1.65, 0.05, 1.75, 0.2], "texture": "#2"},
				"east": {"uv": [1.6, 0.05, 1.65, 0.2], "texture": "#2"},
				"south": {"uv": [1.8, 0.05, 1.9, 0.2], "texture": "#2"},
				"west": {"uv": [1.75, 0.05, 1.8, 0.2], "texture": "#2"},
				"up": {"uv": [1.75, 0.05, 1.65, 0], "texture": "#2"},
				"down": {"uv": [1.85, 0, 1.75, 0.05], "texture": "#2"}
			}
		},
		{
			"name": "head",
			"from": [6.75, 10.74924, 2.75793],
			"to": [9.25, 15.74924, 6.50793],
			"rotation": {"angle": 23.5, "axis": "x", "origin": [8, 16.02754, 6.43293]},
			"faces": {
				"north": {"uv": [2.3, 0.15, 2.4, 0.35], "texture": "#2"},
				"east": {"uv": [2.15, 0.15, 2.3, 0.35], "texture": "#2"},
				"south": {"uv": [2.55, 0.15, 2.65, 0.35], "texture": "#2"},
				"west": {"uv": [2.4, 0.15, 2.55, 0.35], "texture": "#2"},
				"up": {"uv": [2.4, 0.15, 2.3, 0], "texture": "#2"},
				"down": {"uv": [2.5, 0, 2.4, 0.15], "texture": "#2"}
			}
		},
		{
			"name": "nose",
			"from": [6.75, 11.99924, 1.55793],
			"to": [9.25, 15.74924, 2.80793],
			"rotation": {"angle": 23.5, "axis": "x", "origin": [8, 16.02754, 6.43293]},
			"faces": {
				"north": {"uv": [3.25, 0.05, 3.35, 0.2], "texture": "#2"},
				"east": {"uv": [3.2, 0.05, 3.25, 0.2], "texture": "#2"},
				"south": {"uv": [3.4, 0.05, 3.5, 0.2], "texture": "#2"},
				"west": {"uv": [3.35, 0.05, 3.4, 0.2], "texture": "#2"},
				"up": {"uv": [3.35, 0.05, 3.25, 0], "texture": "#2"},
				"down": {"uv": [3.45, 0, 3.35, 0.05], "texture": "#2"}
			}
		},
		{
			"name": "head",
			"from": [6.75, 10.74924, 2.80793],
			"to": [9.25, 15.74924, 6.55793],
			"rotation": {"angle": 23.5, "axis": "x", "origin": [8, 16.02754, 6.43293]},
			"faces": {
				"north": {"uv": [3.9, 0.15, 4, 0.35], "texture": "#2"},
				"east": {"uv": [3.75, 0.15, 3.9, 0.35], "texture": "#2"},
				"south": {"uv": [4.15, 0.15, 4.25, 0.35], "texture": "#2"},
				"west": {"uv": [4, 0.15, 4.15, 0.35], "texture": "#2"},
				"up": {"uv": [4, 0.15, 3.9, 0], "texture": "#2"},
				"down": {"uv": [4.1, 0, 4, 0.15], "texture": "#2"}
			}
		},
		{
			"name": "nose",
			"from": [6.75, 11.99924, 1.60793],
			"to": [9.25, 15.74924, 2.85793],
			"rotation": {"angle": 23.5, "axis": "x", "origin": [8, 16.02754, 6.43293]},
			"faces": {
				"north": {"uv": [4.85, 0.05, 4.95, 0.2], "texture": "#2"},
				"east": {"uv": [4.8, 0.05, 4.85, 0.2], "texture": "#2"},
				"south": {"uv": [5, 0.05, 5.1, 0.2], "texture": "#2"},
				"west": {"uv": [4.95, 0.05, 5, 0.2], "texture": "#2"},
				"up": {"uv": [4.95, 0.05, 4.85, 0], "texture": "#2"},
				"down": {"uv": [5.05, 0, 4.95, 0.05], "texture": "#2"}
			}
		},
		{
			"name": "head",
			"from": [6.75, 10.74924, 2.85793],
			"to": [9.25, 15.74924, 6.60793],
			"rotation": {"angle": 23.5, "axis": "x", "origin": [8, 16.02754, 6.43293]},
			"faces": {
				"north": {"uv": [5.5, 0.15, 5.6, 0.35], "texture": "#2"},
				"east": {"uv": [5.35, 0.15, 5.5, 0.35], "texture": "#2"},
				"south": {"uv": [5.75, 0.15, 5.85, 0.35], "texture": "#2"},
				"west": {"uv": [5.6, 0.15, 5.75, 0.35], "texture": "#2"},
				"up": {"uv": [5.6, 0.15, 5.5, 0], "texture": "#2"},
				"down": {"uv": [5.7, 0, 5.6, 0.15], "texture": "#2"}
			}
		},
		{
			"name": "nose",
			"from": [6.75, 11.99924, 1.65793],
			"to": [9.25, 15.74924, 2.90793],
			"rotation": {"angle": 23.5, "axis": "x", "origin": [8, 16.02754, 6.43293]},
			"faces": {
				"north": {"uv": [6.45, 0.05, 6.55, 0.2], "texture": "#2"},
				"east": {"uv": [6.4, 0.05, 6.45, 0.2], "texture": "#2"},
				"south": {"uv": [6.6, 0.05, 6.7, 0.2], "texture": "#2"},
				"west": {"uv": [6.55, 0.05, 6.6, 0.2], "texture": "#2"},
				"up": {"uv": [6.55, 0.05, 6.45, 0], "texture": "#2"},
				"down": {"uv": [6.65, 0, 6.55, 0.05], "texture": "#2"}
			}
		},
		{
			"name": "head",
			"from": [6.75, 10.74924, 2.90793],
			"to": [9.25, 15.74924, 6.65793],
			"rotation": {"angle": 23.5, "axis": "x", "origin": [8, 16.02754, 6.43293]},
			"faces": {
				"north": {"uv": [7.1, 0.15, 7.2, 0.35], "texture": "#2"},
				"east": {"uv": [6.95, 0.15, 7.1, 0.35], "texture": "#2"},
				"south": {"uv": [7.35, 0.15, 7.45, 0.35], "texture": "#2"},
				"west": {"uv": [7.2, 0.15, 7.35, 0.35], "texture": "#2"},
				"up": {"uv": [7.2, 0.15, 7.1, 0], "texture": "#2"},
				"down": {"uv": [7.3, 0, 7.2, 0.15], "texture": "#2"}
			}
		},
		{
			"name": "nose",
			"from": [6.75, 11.99924, 1.75793],
			"to": [9.25, 15.74924, 3.00793],
			"rotation": {"angle": 23.5, "axis": "x", "origin": [8, 16.02754, 6.43293]},
			"faces": {
				"north": {"uv": [8.05, 0.05, 8.15, 0.2], "texture": "#2"},
				"east": {"uv": [8, 0.05, 8.05, 0.2], "texture": "#2"},
				"south": {"uv": [8.2, 0.05, 8.3, 0.2], "texture": "#2"},
				"west": {"uv": [8.15, 0.05, 8.2, 0.2], "texture": "#2"},
				"up": {"uv": [8.15, 0.05, 8.05, 0], "texture": "#2"},
				"down": {"uv": [8.25, 0, 8.15, 0.05], "texture": "#2"}
			}
		},
		{
			"name": "head",
			"from": [6.75, 10.74924, 3.00793],
			"to": [9.25, 15.74924, 6.75793],
			"rotation": {"angle": 23.5, "axis": "x", "origin": [8, 16.02754, 6.43293]},
			"faces": {
				"north": {"uv": [8.7, 0.15, 8.8, 0.35], "texture": "#2"},
				"east": {"uv": [8.55, 0.15, 8.7, 0.35], "texture": "#2"},
				"south": {"uv": [8.95, 0.15, 9.05, 0.35], "texture": "#2"},
				"west": {"uv": [8.8, 0.15, 8.95, 0.35], "texture": "#2"},
				"up": {"uv": [8.8, 0.15, 8.7, 0], "texture": "#2"},
				"down": {"uv": [8.9, 0, 8.8, 0.15], "texture": "#2"}
			}
		},
		{
			"name": "nose",
			"from": [6.75, 11.99924, 1.85793],
			"to": [9.25, 15.74924, 3.10793],
			"rotation": {"angle": 23.5, "axis": "x", "origin": [8, 16.02754, 6.43293]},
			"faces": {
				"north": {"uv": [9.65, 0.05, 9.75, 0.2], "texture": "#2"},
				"east": {"uv": [9.6, 0.05, 9.65, 0.2], "texture": "#2"},
				"south": {"uv": [9.8, 0.05, 9.9, 0.2], "texture": "#2"},
				"west": {"uv": [9.75, 0.05, 9.8, 0.2], "texture": "#2"},
				"up": {"uv": [9.75, 0.05, 9.65, 0], "texture": "#2"},
				"down": {"uv": [9.85, 0, 9.75, 0.05], "texture": "#2"}
			}
		},
		{
			"name": "head",
			"from": [6.75, 10.74924, 3.10793],
			"to": [9.25, 15.74924, 6.85793],
			"rotation": {"angle": 23.5, "axis": "x", "origin": [8, 16.02754, 6.43293]},
			"faces": {
				"north": {"uv": [10.3, 0.15, 10.4, 0.35], "texture": "#2"},
				"east": {"uv": [10.15, 0.15, 10.3, 0.35], "texture": "#2"},
				"south": {"uv": [10.55, 0.15, 10.65, 0.35], "texture": "#2"},
				"west": {"uv": [10.4, 0.15, 10.55, 0.35], "texture": "#2"},
				"up": {"uv": [10.4, 0.15, 10.3, 0], "texture": "#2"},
				"down": {"uv": [10.5, 0, 10.4, 0.15], "texture": "#2"}
			}
		},
		{
			"name": "nose",
			"from": [6.75, 11.99924, 1.95793],
			"to": [9.25, 15.74924, 3.20793],
			"rotation": {"angle": 23.5, "axis": "x", "origin": [8, 16.02754, 6.43293]},
			"faces": {
				"north": {"uv": [11.25, 0.05, 11.35, 0.2], "texture": "#2"},
				"east": {"uv": [11.2, 0.05, 11.25, 0.2], "texture": "#2"},
				"south": {"uv": [11.4, 0.05, 11.5, 0.2], "texture": "#2"},
				"west": {"uv": [11.35, 0.05, 11.4, 0.2], "texture": "#2"},
				"up": {"uv": [11.35, 0.05, 11.25, 0], "texture": "#2"},
				"down": {"uv": [11.45, 0, 11.35, 0.05], "texture": "#2"}
			}
		},
		{
			"name": "head",
			"from": [6.75, 10.74924, 3.20793],
			"to": [9.25, 15.74924, 6.95793],
			"rotation": {"angle": 23.5, "axis": "x", "origin": [8, 16.02754, 6.43293]},
			"faces": {
				"north": {"uv": [11.9, 0.15, 12, 0.35], "texture": "#2"},
				"east": {"uv": [11.75, 0.15, 11.9, 0.35], "texture": "#2"},
				"south": {"uv": [12.15, 0.15, 12.25, 0.35], "texture": "#2"},
				"west": {"uv": [12, 0.15, 12.15, 0.35], "texture": "#2"},
				"up": {"uv": [12, 0.15, 11.9, 0], "texture": "#2"},
				"down": {"uv": [12.1, 0, 12, 0.15], "texture": "#2"}
			}
		},
		{
			"name": "nose",
			"from": [6.75, 11.99924, 2.05793],
			"to": [9.25, 15.74924, 3.30793],
			"rotation": {"angle": 23.5, "axis": "x", "origin": [8, 16.02754, 6.43293]},
			"faces": {
				"north": {"uv": [12.85, 0.05, 12.95, 0.2], "texture": "#2"},
				"east": {"uv": [12.8, 0.05, 12.85, 0.2], "texture": "#2"},
				"south": {"uv": [13, 0.05, 13.1, 0.2], "texture": "#2"},
				"west": {"uv": [12.95, 0.05, 13, 0.2], "texture": "#2"},
				"up": {"uv": [12.95, 0.05, 12.85, 0], "texture": "#2"},
				"down": {"uv": [13.05, 0, 12.95, 0.05], "texture": "#2"}
			}
		},
		{
			"name": "head",
			"from": [6.75, 10.74924, 3.30793],
			"to": [9.25, 15.74924, 7.05793],
			"rotation": {"angle": 23.5, "axis": "x", "origin": [8, 16.02754, 6.43293]},
			"faces": {
				"north": {"uv": [13.5, 0.15, 13.6, 0.35], "texture": "#2"},
				"east": {"uv": [13.35, 0.15, 13.5, 0.35], "texture": "#2"},
				"south": {"uv": [13.75, 0.15, 13.85, 0.35], "texture": "#2"},
				"west": {"uv": [13.6, 0.15, 13.75, 0.35], "texture": "#2"},
				"up": {"uv": [13.6, 0.15, 13.5, 0], "texture": "#2"},
				"down": {"uv": [13.7, 0, 13.6, 0.15], "texture": "#2"}
			}
		},
		{
			"name": "nose",
			"from": [6.75, 11.99924, 2.15793],
			"to": [9.25, 15.74924, 3.40793],
			"rotation": {"angle": 23.5, "axis": "x", "origin": [8, 16.02754, 6.43293]},
			"faces": {
				"north": {"uv": [14.45, 0.05, 14.55, 0.2], "texture": "#2"},
				"east": {"uv": [14.4, 0.05, 14.45, 0.2], "texture": "#2"},
				"south": {"uv": [14.6, 0.05, 14.7, 0.2], "texture": "#2"},
				"west": {"uv": [14.55, 0.05, 14.6, 0.2], "texture": "#2"},
				"up": {"uv": [14.55, 0.05, 14.45, 0], "texture": "#2"},
				"down": {"uv": [14.65, 0, 14.55, 0.05], "texture": "#2"}
			}
		},
		{
			"name": "head",
			"from": [6.75, 10.74924, 3.40793],
			"to": [9.25, 15.74924, 7.15793],
			"rotation": {"angle": 23.5, "axis": "x", "origin": [8, 16.02754, 6.43293]},
			"faces": {
				"north": {"uv": [15.1, 0.15, 15.2, 0.35], "texture": "#2"},
				"east": {"uv": [14.95, 0.15, 15.1, 0.35], "texture": "#2"},
				"south": {"uv": [15.35, 0.15, 15.45, 0.35], "texture": "#2"},
				"west": {"uv": [15.2, 0.15, 15.35, 0.35], "texture": "#2"},
				"up": {"uv": [15.2, 0.15, 15.1, 0], "texture": "#2"},
				"down": {"uv": [15.3, 0, 15.2, 0.15], "texture": "#2"}
			}
		},
		{
			"name": "nose",
			"from": [6.75, 11.99924, 2.25793],
			"to": [9.25, 15.74924, 3.50793],
			"rotation": {"angle": 23.5, "axis": "x", "origin": [8, 16.02754, 6.43293]},
			"faces": {
				"north": {"uv": [14.45, 1.65, 14.55, 1.8], "texture": "#2"},
				"east": {"uv": [14.4, 1.65, 14.45, 1.8], "texture": "#2"},
				"south": {"uv": [14.6, 1.65, 14.7, 1.8], "texture": "#2"},
				"west": {"uv": [14.55, 1.65, 14.6, 1.8], "texture": "#2"},
				"up": {"uv": [14.55, 1.65, 14.45, 1.6], "texture": "#2"},
				"down": {"uv": [14.65, 1.6, 14.55, 1.65], "texture": "#2"}
			}
		},
		{
			"name": "head",
			"from": [6.75, 10.74924, 3.50793],
			"to": [9.25, 15.74924, 7.25793],
			"rotation": {"angle": 23.5, "axis": "x", "origin": [8, 16.02754, 6.43293]},
			"faces": {
				"north": {"uv": [15.1, 1.75, 15.2, 1.95], "texture": "#2"},
				"east": {"uv": [14.95, 1.75, 15.1, 1.95], "texture": "#2"},
				"south": {"uv": [15.35, 1.75, 15.45, 1.95], "texture": "#2"},
				"west": {"uv": [15.2, 1.75, 15.35, 1.95], "texture": "#2"},
				"up": {"uv": [15.2, 1.75, 15.1, 1.6], "texture": "#2"},
				"down": {"uv": [15.3, 1.6, 15.2, 1.75], "texture": "#2"}
			}
		},
		{
			"name": "nose",
			"from": [6.75, 11.99924, 2.35793],
			"to": [9.25, 15.74924, 3.60793],
			"rotation": {"angle": 23.5, "axis": "x", "origin": [8, 16.02754, 6.43293]},
			"faces": {
				"north": {"uv": [12.85, 1.65, 12.95, 1.8], "texture": "#2"},
				"east": {"uv": [12.8, 1.65, 12.85, 1.8], "texture": "#2"},
				"south": {"uv": [13, 1.65, 13.1, 1.8], "texture": "#2"},
				"west": {"uv": [12.95, 1.65, 13, 1.8], "texture": "#2"},
				"up": {"uv": [12.95, 1.65, 12.85, 1.6], "texture": "#2"},
				"down": {"uv": [13.05, 1.6, 12.95, 1.65], "texture": "#2"}
			}
		},
		{
			"name": "head",
			"from": [6.75, 10.74924, 3.60793],
			"to": [9.25, 15.74924, 7.35793],
			"rotation": {"angle": 23.5, "axis": "x", "origin": [8, 16.02754, 6.43293]},
			"faces": {
				"north": {"uv": [13.5, 1.75, 13.6, 1.95], "texture": "#2"},
				"east": {"uv": [13.35, 1.75, 13.5, 1.95], "texture": "#2"},
				"south": {"uv": [13.75, 1.75, 13.85, 1.95], "texture": "#2"},
				"west": {"uv": [13.6, 1.75, 13.75, 1.95], "texture": "#2"},
				"up": {"uv": [13.6, 1.75, 13.5, 1.6], "texture": "#2"},
				"down": {"uv": [13.7, 1.6, 13.6, 1.75], "texture": "#2"}
			}
		},
		{
			"name": "nose",
			"from": [6.75, 11.99924, 2.45793],
			"to": [9.25, 15.74924, 3.70793],
			"rotation": {"angle": 23.5, "axis": "x", "origin": [8, 16.02754, 6.43293]},
			"faces": {
				"north": {"uv": [11.25, 1.65, 11.35, 1.8], "texture": "#2"},
				"east": {"uv": [11.2, 1.65, 11.25, 1.8], "texture": "#2"},
				"south": {"uv": [11.4, 1.65, 11.5, 1.8], "texture": "#2"},
				"west": {"uv": [11.35, 1.65, 11.4, 1.8], "texture": "#2"},
				"up": {"uv": [11.35, 1.65, 11.25, 1.6], "texture": "#2"},
				"down": {"uv": [11.45, 1.6, 11.35, 1.65], "texture": "#2"}
			}
		},
		{
			"name": "head",
			"from": [6.75, 10.74924, 3.70793],
			"to": [9.25, 15.74924, 7.45793],
			"rotation": {"angle": 23.5, "axis": "x", "origin": [8, 16.02754, 6.43293]},
			"faces": {
				"north": {"uv": [11.9, 1.75, 12, 1.95], "texture": "#2"},
				"east": {"uv": [11.75, 1.75, 11.9, 1.95], "texture": "#2"},
				"south": {"uv": [12.15, 1.75, 12.25, 1.95], "texture": "#2"},
				"west": {"uv": [12, 1.75, 12.15, 1.95], "texture": "#2"},
				"up": {"uv": [12, 1.75, 11.9, 1.6], "texture": "#2"},
				"down": {"uv": [12.1, 1.6, 12, 1.75], "texture": "#2"}
			}
		},
		{
			"name": "nose",
			"from": [6.75, 11.99924, 2.55793],
			"to": [9.25, 15.74924, 3.80793],
			"rotation": {"angle": 23.5, "axis": "x", "origin": [8, 16.02754, 6.43293]},
			"faces": {
				"north": {"uv": [9.65, 1.65, 9.75, 1.8], "texture": "#2"},
				"east": {"uv": [9.6, 1.65, 9.65, 1.8], "texture": "#2"},
				"south": {"uv": [9.8, 1.65, 9.9, 1.8], "texture": "#2"},
				"west": {"uv": [9.75, 1.65, 9.8, 1.8], "texture": "#2"},
				"up": {"uv": [9.75, 1.65, 9.65, 1.6], "texture": "#2"},
				"down": {"uv": [9.85, 1.6, 9.75, 1.65], "texture": "#2"}
			}
		},
		{
			"name": "head",
			"from": [6.75, 10.74924, 3.80793],
			"to": [9.25, 15.74924, 7.55793],
			"rotation": {"angle": 23.5, "axis": "x", "origin": [8, 16.02754, 6.43293]},
			"faces": {
				"north": {"uv": [10.3, 1.75, 10.4, 1.95], "texture": "#2"},
				"east": {"uv": [10.15, 1.75, 10.3, 1.95], "texture": "#2"},
				"south": {"uv": [10.55, 1.75, 10.65, 1.95], "texture": "#2"},
				"west": {"uv": [10.4, 1.75, 10.55, 1.95], "texture": "#2"},
				"up": {"uv": [10.4, 1.75, 10.3, 1.6], "texture": "#2"},
				"down": {"uv": [10.5, 1.6, 10.4, 1.75], "texture": "#2"}
			}
		},
		{
			"name": "nose",
			"from": [6.75, 11.99924, 2.65793],
			"to": [9.25, 15.74924, 3.90793],
			"rotation": {"angle": 23, "axis": "x", "origin": [8, 16.02754, 6.43293]},
			"faces": {
				"north": {"uv": [8.05, 1.65, 8.15, 1.8], "texture": "#2"},
				"east": {"uv": [8, 1.65, 8.05, 1.8], "texture": "#2"},
				"south": {"uv": [8.2, 1.65, 8.3, 1.8], "texture": "#2"},
				"west": {"uv": [8.15, 1.65, 8.2, 1.8], "texture": "#2"},
				"up": {"uv": [8.15, 1.65, 8.05, 1.6], "texture": "#2"},
				"down": {"uv": [8.25, 1.6, 8.15, 1.65], "texture": "#2"}
			}
		},
		{
			"name": "head",
			"from": [6.75, 10.74924, 3.90793],
			"to": [9.25, 15.74924, 7.65793],
			"rotation": {"angle": 23, "axis": "x", "origin": [8, 16.02754, 6.43293]},
			"faces": {
				"north": {"uv": [8.7, 1.75, 8.8, 1.95], "texture": "#2"},
				"east": {"uv": [8.55, 1.75, 8.7, 1.95], "texture": "#2"},
				"south": {"uv": [8.95, 1.75, 9.05, 1.95], "texture": "#2"},
				"west": {"uv": [8.8, 1.75, 8.95, 1.95], "texture": "#2"},
				"up": {"uv": [8.8, 1.75, 8.7, 1.6], "texture": "#2"},
				"down": {"uv": [8.9, 1.6, 8.8, 1.75], "texture": "#2"}
			}
		},
		{
			"name": "nose",
			"from": [6.75, 11.99924, 2.75793],
			"to": [9.25, 15.74924, 4.00793],
			"rotation": {"angle": 22.5, "axis": "x", "origin": [8, 16.02754, 6.43293]},
			"faces": {
				"north": {"uv": [6.45, 1.65, 6.55, 1.8], "texture": "#2"},
				"east": {"uv": [6.4, 1.65, 6.45, 1.8], "texture": "#2"},
				"south": {"uv": [6.6, 1.65, 6.7, 1.8], "texture": "#2"},
				"west": {"uv": [6.55, 1.65, 6.6, 1.8], "texture": "#2"},
				"up": {"uv": [6.55, 1.65, 6.45, 1.6], "texture": "#2"},
				"down": {"uv": [6.65, 1.6, 6.55, 1.65], "texture": "#2"}
			}
		},
		{
			"name": "head",
			"from": [6.75, 10.74924, 4.00793],
			"to": [9.25, 15.74924, 7.75793],
			"rotation": {"angle": 22.5, "axis": "x", "origin": [8, 16.02754, 6.43293]},
			"faces": {
				"north": {"uv": [7.1, 1.75, 7.2, 1.95], "texture": "#2"},
				"east": {"uv": [6.95, 1.75, 7.1, 1.95], "texture": "#2"},
				"south": {"uv": [7.35, 1.75, 7.45, 1.95], "texture": "#2"},
				"west": {"uv": [7.2, 1.75, 7.35, 1.95], "texture": "#2"},
				"up": {"uv": [7.2, 1.75, 7.1, 1.6], "texture": "#2"},
				"down": {"uv": [7.3, 1.6, 7.2, 1.75], "texture": "#2"}
			}
		},
		{
			"name": "nose",
			"from": [6.75, 11.99924, 2.85793],
			"to": [9.25, 15.74924, 4.10793],
			"rotation": {"angle": 22, "axis": "x", "origin": [8, 16.02754, 6.43293]},
			"faces": {
				"north": {"uv": [4.85, 1.65, 4.95, 1.8], "texture": "#2"},
				"east": {"uv": [4.8, 1.65, 4.85, 1.8], "texture": "#2"},
				"south": {"uv": [5, 1.65, 5.1, 1.8], "texture": "#2"},
				"west": {"uv": [4.95, 1.65, 5, 1.8], "texture": "#2"},
				"up": {"uv": [4.95, 1.65, 4.85, 1.6], "texture": "#2"},
				"down": {"uv": [5.05, 1.6, 4.95, 1.65], "texture": "#2"}
			}
		},
		{
			"name": "head",
			"from": [6.75, 10.74924, 4.10793],
			"to": [9.25, 15.74924, 7.85793],
			"rotation": {"angle": 22, "axis": "x", "origin": [8, 16.02754, 6.43293]},
			"faces": {
				"north": {"uv": [5.5, 1.75, 5.6, 1.95], "texture": "#2"},
				"east": {"uv": [5.35, 1.75, 5.5, 1.95], "texture": "#2"},
				"south": {"uv": [5.75, 1.75, 5.85, 1.95], "texture": "#2"},
				"west": {"uv": [5.6, 1.75, 5.75, 1.95], "texture": "#2"},
				"up": {"uv": [5.6, 1.75, 5.5, 1.6], "texture": "#2"},
				"down": {"uv": [5.7, 1.6, 5.6, 1.75], "texture": "#2"}
			}
		},
		{
			"name": "nose",
			"from": [6.75, 11.99924, 2.90793],
			"to": [9.25, 15.74924, 4.15793],
			"rotation": {"angle": 21.5, "axis": "x", "origin": [8, 16.02754, 6.43293]},
			"faces": {
				"north": {"uv": [3.25, 1.65, 3.35, 1.8], "texture": "#2"},
				"east": {"uv": [3.2, 1.65, 3.25, 1.8], "texture": "#2"},
				"south": {"uv": [3.4, 1.65, 3.5, 1.8], "texture": "#2"},
				"west": {"uv": [3.35, 1.65, 3.4, 1.8], "texture": "#2"},
				"up": {"uv": [3.35, 1.65, 3.25, 1.6], "texture": "#2"},
				"down": {"uv": [3.45, 1.6, 3.35, 1.65], "texture": "#2"}
			}
		},
		{
			"name": "head",
			"from": [6.75, 10.74924, 4.15793],
			"to": [9.25, 15.74924, 7.90793],
			"rotation": {"angle": 21.5, "axis": "x", "origin": [8, 16.02754, 6.43293]},
			"faces": {
				"north": {"uv": [3.9, 1.75, 4, 1.95], "texture": "#2"},
				"east": {"uv": [3.75, 1.75, 3.9, 1.95], "texture": "#2"},
				"south": {"uv": [4.15, 1.75, 4.25, 1.95], "texture": "#2"},
				"west": {"uv": [4, 1.75, 4.15, 1.95], "texture": "#2"},
				"up": {"uv": [4, 1.75, 3.9, 1.6], "texture": "#2"},
				"down": {"uv": [4.1, 1.6, 4, 1.75], "texture": "#2"}
			}
		},
		{
			"name": "nose",
			"from": [6.75, 11.99924, 2.95793],
			"to": [9.25, 15.74924, 4.20793],
			"rotation": {"angle": 21, "axis": "x", "origin": [8, 16.02754, 6.43293]},
			"faces": {
				"north": {"uv": [1.65, 1.65, 1.75, 1.8], "texture": "#2"},
				"east": {"uv": [1.6, 1.65, 1.65, 1.8], "texture": "#2"},
				"south": {"uv": [1.8, 1.65, 1.9, 1.8], "texture": "#2"},
				"west": {"uv": [1.75, 1.65, 1.8, 1.8], "texture": "#2"},
				"up": {"uv": [1.75, 1.65, 1.65, 1.6], "texture": "#2"},
				"down": {"uv": [1.85, 1.6, 1.75, 1.65], "texture": "#2"}
			}
		},
		{
			"name": "head",
			"from": [6.75, 10.74924, 4.20793],
			"to": [9.25, 15.74924, 7.95793],
			"rotation": {"angle": 21, "axis": "x", "origin": [8, 16.02754, 6.43293]},
			"faces": {
				"north": {"uv": [2.3, 1.75, 2.4, 1.95], "texture": "#2"},
				"east": {"uv": [2.15, 1.75, 2.3, 1.95], "texture": "#2"},
				"south": {"uv": [2.55, 1.75, 2.65, 1.95], "texture": "#2"},
				"west": {"uv": [2.4, 1.75, 2.55, 1.95], "texture": "#2"},
				"up": {"uv": [2.4, 1.75, 2.3, 1.6], "texture": "#2"},
				"down": {"uv": [2.5, 1.6, 2.4, 1.75], "texture": "#2"}
			}
		},
		{
			"name": "nose",
			"from": [6.75, 11.99924, 3.00793],
			"to": [9.25, 15.74924, 4.25793],
			"rotation": {"angle": 20.5, "axis": "x", "origin": [8, 16.02754, 6.43293]},
			"faces": {
				"north": {"uv": [0.05, 1.65, 0.15, 1.8], "texture": "#2"},
				"east": {"uv": [0, 1.65, 0.05, 1.8], "texture": "#2"},
				"south": {"uv": [0.2, 1.65, 0.3, 1.8], "texture": "#2"},
				"west": {"uv": [0.15, 1.65, 0.2, 1.8], "texture": "#2"},
				"up": {"uv": [0.15, 1.65, 0.05, 1.6], "texture": "#2"},
				"down": {"uv": [0.25, 1.6, 0.15, 1.65], "texture": "#2"}
			}
		},
		{
			"name": "head",
			"from": [6.75, 10.74924, 4.25793],
			"to": [9.25, 15.74924, 8.00793],
			"rotation": {"angle": 20.5, "axis": "x", "origin": [8, 16.02754, 6.43293]},
			"faces": {
				"north": {"uv": [0.7, 1.75, 0.8, 1.95], "texture": "#2"},
				"east": {"uv": [0.55, 1.75, 0.7, 1.95], "texture": "#2"},
				"south": {"uv": [0.95, 1.75, 1.05, 1.95], "texture": "#2"},
				"west": {"uv": [0.8, 1.75, 0.95, 1.95], "texture": "#2"},
				"up": {"uv": [0.8, 1.75, 0.7, 1.6], "texture": "#2"},
				"down": {"uv": [0.9, 1.6, 0.8, 1.75], "texture": "#2"}
			}
		},
		{
			"name": "left_fin",
			"from": [4.249, 10.999, 3.59164],
			"to": [6.751, 11.001, 6.09364],
			"rotation": {"angle": 0, "axis": "x", "origin": [5.5, 10.69466, 6.49238]},
			"faces": {
				"north": {"uv": [0, 0, 0, 0], "texture": "#2"},
				"east": {"uv": [0, 0, 0, 0], "texture": "#2"},
				"south": {"uv": [0, 0, 0, 0], "texture": "#2"},
				"west": {"uv": [0, 0, 0, 0], "texture": "#2"},
				"up": {"uv": [1.5, 0.3, 1.4, 0.2], "texture": "#2"},
				"down": {"uv": [1.4, 0.2, 1.3, 0.3], "texture": "#2"}
			}
		},
		{
			"name": "left_fin",
			"from": [9.249, 10.999, 3.59164],
			"to": [11.751, 11.001, 6.09364],
			"rotation": {"angle": 0, "axis": "x", "origin": [5.5, 10.69466, 6.49238]},
			"faces": {
				"north": {"uv": [0, 0, 0, 0], "texture": "#2"},
				"east": {"uv": [0, 0, 0, 0], "texture": "#2"},
				"south": {"uv": [0, 0, 0, 0], "texture": "#2"},
				"west": {"uv": [0, 0, 0, 0], "texture": "#2"},
				"up": {"uv": [1.5, 0.15, 1.4, 0.05], "texture": "#2"},
				"down": {"uv": [1.4, 0.05, 1.3, 0.15], "texture": "#2"}
			}
		},
		{
			"name": "left_fin",
			"from": [4.249, 10.974, 3.64164],
			"to": [6.751, 10.976, 6.14364],
			"rotation": {"angle": 1, "axis": "x", "origin": [5.5, 10.69466, 6.49238]},
			"faces": {
				"north": {"uv": [0, 0, 0, 0], "texture": "#2"},
				"east": {"uv": [0, 0, 0, 0], "texture": "#2"},
				"south": {"uv": [0, 0, 0, 0], "texture": "#2"},
				"west": {"uv": [0, 0, 0, 0], "texture": "#2"},
				"up": {"uv": [3.1, 0.3, 3, 0.2], "texture": "#2"},
				"down": {"uv": [3, 0.2, 2.9, 0.3], "texture": "#2"}
			}
		},
		{
			"name": "left_fin",
			"from": [9.249, 10.974, 3.64164],
			"to": [11.751, 10.976, 6.14364],
			"rotation": {"angle": 1, "axis": "x", "origin": [5.5, 10.69466, 6.49238]},
			"faces": {
				"north": {"uv": [0, 0, 0, 0], "texture": "#2"},
				"east": {"uv": [0, 0, 0, 0], "texture": "#2"},
				"south": {"uv": [0, 0, 0, 0], "texture": "#2"},
				"west": {"uv": [0, 0, 0, 0], "texture": "#2"},
				"up": {"uv": [3.1, 0.15, 3, 0.05], "texture": "#2"},
				"down": {"uv": [3, 0.05, 2.9, 0.15], "texture": "#2"}
			}
		},
		{
			"name": "left_fin",
			"from": [4.249, 10.949, 3.69164],
			"to": [6.751, 10.951, 6.19364],
			"rotation": {"angle": 2, "axis": "x", "origin": [5.5, 10.69466, 6.49238]},
			"faces": {
				"north": {"uv": [0, 0, 0, 0], "texture": "#2"},
				"east": {"uv": [0, 0, 0, 0], "texture": "#2"},
				"south": {"uv": [0, 0, 0, 0], "texture": "#2"},
				"west": {"uv": [0, 0, 0, 0], "texture": "#2"},
				"up": {"uv": [4.7, 0.3, 4.6, 0.2], "texture": "#2"},
				"down": {"uv": [4.6, 0.2, 4.5, 0.3], "texture": "#2"}
			}
		},
		{
			"name": "left_fin",
			"from": [9.249, 10.949, 3.69164],
			"to": [11.751, 10.951, 6.19364],
			"rotation": {"angle": 2, "axis": "x", "origin": [5.5, 10.69466, 6.49238]},
			"faces": {
				"north": {"uv": [0, 0, 0, 0], "texture": "#2"},
				"east": {"uv": [0, 0, 0, 0], "texture": "#2"},
				"south": {"uv": [0, 0, 0, 0], "texture": "#2"},
				"west": {"uv": [0, 0, 0, 0], "texture": "#2"},
				"up": {"uv": [4.7, 0.15, 4.6, 0.05], "texture": "#2"},
				"down": {"uv": [4.6, 0.05, 4.5, 0.15], "texture": "#2"}
			}
		},
		{
			"name": "left_fin",
			"from": [4.249, 10.924, 3.74164],
			"to": [6.751, 10.926, 6.24364],
			"rotation": {"angle": 3, "axis": "x", "origin": [5.5, 10.69466, 6.49238]},
			"faces": {
				"north": {"uv": [0, 0, 0, 0], "texture": "#2"},
				"east": {"uv": [0, 0, 0, 0], "texture": "#2"},
				"south": {"uv": [0, 0, 0, 0], "texture": "#2"},
				"west": {"uv": [0, 0, 0, 0], "texture": "#2"},
				"up": {"uv": [6.3, 0.3, 6.2, 0.2], "texture": "#2"},
				"down": {"uv": [6.2, 0.2, 6.1, 0.3], "texture": "#2"}
			}
		},
		{
			"name": "left_fin",
			"from": [9.249, 10.924, 3.74164],
			"to": [11.751, 10.926, 6.24364],
			"rotation": {"angle": 3, "axis": "x", "origin": [5.5, 10.69466, 6.49238]},
			"faces": {
				"north": {"uv": [0, 0, 0, 0], "texture": "#2"},
				"east": {"uv": [0, 0, 0, 0], "texture": "#2"},
				"south": {"uv": [0, 0, 0, 0], "texture": "#2"},
				"west": {"uv": [0, 0, 0, 0], "texture": "#2"},
				"up": {"uv": [6.3, 0.15, 6.2, 0.05], "texture": "#2"},
				"down": {"uv": [6.2, 0.05, 6.1, 0.15], "texture": "#2"}
			}
		},
		{
			"name": "left_fin",
			"from": [4.249, 10.899, 3.79164],
			"to": [6.751, 10.901, 6.29364],
			"rotation": {"angle": 4, "axis": "x", "origin": [5.5, 10.69466, 6.49238]},
			"faces": {
				"north": {"uv": [0, 0, 0, 0], "texture": "#2"},
				"east": {"uv": [0, 0, 0, 0], "texture": "#2"},
				"south": {"uv": [0, 0, 0, 0], "texture": "#2"},
				"west": {"uv": [0, 0, 0, 0], "texture": "#2"},
				"up": {"uv": [7.9, 0.3, 7.8, 0.2], "texture": "#2"},
				"down": {"uv": [7.8, 0.2, 7.7, 0.3], "texture": "#2"}
			}
		},
		{
			"name": "left_fin",
			"from": [9.249, 10.899, 3.79164],
			"to": [11.751, 10.901, 6.29364],
			"rotation": {"angle": 4, "axis": "x", "origin": [5.5, 10.69466, 6.49238]},
			"faces": {
				"north": {"uv": [0, 0, 0, 0], "texture": "#2"},
				"east": {"uv": [0, 0, 0, 0], "texture": "#2"},
				"south": {"uv": [0, 0, 0, 0], "texture": "#2"},
				"west": {"uv": [0, 0, 0, 0], "texture": "#2"},
				"up": {"uv": [7.9, 0.15, 7.8, 0.05], "texture": "#2"},
				"down": {"uv": [7.8, 0.05, 7.7, 0.15], "texture": "#2"}
			}
		},
		{
			"name": "left_fin",
			"from": [4.249, 10.849, 3.89164],
			"to": [6.751, 10.851, 6.39364],
			"rotation": {"angle": 5, "axis": "x", "origin": [5.5, 10.69466, 6.49238]},
			"faces": {
				"north": {"uv": [0, 0, 0, 0], "texture": "#2"},
				"east": {"uv": [0, 0, 0, 0], "texture": "#2"},
				"south": {"uv": [0, 0, 0, 0], "texture": "#2"},
				"west": {"uv": [0, 0, 0, 0], "texture": "#2"},
				"up": {"uv": [9.5, 0.3, 9.4, 0.2], "texture": "#2"},
				"down": {"uv": [9.4, 0.2, 9.3, 0.3], "texture": "#2"}
			}
		},
		{
			"name": "left_fin",
			"from": [9.249, 10.849, 3.89164],
			"to": [11.751, 10.851, 6.39364],
			"rotation": {"angle": 5, "axis": "x", "origin": [5.5, 10.69466, 6.49238]},
			"faces": {
				"north": {"uv": [0, 0, 0, 0], "texture": "#2"},
				"east": {"uv": [0, 0, 0, 0], "texture": "#2"},
				"south": {"uv": [0, 0, 0, 0], "texture": "#2"},
				"west": {"uv": [0, 0, 0, 0], "texture": "#2"},
				"up": {"uv": [9.5, 0.15, 9.4, 0.05], "texture": "#2"},
				"down": {"uv": [9.4, 0.05, 9.3, 0.15], "texture": "#2"}
			}
		},
		{
			"name": "left_fin",
			"from": [4.249, 10.799, 3.99164],
			"to": [6.751, 10.801, 6.49364],
			"rotation": {"angle": 6, "axis": "x", "origin": [5.5, 10.69466, 6.49238]},
			"faces": {
				"north": {"uv": [0, 0, 0, 0], "texture": "#2"},
				"east": {"uv": [0, 0, 0, 0], "texture": "#2"},
				"south": {"uv": [0, 0, 0, 0], "texture": "#2"},
				"west": {"uv": [0, 0, 0, 0], "texture": "#2"},
				"up": {"uv": [11.1, 0.3, 11, 0.2], "texture": "#2"},
				"down": {"uv": [11, 0.2, 10.9, 0.3], "texture": "#2"}
			}
		},
		{
			"name": "left_fin",
			"from": [9.249, 10.799, 3.99164],
			"to": [11.751, 10.801, 6.49364],
			"rotation": {"angle": 6, "axis": "x", "origin": [5.5, 10.69466, 6.49238]},
			"faces": {
				"north": {"uv": [0, 0, 0, 0], "texture": "#2"},
				"east": {"uv": [0, 0, 0, 0], "texture": "#2"},
				"south": {"uv": [0, 0, 0, 0], "texture": "#2"},
				"west": {"uv": [0, 0, 0, 0], "texture": "#2"},
				"up": {"uv": [11.1, 0.15, 11, 0.05], "texture": "#2"},
				"down": {"uv": [11, 0.05, 10.9, 0.15], "texture": "#2"}
			}
		},
		{
			"name": "left_fin",
			"from": [4.249, 10.749, 4.09164],
			"to": [6.751, 10.751, 6.59364],
			"rotation": {"angle": 7, "axis": "x", "origin": [5.5, 10.69466, 6.49238]},
			"faces": {
				"north": {"uv": [0, 0, 0, 0], "texture": "#2"},
				"east": {"uv": [0, 0, 0, 0], "texture": "#2"},
				"south": {"uv": [0, 0, 0, 0], "texture": "#2"},
				"west": {"uv": [0, 0, 0, 0], "texture": "#2"},
				"up": {"uv": [12.7, 0.3, 12.6, 0.2], "texture": "#2"},
				"down": {"uv": [12.6, 0.2, 12.5, 0.3], "texture": "#2"}
			}
		},
		{
			"name": "left_fin",
			"from": [9.249, 10.749, 4.09164],
			"to": [11.751, 10.751, 6.59364],
			"rotation": {"angle": 7, "axis": "x", "origin": [5.5, 10.69466, 6.49238]},
			"faces": {
				"north": {"uv": [0, 0, 0, 0], "texture": "#2"},
				"east": {"uv": [0, 0, 0, 0], "texture": "#2"},
				"south": {"uv": [0, 0, 0, 0], "texture": "#2"},
				"west": {"uv": [0, 0, 0, 0], "texture": "#2"},
				"up": {"uv": [12.7, 0.15, 12.6, 0.05], "texture": "#2"},
				"down": {"uv": [12.6, 0.05, 12.5, 0.15], "texture": "#2"}
			}
		},
		{
			"name": "left_fin",
			"from": [4.249, 10.699, 4.19164],
			"to": [6.751, 10.701, 6.69364],
			"rotation": {"angle": 8, "axis": "x", "origin": [5.5, 10.69466, 6.49238]},
			"faces": {
				"north": {"uv": [0, 0, 0, 0], "texture": "#2"},
				"east": {"uv": [0, 0, 0, 0], "texture": "#2"},
				"south": {"uv": [0, 0, 0, 0], "texture": "#2"},
				"west": {"uv": [0, 0, 0, 0], "texture": "#2"},
				"up": {"uv": [14.3, 0.3, 14.2, 0.2], "texture": "#2"},
				"down": {"uv": [14.2, 0.2, 14.1, 0.3], "texture": "#2"}
			}
		},
		{
			"name": "left_fin",
			"from": [9.249, 10.699, 4.19164],
			"to": [11.751, 10.701, 6.69364],
			"rotation": {"angle": 8, "axis": "x", "origin": [5.5, 10.69466, 6.49238]},
			"faces": {
				"north": {"uv": [0, 0, 0, 0], "texture": "#2"},
				"east": {"uv": [0, 0, 0, 0], "texture": "#2"},
				"south": {"uv": [0, 0, 0, 0], "texture": "#2"},
				"west": {"uv": [0, 0, 0, 0], "texture": "#2"},
				"up": {"uv": [14.3, 0.15, 14.2, 0.05], "texture": "#2"},
				"down": {"uv": [14.2, 0.05, 14.1, 0.15], "texture": "#2"}
			}
		},
		{
			"name": "left_fin",
			"from": [4.249, 10.649, 4.29164],
			"to": [6.751, 10.651, 6.79364],
			"rotation": {"angle": 9, "axis": "x", "origin": [5.5, 10.69466, 6.49238]},
			"faces": {
				"north": {"uv": [0, 0, 0, 0], "texture": "#2"},
				"east": {"uv": [0, 0, 0, 0], "texture": "#2"},
				"south": {"uv": [0, 0, 0, 0], "texture": "#2"},
				"west": {"uv": [0, 0, 0, 0], "texture": "#2"},
				"up": {"uv": [15.9, 0.3, 15.8, 0.2], "texture": "#2"},
				"down": {"uv": [15.8, 0.2, 15.7, 0.3], "texture": "#2"}
			}
		},
		{
			"name": "left_fin",
			"from": [9.249, 10.649, 4.29164],
			"to": [11.751, 10.651, 6.79364],
			"rotation": {"angle": 9, "axis": "x", "origin": [5.5, 10.69466, 6.49238]},
			"faces": {
				"north": {"uv": [0, 0, 0, 0], "texture": "#2"},
				"east": {"uv": [0, 0, 0, 0], "texture": "#2"},
				"south": {"uv": [0, 0, 0, 0], "texture": "#2"},
				"west": {"uv": [0, 0, 0, 0], "texture": "#2"},
				"up": {"uv": [15.9, 0.15, 15.8, 0.05], "texture": "#2"},
				"down": {"uv": [15.8, 0.05, 15.7, 0.15], "texture": "#2"}
			}
		},
		{
			"name": "left_fin",
			"from": [4.249, 10.599, 4.39164],
			"to": [6.751, 10.601, 6.89364],
			"rotation": {"angle": 10, "axis": "x", "origin": [5.5, 10.69466, 6.49238]},
			"faces": {
				"north": {"uv": [0, 0, 0, 0], "texture": "#2"},
				"east": {"uv": [0, 0, 0, 0], "texture": "#2"},
				"south": {"uv": [0, 0, 0, 0], "texture": "#2"},
				"west": {"uv": [0, 0, 0, 0], "texture": "#2"},
				"up": {"uv": [15.9, 1.9, 15.8, 1.8], "texture": "#2"},
				"down": {"uv": [15.8, 1.8, 15.7, 1.9], "texture": "#2"}
			}
		},
		{
			"name": "left_fin",
			"from": [9.249, 10.599, 4.39164],
			"to": [11.751, 10.601, 6.89364],
			"rotation": {"angle": 10, "axis": "x", "origin": [5.5, 10.69466, 6.49238]},
			"faces": {
				"north": {"uv": [0, 0, 0, 0], "texture": "#2"},
				"east": {"uv": [0, 0, 0, 0], "texture": "#2"},
				"south": {"uv": [0, 0, 0, 0], "texture": "#2"},
				"west": {"uv": [0, 0, 0, 0], "texture": "#2"},
				"up": {"uv": [15.9, 1.75, 15.8, 1.65], "texture": "#2"},
				"down": {"uv": [15.8, 1.65, 15.7, 1.75], "texture": "#2"}
			}
		},
		{
			"name": "left_fin",
			"from": [4.249, 10.549, 4.49164],
			"to": [6.751, 10.551, 6.99364],
			"rotation": {"angle": 11, "axis": "x", "origin": [5.5, 10.69466, 6.49238]},
			"faces": {
				"north": {"uv": [0, 0, 0, 0], "texture": "#2"},
				"east": {"uv": [0, 0, 0, 0], "texture": "#2"},
				"south": {"uv": [0, 0, 0, 0], "texture": "#2"},
				"west": {"uv": [0, 0, 0, 0], "texture": "#2"},
				"up": {"uv": [14.3, 1.9, 14.2, 1.8], "texture": "#2"},
				"down": {"uv": [14.2, 1.8, 14.1, 1.9], "texture": "#2"}
			}
		},
		{
			"name": "left_fin",
			"from": [9.249, 10.549, 4.49164],
			"to": [11.751, 10.551, 6.99364],
			"rotation": {"angle": 11, "axis": "x", "origin": [5.5, 10.69466, 6.49238]},
			"faces": {
				"north": {"uv": [0, 0, 0, 0], "texture": "#2"},
				"east": {"uv": [0, 0, 0, 0], "texture": "#2"},
				"south": {"uv": [0, 0, 0, 0], "texture": "#2"},
				"west": {"uv": [0, 0, 0, 0], "texture": "#2"},
				"up": {"uv": [14.3, 1.75, 14.2, 1.65], "texture": "#2"},
				"down": {"uv": [14.2, 1.65, 14.1, 1.75], "texture": "#2"}
			}
		},
		{
			"name": "left_fin",
			"from": [4.249, 10.499, 4.59164],
			"to": [6.751, 10.501, 7.09364],
			"rotation": {"angle": 11, "axis": "x", "origin": [5.5, 10.69466, 6.49238]},
			"faces": {
				"north": {"uv": [0, 0, 0, 0], "texture": "#2"},
				"east": {"uv": [0, 0, 0, 0], "texture": "#2"},
				"south": {"uv": [0, 0, 0, 0], "texture": "#2"},
				"west": {"uv": [0, 0, 0, 0], "texture": "#2"},
				"up": {"uv": [12.7, 1.9, 12.6, 1.8], "texture": "#2"},
				"down": {"uv": [12.6, 1.8, 12.5, 1.9], "texture": "#2"}
			}
		},
		{
			"name": "left_fin",
			"from": [9.249, 10.499, 4.59164],
			"to": [11.751, 10.501, 7.09364],
			"rotation": {"angle": 11, "axis": "x", "origin": [5.5, 10.69466, 6.49238]},
			"faces": {
				"north": {"uv": [0, 0, 0, 0], "texture": "#2"},
				"east": {"uv": [0, 0, 0, 0], "texture": "#2"},
				"south": {"uv": [0, 0, 0, 0], "texture": "#2"},
				"west": {"uv": [0, 0, 0, 0], "texture": "#2"},
				"up": {"uv": [12.7, 1.75, 12.6, 1.65], "texture": "#2"},
				"down": {"uv": [12.6, 1.65, 12.5, 1.75], "texture": "#2"}
			}
		},
		{
			"name": "left_fin",
			"from": [4.249, 10.449, 4.69164],
			"to": [6.751, 10.451, 7.19364],
			"rotation": {"angle": 12, "axis": "x", "origin": [5.5, 10.69466, 6.49238]},
			"faces": {
				"north": {"uv": [0, 0, 0, 0], "texture": "#2"},
				"east": {"uv": [0, 0, 0, 0], "texture": "#2"},
				"south": {"uv": [0, 0, 0, 0], "texture": "#2"},
				"west": {"uv": [0, 0, 0, 0], "texture": "#2"},
				"up": {"uv": [11.1, 1.9, 11, 1.8], "texture": "#2"},
				"down": {"uv": [11, 1.8, 10.9, 1.9], "texture": "#2"}
			}
		},
		{
			"name": "left_fin",
			"from": [9.249, 10.449, 4.69164],
			"to": [11.751, 10.451, 7.19364],
			"rotation": {"angle": 12, "axis": "x", "origin": [5.5, 10.69466, 6.49238]},
			"faces": {
				"north": {"uv": [0, 0, 0, 0], "texture": "#2"},
				"east": {"uv": [0, 0, 0, 0], "texture": "#2"},
				"south": {"uv": [0, 0, 0, 0], "texture": "#2"},
				"west": {"uv": [0, 0, 0, 0], "texture": "#2"},
				"up": {"uv": [11.1, 1.75, 11, 1.65], "texture": "#2"},
				"down": {"uv": [11, 1.65, 10.9, 1.75], "texture": "#2"}
			}
		},
		{
			"name": "left_fin",
			"from": [4.249, 10.399, 4.79164],
			"to": [6.751, 10.401, 7.29364],
			"rotation": {"angle": 13, "axis": "x", "origin": [5.5, 10.69466, 6.49238]},
			"faces": {
				"north": {"uv": [0, 0, 0, 0], "texture": "#2"},
				"east": {"uv": [0, 0, 0, 0], "texture": "#2"},
				"south": {"uv": [0, 0, 0, 0], "texture": "#2"},
				"west": {"uv": [0, 0, 0, 0], "texture": "#2"},
				"up": {"uv": [9.5, 1.9, 9.4, 1.8], "texture": "#2"},
				"down": {"uv": [9.4, 1.8, 9.3, 1.9], "texture": "#2"}
			}
		},
		{
			"name": "left_fin",
			"from": [9.249, 10.399, 4.79164],
			"to": [11.751, 10.401, 7.29364],
			"rotation": {"angle": 13, "axis": "x", "origin": [5.5, 10.69466, 6.49238]},
			"faces": {
				"north": {"uv": [0, 0, 0, 0], "texture": "#2"},
				"east": {"uv": [0, 0, 0, 0], "texture": "#2"},
				"south": {"uv": [0, 0, 0, 0], "texture": "#2"},
				"west": {"uv": [0, 0, 0, 0], "texture": "#2"},
				"up": {"uv": [9.5, 1.75, 9.4, 1.65], "texture": "#2"},
				"down": {"uv": [9.4, 1.65, 9.3, 1.75], "texture": "#2"}
			}
		},
		{
			"name": "left_fin",
			"from": [4.249, 10.349, 4.89164],
			"to": [6.751, 10.351, 7.39364],
			"rotation": {"angle": 14, "axis": "x", "origin": [5.5, 10.69466, 6.49238]},
			"faces": {
				"north": {"uv": [0, 0, 0, 0], "texture": "#2"},
				"east": {"uv": [0, 0, 0, 0], "texture": "#2"},
				"south": {"uv": [0, 0, 0, 0], "texture": "#2"},
				"west": {"uv": [0, 0, 0, 0], "texture": "#2"},
				"up": {"uv": [7.9, 1.9, 7.8, 1.8], "texture": "#2"},
				"down": {"uv": [7.8, 1.8, 7.7, 1.9], "texture": "#2"}
			}
		},
		{
			"name": "left_fin",
			"from": [9.249, 10.349, 4.89164],
			"to": [11.751, 10.351, 7.39364],
			"rotation": {"angle": 14, "axis": "x", "origin": [5.5, 10.69466, 6.49238]},
			"faces": {
				"north": {"uv": [0, 0, 0, 0], "texture": "#2"},
				"east": {"uv": [0, 0, 0, 0], "texture": "#2"},
				"south": {"uv": [0, 0, 0, 0], "texture": "#2"},
				"west": {"uv": [0, 0, 0, 0], "texture": "#2"},
				"up": {"uv": [7.9, 1.75, 7.8, 1.65], "texture": "#2"},
				"down": {"uv": [7.8, 1.65, 7.7, 1.75], "texture": "#2"}
			}
		},
		{
			"name": "left_fin",
			"from": [4.249, 10.299, 4.99164],
			"to": [6.751, 10.301, 7.49364],
			"rotation": {"angle": 15, "axis": "x", "origin": [5.5, 10.69466, 6.49238]},
			"faces": {
				"north": {"uv": [0, 0, 0, 0], "texture": "#2"},
				"east": {"uv": [0, 0, 0, 0], "texture": "#2"},
				"south": {"uv": [0, 0, 0, 0], "texture": "#2"},
				"west": {"uv": [0, 0, 0, 0], "texture": "#2"},
				"up": {"uv": [6.3, 1.9, 6.2, 1.8], "texture": "#2"},
				"down": {"uv": [6.2, 1.8, 6.1, 1.9], "texture": "#2"}
			}
		},
		{
			"name": "left_fin",
			"from": [9.249, 10.299, 4.99164],
			"to": [11.751, 10.301, 7.49364],
			"rotation": {"angle": 15, "axis": "x", "origin": [5.5, 10.69466, 6.49238]},
			"faces": {
				"north": {"uv": [0, 0, 0, 0], "texture": "#2"},
				"east": {"uv": [0, 0, 0, 0], "texture": "#2"},
				"south": {"uv": [0, 0, 0, 0], "texture": "#2"},
				"west": {"uv": [0, 0, 0, 0], "texture": "#2"},
				"up": {"uv": [6.3, 1.75, 6.2, 1.65], "texture": "#2"},
				"down": {"uv": [6.2, 1.65, 6.1, 1.75], "texture": "#2"}
			}
		},
		{
			"name": "left_fin",
			"from": [4.249, 10.249, 5.09164],
			"to": [6.751, 10.251, 7.59364],
			"rotation": {"angle": 16, "axis": "x", "origin": [5.5, 10.69466, 6.49238]},
			"faces": {
				"north": {"uv": [0, 0, 0, 0], "texture": "#2"},
				"east": {"uv": [0, 0, 0, 0], "texture": "#2"},
				"south": {"uv": [0, 0, 0, 0], "texture": "#2"},
				"west": {"uv": [0, 0, 0, 0], "texture": "#2"},
				"up": {"uv": [4.7, 1.9, 4.6, 1.8], "texture": "#2"},
				"down": {"uv": [4.6, 1.8, 4.5, 1.9], "texture": "#2"}
			}
		},
		{
			"name": "left_fin",
			"from": [9.249, 10.249, 5.09164],
			"to": [11.751, 10.251, 7.59364],
			"rotation": {"angle": 16, "axis": "x", "origin": [5.5, 10.69466, 6.49238]},
			"faces": {
				"north": {"uv": [0, 0, 0, 0], "texture": "#2"},
				"east": {"uv": [0, 0, 0, 0], "texture": "#2"},
				"south": {"uv": [0, 0, 0, 0], "texture": "#2"},
				"west": {"uv": [0, 0, 0, 0], "texture": "#2"},
				"up": {"uv": [4.7, 1.75, 4.6, 1.65], "texture": "#2"},
				"down": {"uv": [4.6, 1.65, 4.5, 1.75], "texture": "#2"}
			}
		},
		{
			"name": "left_fin",
			"from": [4.249, 10.199, 5.19164],
			"to": [6.751, 10.201, 7.69364],
			"rotation": {"angle": 17, "axis": "x", "origin": [5.5, 10.69466, 6.49238]},
			"faces": {
				"north": {"uv": [0, 0, 0, 0], "texture": "#2"},
				"east": {"uv": [0, 0, 0, 0], "texture": "#2"},
				"south": {"uv": [0, 0, 0, 0], "texture": "#2"},
				"west": {"uv": [0, 0, 0, 0], "texture": "#2"},
				"up": {"uv": [3.1, 1.9, 3, 1.8], "texture": "#2"},
				"down": {"uv": [3, 1.8, 2.9, 1.9], "texture": "#2"}
			}
		},
		{
			"name": "left_fin",
			"from": [9.249, 10.199, 5.19164],
			"to": [11.751, 10.201, 7.69364],
			"rotation": {"angle": 17, "axis": "x", "origin": [5.5, 10.69466, 6.49238]},
			"faces": {
				"north": {"uv": [0, 0, 0, 0], "texture": "#2"},
				"east": {"uv": [0, 0, 0, 0], "texture": "#2"},
				"south": {"uv": [0, 0, 0, 0], "texture": "#2"},
				"west": {"uv": [0, 0, 0, 0], "texture": "#2"},
				"up": {"uv": [3.1, 1.75, 3, 1.65], "texture": "#2"},
				"down": {"uv": [3, 1.65, 2.9, 1.75], "texture": "#2"}
			}
		},
		{
			"name": "left_fin",
			"from": [4.249, 10.149, 5.29164],
			"to": [6.751, 10.151, 7.79364],
			"rotation": {"angle": 18, "axis": "x", "origin": [5.5, 10.69466, 6.49238]},
			"faces": {
				"north": {"uv": [0, 0, 0, 0], "texture": "#2"},
				"east": {"uv": [0, 0, 0, 0], "texture": "#2"},
				"south": {"uv": [0, 0, 0, 0], "texture": "#2"},
				"west": {"uv": [0, 0, 0, 0], "texture": "#2"},
				"up": {"uv": [1.5, 1.9, 1.4, 1.8], "texture": "#2"},
				"down": {"uv": [1.4, 1.8, 1.3, 1.9], "texture": "#2"}
			}
		},
		{
			"name": "left_fin",
			"from": [9.249, 10.149, 5.29164],
			"to": [11.751, 10.151, 7.79364],
			"rotation": {"angle": 18, "axis": "x", "origin": [5.5, 10.69466, 6.49238]},
			"faces": {
				"north": {"uv": [0, 0, 0, 0], "texture": "#2"},
				"east": {"uv": [0, 0, 0, 0], "texture": "#2"},
				"south": {"uv": [0, 0, 0, 0], "texture": "#2"},
				"west": {"uv": [0, 0, 0, 0], "texture": "#2"},
				"up": {"uv": [1.5, 1.75, 1.4, 1.65], "texture": "#2"},
				"down": {"uv": [1.4, 1.65, 1.3, 1.75], "texture": "#2"}
			}
		},
		{
			"name": "left_fin",
			"from": [4.249, 10.999, 3.59164],
			"to": [6.751, 11.001, 6.09364],
			"rotation": {"angle": 0, "axis": "x", "origin": [5.5, 10.69466, 6.49238]},
			"faces": {
				"north": {"uv": [0, 0, 0, 0], "texture": "#2"},
				"east": {"uv": [0, 0, 0, 0], "texture": "#2"},
				"south": {"uv": [0, 0, 0, 0], "texture": "#2"},
				"west": {"uv": [0, 0, 0, 0], "texture": "#2"},
				"up": {"uv": [1.5, 3.4, 1.4, 3.3], "texture": "#2"},
				"down": {"uv": [1.4, 3.3, 1.3, 3.4], "texture": "#2"}
			}
		},
		{
			"name": "left_fin",
			"from": [9.249, 10.999, 3.59164],
			"to": [11.751, 11.001, 6.09364],
			"rotation": {"angle": 0, "axis": "x", "origin": [5.5, 10.69466, 6.49238]},
			"faces": {
				"north": {"uv": [0, 0, 0, 0], "texture": "#2"},
				"east": {"uv": [0, 0, 0, 0], "texture": "#2"},
				"south": {"uv": [0, 0, 0, 0], "texture": "#2"},
				"west": {"uv": [0, 0, 0, 0], "texture": "#2"},
				"up": {"uv": [1.5, 3.25, 1.4, 3.15], "texture": "#2"},
				"down": {"uv": [1.4, 3.15, 1.3, 3.25], "texture": "#2"}
			}
		}
	],
	"display": {
		"thirdperson_righthand": {
			"rotation": [90, -90, 0],
			"translation": [0, 2.5, 0.75],
			"scale": [0.5, 0.5, 0.5]
		},
		"thirdperson_lefthand": {
			"rotation": [90, -90, 0],
			"translation": [0, 2.5, 0.75],
			"scale": [0.5, 0.5, 0.5]
		},
		"firstperson_righthand": {
			"rotation": [0, 102, 0],
			"translation": [0.5, 3.5, 1],
			"scale": [0.5, 0.5, 0.5]
		},
		"firstperson_lefthand": {
			"rotation": [0, 102, 0],
			"translation": [0.5, 3.5, 1],
			"scale": [0.5, 0.5, 0.5]
		},
		"ground": {
			"translation": [0, 3.25, 0],
			"scale": [0.6, 0.6, 0.6]
		},
		"gui": {
			"rotation": [30, 135, 0],
			"translation": [0, 1.25, 0],
			"scale": [0.75, 0.75, 0.75]
		},
		"head": {
			"translation": [0, 12.5, 0],
			"scale": [0.75, 0.75, 0.75]
		},
		"fixed": {
			"translation": [0.75, 0.25, 0.25]
		}
	},
	"groups": [
		{
			"name": "bucket",
			"origin": [5, 2, 4],
			"color": 0,
			"children": [0, 1, 2, 3, 4]
		},
		5,
		{
			"name": "body",
			"origin": [0, 2, 2.54264],
			"color": 0,
			"children": [
				{
					"name": "middle_body",
					"origin": [0, 2, 2.54264],
					"color": 0,
					"children": [
						{
							"name": "body_blink",
							"origin": [0, 2, 2.54264],
							"color": 0,
							"children": [
								6,
								{
									"name": "fin_back",
									"origin": [0, 4, 2.54264],
									"color": 0,
									"children": [7]
								}
							]
						},
						{
							"name": "body",
							"origin": [0, 2, 2.54264],
							"color": 0,
							"children": [
								8,
								{
									"name": "fin_back",
									"origin": [0, 4, 2.54264],
									"color": 0,
									"children": [9]
								}
							]
						},
						{
							"name": "body",
							"origin": [0, 2, 2.54264],
							"color": 0,
							"children": [
								10,
								{
									"name": "fin_back",
									"origin": [0, 4, 2.54264],
									"color": 0,
									"children": [11]
								}
							]
						},
						{
							"name": "body",
							"origin": [0, 2, 2.54264],
							"color": 0,
							"children": [
								12,
								{
									"name": "fin_back",
									"origin": [0, 4, 2.54264],
									"color": 0,
									"children": [13]
								}
							]
						},
						{
							"name": "body",
							"origin": [0, 2, 2.54264],
							"color": 0,
							"children": [
								14,
								{
									"name": "fin_back",
									"origin": [0, 4, 2.54264],
									"color": 0,
									"children": [15]
								}
							]
						},
						{
							"name": "body",
							"origin": [0, 2, 2.54264],
							"color": 0,
							"children": [
								16,
								{
									"name": "fin_back",
									"origin": [0, 4, 2.54264],
									"color": 0,
									"children": [17]
								}
							]
						},
						{
							"name": "body",
							"origin": [0, 2, 2.54264],
							"color": 0,
							"children": [
								18,
								{
									"name": "fin_back",
									"origin": [0, 4, 2.54264],
									"color": 0,
									"children": [19]
								}
							]
						},
						{
							"name": "body",
							"origin": [0, 2, 2.54264],
							"color": 0,
							"children": [
								20,
								{
									"name": "fin_back",
									"origin": [0, 4, 2.54264],
									"color": 0,
									"children": [21]
								}
							]
						},
						{
							"name": "body",
							"origin": [0, 2, 2.54264],
							"color": 0,
							"children": [
								22,
								{
									"name": "fin_back",
									"origin": [0, 4, 2.54264],
									"color": 0,
									"children": [23]
								}
							]
						},
						{
							"name": "body",
							"origin": [0, 2, 2.54264],
							"color": 0,
							"children": [
								24,
								{
									"name": "fin_back",
									"origin": [0, 4, 2.54264],
									"color": 0,
									"children": [25]
								}
							]
						},
						{
							"name": "body",
							"origin": [0, 2, 2.54264],
							"color": 0,
							"children": [
								26,
								{
									"name": "fin_back",
									"origin": [0, 4, 2.54264],
									"color": 0,
									"children": [27]
								}
							]
						},
						{
							"name": "body",
							"origin": [0, 2, 2.54264],
							"color": 0,
							"children": [
								28,
								{
									"name": "fin_back",
									"origin": [0, 4, 2.54264],
									"color": 0,
									"children": [29]
								}
							]
						},
						{
							"name": "body",
							"origin": [0, 2, 2.54264],
							"color": 0,
							"children": [
								30,
								{
									"name": "fin_back",
									"origin": [0, 4, 2.54264],
									"color": 0,
									"children": [31]
								}
							]
						},
						{
							"name": "body",
							"origin": [0, 2, 2.54264],
							"color": 0,
							"children": [
								32,
								{
									"name": "fin_back",
									"origin": [0, 4, 2.54264],
									"color": 0,
									"children": [33]
								}
							]
						},
						{
							"name": "body",
							"origin": [0, 2, 2.54264],
							"color": 0,
							"children": [
								34,
								{
									"name": "fin_back",
									"origin": [0, 4, 2.54264],
									"color": 0,
									"children": [35]
								}
							]
						},
						{
							"name": "body",
							"origin": [0, 2, 2.54264],
							"color": 0,
							"children": [
								36,
								{
									"name": "fin_back",
									"origin": [0, 4, 2.54264],
									"color": 0,
									"children": [37]
								}
							]
						},
						{
							"name": "body",
							"origin": [0, 2, 2.54264],
							"color": 0,
							"children": [
								38,
								{
									"name": "fin_back",
									"origin": [0, 4, 2.54264],
									"color": 0,
									"children": [39]
								}
							]
						},
						{
							"name": "body",
							"origin": [0, 2, 2.54264],
							"color": 0,
							"children": [
								40,
								{
									"name": "fin_back",
									"origin": [0, 4, 2.54264],
									"color": 0,
									"children": [41]
								}
							]
						},
						{
							"name": "body",
							"origin": [0, 2, 2.54264],
							"color": 0,
							"children": [
								42,
								{
									"name": "fin_back",
									"origin": [0, 4, 2.54264],
									"color": 0,
									"children": [43]
								}
							]
						},
						{
							"name": "body",
							"origin": [0, 2, 2.54264],
							"color": 0,
							"children": [
								44,
								{
									"name": "fin_back",
									"origin": [0, 4, 2.54264],
									"color": 0,
									"children": [45]
								}
							]
						},
						{
							"name": "body",
							"origin": [0, 2, 2.54264],
							"color": 0,
							"children": [
								46,
								{
									"name": "fin_back",
									"origin": [0, 4, 2.54264],
									"color": 0,
									"children": [47]
								}
							]
						}
					]
				},
				{
					"name": "head",
					"origin": [0, 2, -0.45736],
					"color": 0,
					"children": [
						{
							"name": "head_blink",
							"origin": [0, 2, -0.45736],
							"color": 0,
							"children": [
								{
									"name": "nose",
									"origin": [0, 2, -0.45736],
									"color": 0,
									"children": [48]
								},
								{
									"name": "head",
									"origin": [0, 2, 2.54264],
									"color": 0,
									"children": [49]
								}
							]
						},
						{
							"name": "head",
							"origin": [0, 2, -0.45736],
							"color": 0,
							"children": [
								{
									"name": "nose",
									"origin": [0, 2, -0.45736],
									"color": 0,
									"children": [50]
								},
								{
									"name": "head",
									"origin": [0, 2, 2.54264],
									"color": 0,
									"children": [51]
								}
							]
						},
						{
							"name": "head",
							"origin": [0, 2, -0.45736],
							"color": 0,
							"children": [
								{
									"name": "nose",
									"origin": [0, 2, -0.45736],
									"color": 0,
									"children": [52]
								},
								{
									"name": "head",
									"origin": [0, 2, 2.54264],
									"color": 0,
									"children": [53]
								}
							]
						},
						{
							"name": "head",
							"origin": [0, 2, -0.45736],
							"color": 0,
							"children": [
								{
									"name": "nose",
									"origin": [0, 2, -0.45736],
									"color": 0,
									"children": [54]
								},
								{
									"name": "head",
									"origin": [0, 2, 2.54264],
									"color": 0,
									"children": [55]
								}
							]
						},
						{
							"name": "head",
							"origin": [0, 2, -0.45736],
							"color": 0,
							"children": [
								{
									"name": "nose",
									"origin": [0, 2, -0.45736],
									"color": 0,
									"children": [56]
								},
								{
									"name": "head",
									"origin": [0, 2, 2.54264],
									"color": 0,
									"children": [57]
								}
							]
						},
						{
							"name": "head",
							"origin": [0, 2, -0.45736],
							"color": 0,
							"children": [
								{
									"name": "nose",
									"origin": [0, 2, -0.45736],
									"color": 0,
									"children": [58]
								},
								{
									"name": "head",
									"origin": [0, 2, 2.54264],
									"color": 0,
									"children": [59]
								}
							]
						},
						{
							"name": "head",
							"origin": [0, 2, -0.45736],
							"color": 0,
							"children": [
								{
									"name": "nose",
									"origin": [0, 2, -0.45736],
									"color": 0,
									"children": [60]
								},
								{
									"name": "head",
									"origin": [0, 2, 2.54264],
									"color": 0,
									"children": [61]
								}
							]
						},
						{
							"name": "head",
							"origin": [0, 2, -0.45736],
							"color": 0,
							"children": [
								{
									"name": "nose",
									"origin": [0, 2, -0.45736],
									"color": 0,
									"children": [62]
								},
								{
									"name": "head",
									"origin": [0, 2, 2.54264],
									"color": 0,
									"children": [63]
								}
							]
						},
						{
							"name": "head",
							"origin": [0, 2, -0.45736],
							"color": 0,
							"children": [
								{
									"name": "nose",
									"origin": [0, 2, -0.45736],
									"color": 0,
									"children": [64]
								},
								{
									"name": "head",
									"origin": [0, 2, 2.54264],
									"color": 0,
									"children": [65]
								}
							]
						},
						{
							"name": "head",
							"origin": [0, 2, -0.45736],
							"color": 0,
							"children": [
								{
									"name": "nose",
									"origin": [0, 2, -0.45736],
									"color": 0,
									"children": [66]
								},
								{
									"name": "head",
									"origin": [0, 2, 2.54264],
									"color": 0,
									"children": [67]
								}
							]
						},
						{
							"name": "head",
							"origin": [0, 2, -0.45736],
							"color": 0,
							"children": [
								{
									"name": "nose",
									"origin": [0, 2, -0.45736],
									"color": 0,
									"children": [68]
								},
								{
									"name": "head",
									"origin": [0, 2, 2.54264],
									"color": 0,
									"children": [69]
								}
							]
						},
						{
							"name": "head",
							"origin": [0, 2, -0.45736],
							"color": 0,
							"children": [
								{
									"name": "nose",
									"origin": [0, 2, -0.45736],
									"color": 0,
									"children": [70]
								},
								{
									"name": "head",
									"origin": [0, 2, 2.54264],
									"color": 0,
									"children": [71]
								}
							]
						},
						{
							"name": "head",
							"origin": [0, 2, -0.45736],
							"color": 0,
							"children": [
								{
									"name": "nose",
									"origin": [0, 2, -0.45736],
									"color": 0,
									"children": [72]
								},
								{
									"name": "head",
									"origin": [0, 2, 2.54264],
									"color": 0,
									"children": [73]
								}
							]
						},
						{
							"name": "head",
							"origin": [0, 2, -0.45736],
							"color": 0,
							"children": [
								{
									"name": "nose",
									"origin": [0, 2, -0.45736],
									"color": 0,
									"children": [74]
								},
								{
									"name": "head",
									"origin": [0, 2, 2.54264],
									"color": 0,
									"children": [75]
								}
							]
						},
						{
							"name": "head",
							"origin": [0, 2, -0.45736],
							"color": 0,
							"children": [
								{
									"name": "nose",
									"origin": [0, 2, -0.45736],
									"color": 0,
									"children": [76]
								},
								{
									"name": "head",
									"origin": [0, 2, 2.54264],
									"color": 0,
									"children": [77]
								}
							]
						},
						{
							"name": "head",
							"origin": [0, 2, -0.45736],
							"color": 0,
							"children": [
								{
									"name": "nose",
									"origin": [0, 2, -0.45736],
									"color": 0,
									"children": [78]
								},
								{
									"name": "head",
									"origin": [0, 2, 2.54264],
									"color": 0,
									"children": [79]
								}
							]
						},
						{
							"name": "head",
							"origin": [0, 2, -0.45736],
							"color": 0,
							"children": [
								{
									"name": "nose",
									"origin": [0, 2, -0.45736],
									"color": 0,
									"children": [80]
								},
								{
									"name": "head",
									"origin": [0, 2, 2.54264],
									"color": 0,
									"children": [81]
								}
							]
						},
						{
							"name": "head",
							"origin": [0, 2, -0.45736],
							"color": 0,
							"children": [
								{
									"name": "nose",
									"origin": [0, 2, -0.45736],
									"color": 0,
									"children": [82]
								},
								{
									"name": "head",
									"origin": [0, 2, 2.54264],
									"color": 0,
									"children": [83]
								}
							]
						},
						{
							"name": "head",
							"origin": [0, 2, -0.45736],
							"color": 0,
							"children": [
								{
									"name": "nose",
									"origin": [0, 2, -0.45736],
									"color": 0,
									"children": [84]
								},
								{
									"name": "head",
									"origin": [0, 2, 2.54264],
									"color": 0,
									"children": [85]
								}
							]
						},
						{
							"name": "head",
							"origin": [0, 2, -0.45736],
							"color": 0,
							"children": [
								{
									"name": "nose",
									"origin": [0, 2, -0.45736],
									"color": 0,
									"children": [86]
								},
								{
									"name": "head",
									"origin": [0, 2, 2.54264],
									"color": 0,
									"children": [87]
								}
							]
						},
						{
							"name": "head",
							"origin": [0, 2, -0.45736],
							"color": 0,
							"children": [
								{
									"name": "nose",
									"origin": [0, 2, -0.45736],
									"color": 0,
									"children": [88]
								},
								{
									"name": "head",
									"origin": [0, 2, 2.54264],
									"color": 0,
									"children": [89]
								}
							]
						}
					]
				},
				{
					"name": "fins",
					"origin": [-1, 1, 2.54264],
					"color": 0,
					"children": [
						{
							"name": "fins",
							"origin": [-1, 1, 2.54264],
							"rotation": [0, 0, 45],
							"color": 0,
							"children": [90, 91]
						},
						{
							"name": "fins",
							"origin": [-1, 1, 2.54264],
							"rotation": [0, 0, 45],
							"color": 0,
							"children": [92, 93]
						},
						{
							"name": "fins",
							"origin": [-1, 1, 2.54264],
							"rotation": [0, 0, 45],
							"color": 0,
							"children": [94, 95]
						},
						{
							"name": "fins",
							"origin": [-1, 1, 2.54264],
							"rotation": [0, 0, 45],
							"color": 0,
							"children": [96, 97]
						},
						{
							"name": "fins",
							"origin": [-1, 1, 2.54264],
							"rotation": [0, 0, 45],
							"color": 0,
							"children": [98, 99]
						},
						{
							"name": "fins",
							"origin": [-1, 1, 2.54264],
							"rotation": [0, 0, 45],
							"color": 0,
							"children": [100, 101]
						},
						{
							"name": "fins",
							"origin": [-1, 1, 2.54264],
							"rotation": [0, 0, 45],
							"color": 0,
							"children": [102, 103]
						},
						{
							"name": "fins",
							"origin": [-1, 1, 2.54264],
							"rotation": [0, 0, 45],
							"color": 0,
							"children": [104, 105]
						},
						{
							"name": "fins",
							"origin": [-1, 1, 2.54264],
							"rotation": [0, 0, 45],
							"color": 0,
							"children": [106, 107]
						},
						{
							"name": "fins",
							"origin": [-1, 1, 2.54264],
							"rotation": [0, 0, 45],
							"color": 0,
							"children": [108, 109]
						},
						{
							"name": "fins",
							"origin": [-1, 1, 2.54264],
							"rotation": [0, 0, 45],
							"color": 0,
							"children": [110, 111]
						},
						{
							"name": "fins",
							"origin": [-1, 1, 2.54264],
							"rotation": [0, 0, 45],
							"color": 0,
							"children": [112, 113]
						},
						{
							"name": "fins",
							"origin": [-1, 1, 2.54264],
							"rotation": [0, 0, 45],
							"color": 0,
							"children": [114, 115]
						},
						{
							"name": "fins",
							"origin": [-1, 1, 2.54264],
							"rotation": [0, 0, 45],
							"color": 0,
							"children": [116, 117]
						},
						{
							"name": "fins",
							"origin": [-1, 1, 2.54264],
							"rotation": [0, 0, 45],
							"color": 0,
							"children": [118, 119]
						},
						{
							"name": "fins",
							"origin": [-1, 1, 2.54264],
							"rotation": [0, 0, 45],
							"color": 0,
							"children": [120, 121]
						},
						{
							"name": "fins",
							"origin": [-1, 1, 2.54264],
							"rotation": [0, 0, 45],
							"color": 0,
							"children": [122, 123]
						},
						{
							"name": "fins",
							"origin": [-1, 1, 2.54264],
							"rotation": [0, 0, 45],
							"color": 0,
							"children": [124, 125]
						},
						{
							"name": "fins",
							"origin": [-1, 1, 2.54264],
							"rotation": [0, 0, 45],
							"color": 0,
							"children": [126, 127]
						},
						{
							"name": "fins",
							"origin": [-1, 1, 2.54264],
							"rotation": [0, 0, 45],
							"color": 0,
							"children": [128, 129]
						},
						{
							"name": "fins_blink",
							"origin": [-1, 1, 2.54264],
							"rotation": [0, 0, 45],
							"color": 0,
							"children": [130, 131]
						}
					]
				}
			]
		}
	]
}