{
	"format_version": "1.21.6",
	"credit": "cyberia was here",
	"texture_size": [64, 64],
	"textures": {
		"0": "item/bucket_3d",
		"2": "item/tropical_fish_bucket_water_3d",
		"3": "item/pufferfish_bucket_3d",
		"particle": "item/bucket_3d"
	},
	"elements": [
		{
			"from": [4, 3, 4],
			"to": [12, 10, 12],
			"rotation": {"angle": 0, "axis": "y", "origin": [10, 8, 7.8]},
			"faces": {
				"north": {"uv": [4, 14, 12, 6], "texture": "#2", "tintindex": 0},
				"east": {"uv": [4, 14, 12, 6], "texture": "#2", "tintindex": 0},
				"south": {"uv": [4, 14, 12, 6], "texture": "#2"},
				"west": {"uv": [4, 14, 12, 6], "texture": "#2", "tintindex": 0},
				"up": {"uv": [4, 6, 12, 14], "texture": "#2", "tintindex": 0},
				"down": {"uv": [4, 6, 12, 14], "texture": "#2", "tintindex": 0}
			}
		},
		{
			"name": "bottom",
			"from": [4, 0, 4],
			"to": [12, 2, 12],
			"rotation": {"angle": 0, "axis": "y", "origin": [4, 0, 5]},
			"faces": {
				"north": {"uv": [2, 6, 4, 6.5], "texture": "#0"},
				"east": {"uv": [4, 6, 6, 6.5], "texture": "#0"},
				"south": {"uv": [6, 6, 8, 6.5], "texture": "#0"},
				"west": {"uv": [2, 6.5, 4, 7], "texture": "#0"},
				"up": {"uv": [6.5, 6, 4.5, 4], "texture": "#0"},
				"down": {"uv": [2, 6, 0, 8], "texture": "#0"}
			}
		},
		{
			"name": "side1",
			"from": [3, 2, 3],
			"to": [12, 11, 4],
			"rotation": {"angle": 0, "axis": "y", "origin": [4, 3, 4]},
			"faces": {
				"north": {"uv": [9.25, 0, 11.5, 2.25], "texture": "#0"},
				"east": {"uv": [4.25, 6.75, 4.5, 8.75], "texture": "#0"},
				"south": {"uv": [11.5, 0, 13.75, 2.25], "texture": "#0"},
				"west": {"uv": [4.5, 6.75, 4.75, 9], "texture": "#0"},
				"up": {"uv": [6.25, 6.75, 4, 6.5], "texture": "#0"},
				"down": {"uv": [8.75, 4, 6.5, 4.25], "texture": "#0"}
			}
		},
		{
			"name": "side2",
			"from": [12, 2, 3],
			"to": [13, 11, 12],
			"rotation": {"angle": 0, "axis": "y", "origin": [5, 3, 4]},
			"faces": {
				"north": {"uv": [4.75, 6.75, 5, 9], "texture": "#0"},
				"east": {"uv": [9.25, 0, 11.5, 2.25], "texture": "#0"},
				"south": {"uv": [5, 6.75, 5.25, 8.75], "texture": "#0"},
				"west": {"uv": [11.5, 0, 13.75, 2.25], "texture": "#0"},
				"up": {"uv": [6.5, 8.75, 6.25, 6.5], "texture": "#0"},
				"down": {"uv": [6.75, 6.5, 6.5, 8.75], "texture": "#0"}
			}
		},
		{
			"name": "side3",
			"from": [4, 2, 12],
			"to": [13, 11, 13],
			"rotation": {"angle": 0, "axis": "y", "origin": [5, 3, 13]},
			"faces": {
				"north": {"uv": [11.5, 0, 13.75, 2.25], "texture": "#0"},
				"east": {"uv": [5.25, 6.75, 5.5, 9], "texture": "#0"},
				"south": {"uv": [9.25, 0, 11.5, 2.25], "texture": "#0"},
				"west": {"uv": [5.5, 6.75, 5.75, 8.75], "texture": "#0"},
				"up": {"uv": [8.75, 4.5, 6.5, 4.25], "texture": "#0"},
				"down": {"uv": [8.75, 4.5, 6.5, 4.75], "texture": "#0"}
			}
		},
		{
			"name": "side4",
			"from": [3, 2, 4],
			"to": [4, 11, 13],
			"rotation": {"angle": 0, "axis": "y", "origin": [-4, 3, 5]},
			"faces": {
				"north": {"uv": [5.75, 6.75, 6, 8.75], "texture": "#0"},
				"east": {"uv": [11.5, 0, 13.75, 2.25], "texture": "#0"},
				"south": {"uv": [6, 6.75, 6.25, 9], "texture": "#0"},
				"west": {"uv": [9.25, 0, 11.5, 2.25], "texture": "#0"},
				"up": {"uv": [7, 2.25, 6.75, 0], "texture": "#0"},
				"down": {"uv": [4.25, 6.75, 4, 9], "texture": "#0"}
			}
		},
		{
			"name": "body",
			"from": [4, 8, 4],
			"to": [12, 16, 12],
			"rotation": {"angle": 0, "axis": "y", "origin": [8, 7, 8]},
			"faces": {
				"north": {"uv": [2, 2, 4, 4], "texture": "#3"},
				"east": {"uv": [0, 2, 2, 4], "texture": "#3"},
				"south": {"uv": [6, 2, 8, 4], "texture": "#3"},
				"west": {"uv": [4, 2, 6, 4], "texture": "#3"},
				"up": {"uv": [4, 2, 2, 0], "texture": "#3"},
				"down": {"uv": [6, 0, 4, 2], "texture": "#3"}
			}
		},
		{
			"name": "fin_left",
			"from": [2, 15, 5.01],
			"to": [4, 15, 7.01],
			"rotation": {"angle": -15, "axis": "z", "origin": [4, 15, 6.01]},
			"faces": {
				"up": {"uv": [0.5, 7, 0, 6.5], "texture": "#3"},
				"down": {"uv": [0, 7, 0.5, 7.5], "texture": "#3"}
			}
		},
		{
			"name": "fin_left",
			"from": [2, 15, 5.01],
			"to": [4, 15, 7.01],
			"rotation": {"angle": -12.5, "axis": "z", "origin": [4, 15, 6.01]},
			"faces": {
				"up": {"uv": [1, 7, 0.5, 6.5], "texture": "#3"},
				"down": {"uv": [0.5, 7, 1, 7.5], "texture": "#3"}
			}
		},
		{
			"name": "fin_left",
			"from": [2, 15, 5.01],
			"to": [4, 15, 7.01],
			"rotation": {"angle": -10, "axis": "z", "origin": [4, 15, 6.01]},
			"faces": {
				"up": {"uv": [1.5, 7, 1, 6.5], "texture": "#3"},
				"down": {"uv": [1, 7, 1.5, 7.5], "texture": "#3"}
			}
		},
		{
			"name": "fin_left",
			"from": [2, 15, 5.01],
			"to": [4, 15, 7.01],
			"rotation": {"angle": -7.5, "axis": "z", "origin": [4, 15, 6.01]},
			"faces": {
				"up": {"uv": [2, 7, 1.5, 6.5], "texture": "#3"},
				"down": {"uv": [1.5, 7, 2, 7.5], "texture": "#3"}
			}
		},
		{
			"name": "fin_left",
			"from": [2, 15, 5.01],
			"to": [4, 15, 7.01],
			"rotation": {"angle": -5, "axis": "z", "origin": [4, 15, 6.01]},
			"faces": {
				"up": {"uv": [2.5, 7, 2, 6.5], "texture": "#3"},
				"down": {"uv": [2, 7, 2.5, 7.5], "texture": "#3"}
			}
		},
		{
			"name": "fin_left",
			"from": [2, 15, 5.01],
			"to": [4, 15, 7.01],
			"rotation": {"angle": -2.5, "axis": "z", "origin": [4, 15, 6.01]},
			"faces": {
				"up": {"uv": [3, 7, 2.5, 6.5], "texture": "#3"},
				"down": {"uv": [2.5, 7, 3, 7.5], "texture": "#3"}
			}
		},
		{
			"name": "fin_left",
			"from": [2, 15, 5.01],
			"to": [4, 15, 7.01],
			"rotation": {"angle": 0, "axis": "y", "origin": [4, 15, 6.01]},
			"faces": {
				"up": {"uv": [3.5, 7, 3, 6.5], "texture": "#3"},
				"down": {"uv": [3, 7, 3.5, 7.5], "texture": "#3"}
			}
		},
		{
			"name": "fin_left",
			"from": [2, 15, 5.01],
			"to": [4, 15, 7.01],
			"rotation": {"angle": 2.5, "axis": "z", "origin": [4, 15, 6.01]},
			"faces": {
				"up": {"uv": [4, 7, 3.5, 6.5], "texture": "#3"},
				"down": {"uv": [3.5, 7, 4, 7.5], "texture": "#3"}
			}
		},
		{
			"name": "fin_left",
			"from": [2, 15, 5.01],
			"to": [4, 15, 7.01],
			"rotation": {"angle": 5, "axis": "z", "origin": [4, 15, 6.01]},
			"faces": {
				"up": {"uv": [4.5, 7, 4, 6.5], "texture": "#3"},
				"down": {"uv": [4, 7, 4.5, 7.5], "texture": "#3"}
			}
		},
		{
			"name": "fin_left",
			"from": [2, 15, 5.01],
			"to": [4, 15, 7.01],
			"rotation": {"angle": 7.5, "axis": "z", "origin": [4, 15, 6.01]},
			"faces": {
				"up": {"uv": [5, 7, 4.5, 6.5], "texture": "#3"},
				"down": {"uv": [4.5, 7, 5, 7.5], "texture": "#3"}
			}
		},
		{
			"name": "fin_left",
			"from": [2, 15, 5.01],
			"to": [4, 15, 7.01],
			"rotation": {"angle": 10, "axis": "z", "origin": [4, 15, 6.01]},
			"faces": {
				"up": {"uv": [5.5, 7, 5, 6.5], "texture": "#3"},
				"down": {"uv": [5, 7, 5.5, 7.5], "texture": "#3"}
			}
		},
		{
			"name": "fin_left",
			"from": [2, 15, 5.01],
			"to": [4, 15, 7.01],
			"rotation": {"angle": 12.5, "axis": "z", "origin": [4, 15, 6.01]},
			"faces": {
				"up": {"uv": [6, 7, 5.5, 6.5], "texture": "#3"},
				"down": {"uv": [5.5, 7, 6, 7.5], "texture": "#3"}
			}
		},
		{
			"name": "fin_left",
			"from": [2, 15, 5.01],
			"to": [4, 15, 7.01],
			"rotation": {"angle": 15, "axis": "z", "origin": [4, 15, 6.01]},
			"faces": {
				"up": {"uv": [6.5, 7, 6, 6.5], "texture": "#3"},
				"down": {"uv": [6, 7, 6.5, 7.5], "texture": "#3"}
			}
		},
		{
			"name": "fin_right",
			"from": [12, 15, 5.01],
			"to": [14, 15, 7.01],
			"rotation": {"angle": 15, "axis": "z", "origin": [12, 15, 6.01]},
			"faces": {
				"up": {"uv": [0, 7, 0.5, 6.5], "texture": "#3"},
				"down": {"uv": [0.5, 7, 0, 7.5], "texture": "#3"}
			}
		},
		{
			"name": "fin_right",
			"from": [12, 15, 5.01],
			"to": [14, 15, 7.01],
			"rotation": {"angle": 12.5, "axis": "z", "origin": [12, 15, 6.01]},
			"faces": {
				"up": {"uv": [0.5, 7, 1, 6.5], "texture": "#3"},
				"down": {"uv": [1, 7, 0.5, 7.5], "texture": "#3"}
			}
		},
		{
			"name": "fin_right",
			"from": [12, 15, 5.01],
			"to": [14, 15, 7.01],
			"rotation": {"angle": 10, "axis": "z", "origin": [12, 15, 6.01]},
			"faces": {
				"up": {"uv": [1, 7, 1.5, 6.5], "texture": "#3"},
				"down": {"uv": [1.5, 7, 1, 7.5], "texture": "#3"}
			}
		},
		{
			"name": "fin_right",
			"from": [12, 15, 5.01],
			"to": [14, 15, 7.01],
			"rotation": {"angle": 7.5, "axis": "z", "origin": [12, 15, 6.01]},
			"faces": {
				"up": {"uv": [1.5, 7, 2, 6.5], "texture": "#3"},
				"down": {"uv": [2, 7, 1.5, 7.5], "texture": "#3"}
			}
		},
		{
			"name": "fin_right",
			"from": [12, 15, 5.01],
			"to": [14, 15, 7.01],
			"rotation": {"angle": 5, "axis": "z", "origin": [12, 15, 6.01]},
			"faces": {
				"up": {"uv": [2, 7, 2.5, 6.5], "texture": "#3"},
				"down": {"uv": [2.5, 7, 2, 7.5], "texture": "#3"}
			}
		},
		{
			"name": "fin_right",
			"from": [12, 15, 5.01],
			"to": [14, 15, 7.01],
			"rotation": {"angle": 2.5, "axis": "z", "origin": [12, 15, 6.01]},
			"faces": {
				"up": {"uv": [2.5, 7, 3, 6.5], "texture": "#3"},
				"down": {"uv": [3, 7, 2.5, 7.5], "texture": "#3"}
			}
		},
		{
			"name": "fin_right",
			"from": [12, 15, 5.01],
			"to": [14, 15, 7.01],
			"rotation": {"angle": 0, "axis": "y", "origin": [12, 15, 6.01]},
			"faces": {
				"up": {"uv": [3, 7, 3.5, 6.5], "texture": "#3"},
				"down": {"uv": [3.5, 7, 3, 7.5], "texture": "#3"}
			}
		},
		{
			"name": "fin_right",
			"from": [12, 15, 5.01],
			"to": [14, 15, 7.01],
			"rotation": {"angle": -2.5, "axis": "z", "origin": [12, 15, 6.01]},
			"faces": {
				"up": {"uv": [3.5, 7, 4, 6.5], "texture": "#3"},
				"down": {"uv": [4, 7, 3.5, 7.5], "texture": "#3"}
			}
		},
		{
			"name": "fin_right",
			"from": [12, 15, 5.01],
			"to": [14, 15, 7.01],
			"rotation": {"angle": -5, "axis": "z", "origin": [12, 15, 6.01]},
			"faces": {
				"up": {"uv": [4, 7, 4.5, 6.5], "texture": "#3"},
				"down": {"uv": [4.5, 7, 4, 7.5], "texture": "#3"}
			}
		},
		{
			"name": "fin_right",
			"from": [12, 15, 5.01],
			"to": [14, 15, 7.01],
			"rotation": {"angle": -7.5, "axis": "z", "origin": [12, 15, 6.01]},
			"faces": {
				"up": {"uv": [4.5, 7, 5, 6.5], "texture": "#3"},
				"down": {"uv": [5, 7, 4.5, 7.5], "texture": "#3"}
			}
		},
		{
			"name": "fin_right",
			"from": [12, 15, 5.01],
			"to": [14, 15, 7.01],
			"rotation": {"angle": -10, "axis": "z", "origin": [12, 15, 6.01]},
			"faces": {
				"up": {"uv": [5, 7, 5.5, 6.5], "texture": "#3"},
				"down": {"uv": [5.5, 7, 5, 7.5], "texture": "#3"}
			}
		},
		{
			"name": "fin_right",
			"from": [12, 15, 5.01],
			"to": [14, 15, 7.01],
			"rotation": {"angle": -12.5, "axis": "z", "origin": [12, 15, 6.01]},
			"faces": {
				"up": {"uv": [5.5, 7, 6, 6.5], "texture": "#3"},
				"down": {"uv": [6, 7, 5.5, 7.5], "texture": "#3"}
			}
		},
		{
			"name": "fin_right",
			"from": [12, 15, 5.01],
			"to": [14, 15, 7.01],
			"rotation": {"angle": -15, "axis": "z", "origin": [12, 15, 6.01]},
			"faces": {
				"up": {"uv": [6, 7, 6.5, 6.5], "texture": "#3"},
				"down": {"uv": [6.5, 7, 6, 7.5], "texture": "#3"}
			}
		},
		{
			"name": "spikes_front_top",
			"from": [4, 13.24264, 8.65685],
			"to": [12, 14.24264, 8.65685],
			"rotation": {"angle": -45, "axis": "x", "origin": [8, 9, 3]},
			"faces": {
				"north": {"uv": [3.75, 4.25, 5.75, 4.5], "texture": "#3"},
				"south": {"uv": [5.75, 4.25, 3.75, 4.5], "texture": "#3"}
			}
		},
		{
			"name": "spikes_middle_top",
			"from": [4, 16, 8],
			"to": [12, 17, 8],
			"rotation": {"angle": 0, "axis": "y", "origin": [8, 7, 8]},
			"faces": {
				"north": {"uv": [3.75, 4.25, 5.75, 4.5], "texture": "#3"},
				"south": {"uv": [5.75, 4.25, 3.75, 4.5], "texture": "#3"}
			}
		},
		{
			"name": "spikes_back_top",
			"from": [4, 14.65685, 6.75736],
			"to": [12, 15.65685, 6.75736],
			"rotation": {"angle": 45, "axis": "x", "origin": [8, 9, 11]},
			"faces": {
				"north": {"uv": [5.75, 4.5, 7.75, 4.75], "texture": "#3"},
				"south": {"uv": [7.75, 4.5, 5.75, 4.75], "texture": "#3"}
			}
		},
		{
			"name": "spikes_front_left",
			"from": [3.70711, 8, 3.70711],
			"to": [4.70711, 16, 3.70711],
			"rotation": {"angle": -45, "axis": "y", "origin": [4, 5, 3]},
			"faces": {
				"north": {"uv": [0.25, 4.25, 0.5, 6.25], "texture": "#3"},
				"south": {"uv": [0.25, 4.25, 0.5, 6.25], "texture": "#3"}
			}
		},
		{
			"name": "spikes_front_right",
			"from": [11.29289, 8, 3.70711],
			"to": [12.29289, 16, 3.70711],
			"rotation": {"angle": 45, "axis": "y", "origin": [12, 5, 3]},
			"faces": {
				"north": {"uv": [1.25, 4.25, 1.5, 6.25], "texture": "#3"},
				"south": {"uv": [1.25, 4.25, 1.5, 6.25], "texture": "#3"}
			}
		},
		{
			"name": "spikes_back_left",
			"from": [2.29289, 8, 11.70711],
			"to": [3.29289, 16, 11.70711],
			"rotation": {"angle": 45, "axis": "y", "origin": [4, 5, 11]},
			"faces": {
				"north": {"uv": [2.25, 4.25, 2.5, 6.25], "texture": "#3"},
				"south": {"uv": [2.25, 4.25, 2.5, 6.25], "texture": "#3"}
			}
		},
		{
			"name": "spikes_back_right",
			"from": [12.70711, 8, 11.70711],
			"to": [13.70711, 16, 11.70711],
			"rotation": {"angle": -45, "axis": "y", "origin": [12, 5, 11]},
			"faces": {
				"north": {"uv": [2.25, 4.25, 2.5, 6.25], "texture": "#3"},
				"south": {"uv": [2.25, 4.25, 2.5, 6.25], "texture": "#3"}
			}
		},
		{
			"name": "spikes_front_bottom",
			"from": [4, 5.65685, -1.24264],
			"to": [12, 6.65685, -1.24264],
			"rotation": {"angle": 45, "axis": "x", "origin": [8, 1, 3]},
			"faces": {
				"north": {"uv": [3.75, 5, 5.75, 5.25], "texture": "#3"},
				"south": {"uv": [5.75, 5, 3.75, 5.25], "texture": "#3"}
			}
		},
		{
			"name": "spikes_middle_bottom",
			"from": [4, 7, 8],
			"to": [12, 8, 8],
			"rotation": {"angle": 0, "axis": "y", "origin": [8, 7, 8]},
			"faces": {
				"north": {"uv": [3.75, 5, 5.75, 5.25], "texture": "#3"},
				"south": {"uv": [5.75, 5, 3.75, 5.25], "texture": "#3"}
			}
		},
		{
			"name": "spikes_back_bottom",
			"from": [4, 4.24264, 16.65685],
			"to": [12, 5.24264, 16.65685],
			"rotation": {"angle": -45, "axis": "x", "origin": [8, 1, 11]},
			"faces": {
				"north": {"uv": [3.75, 5, 5.75, 5.25], "texture": "#3"},
				"south": {"uv": [5.75, 5, 3.75, 5.25], "texture": "#3"}
			}
		},
		{
			"name": "body",
			"from": [6.5, 8, 4.5],
			"to": [9.5, 10, 7.5],
			"rotation": {"angle": 27.5, "axis": "x", "origin": [8, 8, 6]},
			"faces": {
				"north": {"uv": [0.75, 9.25, 1.5, 9.75], "texture": "#3"},
				"east": {"uv": [0, 9.25, 0.75, 9.75], "texture": "#3"},
				"south": {"uv": [2.25, 9.25, 3, 9.75], "texture": "#3"},
				"west": {"uv": [1.5, 9.25, 2.25, 9.75], "texture": "#3"},
				"up": {"uv": [1.5, 9.25, 0.75, 8.5], "texture": "#3"},
				"down": {"uv": [2.25, 8.5, 1.5, 9.25], "texture": "#3"}
			}
		},
		{
			"name": "tail",
			"from": [6.5, 9, 7.5],
			"to": [9.5, 9, 10.5],
			"rotation": {"angle": 27.5, "axis": "x", "origin": [8, 8, 6]},
			"faces": {
				"up": {"uv": [0.75, 9.25, 0, 8.5], "texture": "#3"},
				"down": {"uv": [0.75, 8.5, 0, 9.25], "texture": "#3"}
			}
		},
		{
			"name": "fin_right",
			"from": [9.5, 9, 4.51],
			"to": [10.5, 9, 6.51],
			"rotation": {"angle": 27.5, "axis": "x", "origin": [8, 8, 6]},
			"faces": {
				"up": {"uv": [0.25, 10.25, 0, 9.75], "texture": "#3"},
				"down": {"uv": [0.5, 9.75, 0.25, 10.25], "texture": "#3"}
			}
		},
		{
			"name": "fin_left",
			"from": [5.5, 9, 4.51],
			"to": [6.5, 9, 6.51],
			"rotation": {"angle": 27.5, "axis": "x", "origin": [8, 8, 6]},
			"faces": {
				"up": {"uv": [0.25, 10.25, 0, 9.75], "texture": "#3"},
				"down": {"uv": [0.5, 9.75, 0.25, 10.25], "texture": "#3"}
			}
		},
		{
			"name": "eye_right",
			"from": [6.5, 10, 4.5],
			"to": [7.5, 11, 5.5],
			"rotation": {"angle": 27.5, "axis": "x", "origin": [8, 8, 6]},
			"faces": {
				"north": {"uv": [1.25, 8.25, 1.5, 8.5], "texture": "#3"},
				"east": {"uv": [1, 8.25, 1.25, 8.5], "texture": "#3"},
				"south": {"uv": [1.75, 8.25, 2, 8.5], "texture": "#3"},
				"west": {"uv": [1.5, 8.25, 1.75, 8.5], "texture": "#3"},
				"up": {"uv": [1.5, 8.25, 1.25, 8], "texture": "#3"},
				"down": {"uv": [1.75, 8, 1.5, 8.25], "texture": "#3"}
			}
		},
		{
			"name": "eye_left",
			"from": [8.5, 10, 4.5],
			"to": [9.5, 11, 5.5],
			"rotation": {"angle": 27.5, "axis": "x", "origin": [8, 8, 6]},
			"faces": {
				"north": {"uv": [0.25, 8.25, 0.5, 8.5], "texture": "#3"},
				"east": {"uv": [0, 8.25, 0.25, 8.5], "texture": "#3"},
				"south": {"uv": [0.75, 8.25, 1, 8.5], "texture": "#3"},
				"west": {"uv": [0.5, 8.25, 0.75, 8.5], "texture": "#3"},
				"up": {"uv": [0.5, 8.25, 0.25, 8], "texture": "#3"},
				"down": {"uv": [0.75, 8, 0.5, 8.25], "texture": "#3"}
			}
		},
		{
			"name": "body",
			"from": [6.5, 8.2, 4.5],
			"to": [9.5, 10.2, 7.5],
			"rotation": {"angle": 27.5, "axis": "x", "origin": [8, 8.2, 6]},
			"faces": {
				"north": {"uv": [3.75, 9.25, 4.5, 9.75], "texture": "#3"},
				"east": {"uv": [3, 9.25, 3.75, 9.75], "texture": "#3"},
				"south": {"uv": [5.25, 9.25, 6, 9.75], "texture": "#3"},
				"west": {"uv": [4.5, 9.25, 5.25, 9.75], "texture": "#3"},
				"up": {"uv": [4.5, 9.25, 3.75, 8.5], "texture": "#3"},
				"down": {"uv": [5.25, 8.5, 4.5, 9.25], "texture": "#3"}
			}
		},
		{
			"name": "tail",
			"from": [6.5, 9.2, 7.5],
			"to": [9.5, 9.2, 10.5],
			"rotation": {"angle": 27.5, "axis": "x", "origin": [8, 8.2, 6]},
			"faces": {
				"up": {"uv": [3.75, 9.25, 3, 8.5], "texture": "#3"},
				"down": {"uv": [3.75, 8.5, 3, 9.25], "texture": "#3"}
			}
		},
		{
			"name": "fin_right",
			"from": [9.5, 9.2, 4.51],
			"to": [10.5, 9.2, 6.51],
			"rotation": {"angle": 27.5, "axis": "x", "origin": [8, 8.2, 6]},
			"faces": {
				"up": {"uv": [3.25, 10.25, 3, 9.75], "texture": "#3"},
				"down": {"uv": [3.5, 9.75, 3.25, 10.25], "texture": "#3"}
			}
		},
		{
			"name": "fin_left",
			"from": [5.5, 9.2, 4.51],
			"to": [6.5, 9.2, 6.51],
			"rotation": {"angle": 27.5, "axis": "x", "origin": [8, 8.2, 6]},
			"faces": {
				"up": {"uv": [3.25, 10.25, 3, 9.75], "texture": "#3"},
				"down": {"uv": [3.5, 9.75, 3.25, 10.25], "texture": "#3"}
			}
		},
		{
			"name": "eye_right",
			"from": [6.5, 10.2, 4.5],
			"to": [7.5, 11.2, 5.5],
			"rotation": {"angle": 27.5, "axis": "x", "origin": [8, 8.2, 6]},
			"faces": {
				"north": {"uv": [4.25, 8.25, 4.5, 8.5], "texture": "#3"},
				"east": {"uv": [4, 8.25, 4.25, 8.5], "texture": "#3"},
				"south": {"uv": [4.75, 8.25, 5, 8.5], "texture": "#3"},
				"west": {"uv": [4.5, 8.25, 4.75, 8.5], "texture": "#3"},
				"up": {"uv": [4.5, 8.25, 4.25, 8], "texture": "#3"},
				"down": {"uv": [4.75, 8, 4.5, 8.25], "texture": "#3"}
			}
		},
		{
			"name": "eye_left",
			"from": [8.5, 10.2, 4.5],
			"to": [9.5, 11.2, 5.5],
			"rotation": {"angle": 27.5, "axis": "x", "origin": [8, 8.2, 6]},
			"faces": {
				"north": {"uv": [3.25, 8.25, 3.5, 8.5], "texture": "#3"},
				"east": {"uv": [3, 8.25, 3.25, 8.5], "texture": "#3"},
				"south": {"uv": [3.75, 8.25, 4, 8.5], "texture": "#3"},
				"west": {"uv": [3.5, 8.25, 3.75, 8.5], "texture": "#3"},
				"up": {"uv": [3.5, 8.25, 3.25, 8], "texture": "#3"},
				"down": {"uv": [3.75, 8, 3.5, 8.25], "texture": "#3"}
			}
		},
		{
			"name": "body",
			"from": [6.5, 8.3, 4.5],
			"to": [9.5, 10.3, 7.5],
			"rotation": {"angle": 27.5, "axis": "x", "origin": [8, 8.3, 6]},
			"faces": {
				"north": {"uv": [6.75, 9.25, 7.5, 9.75], "texture": "#3"},
				"east": {"uv": [6, 9.25, 6.75, 9.75], "texture": "#3"},
				"south": {"uv": [8.25, 9.25, 9, 9.75], "texture": "#3"},
				"west": {"uv": [7.5, 9.25, 8.25, 9.75], "texture": "#3"},
				"up": {"uv": [7.5, 9.25, 6.75, 8.5], "texture": "#3"},
				"down": {"uv": [8.25, 8.5, 7.5, 9.25], "texture": "#3"}
			}
		},
		{
			"name": "tail",
			"from": [6.5, 9.3, 7.5],
			"to": [9.5, 9.3, 10.5],
			"rotation": {"angle": 27.5, "axis": "x", "origin": [8, 8.3, 6]},
			"faces": {
				"up": {"uv": [6.75, 9.25, 6, 8.5], "texture": "#3"},
				"down": {"uv": [6.75, 8.5, 6, 9.25], "texture": "#3"}
			}
		},
		{
			"name": "fin_right",
			"from": [9.5, 9.3, 4.51],
			"to": [10.5, 9.3, 6.51],
			"rotation": {"angle": 27.5, "axis": "x", "origin": [8, 8.3, 6]},
			"faces": {
				"up": {"uv": [6.25, 10.25, 6, 9.75], "texture": "#3"},
				"down": {"uv": [6.5, 9.75, 6.25, 10.25], "texture": "#3"}
			}
		},
		{
			"name": "fin_left",
			"from": [5.5, 9.3, 4.51],
			"to": [6.5, 9.3, 6.51],
			"rotation": {"angle": 27.5, "axis": "x", "origin": [8, 8.3, 6]},
			"faces": {
				"up": {"uv": [6.25, 10.25, 6, 9.75], "texture": "#3"},
				"down": {"uv": [6.5, 9.75, 6.25, 10.25], "texture": "#3"}
			}
		},
		{
			"name": "eye_right",
			"from": [6.5, 10.3, 4.5],
			"to": [7.5, 11.3, 5.5],
			"rotation": {"angle": 27.5, "axis": "x", "origin": [8, 8.3, 6]},
			"faces": {
				"north": {"uv": [7.25, 8.25, 7.5, 8.5], "texture": "#3"},
				"east": {"uv": [7, 8.25, 7.25, 8.5], "texture": "#3"},
				"south": {"uv": [7.75, 8.25, 8, 8.5], "texture": "#3"},
				"west": {"uv": [7.5, 8.25, 7.75, 8.5], "texture": "#3"},
				"up": {"uv": [7.5, 8.25, 7.25, 8], "texture": "#3"},
				"down": {"uv": [7.75, 8, 7.5, 8.25], "texture": "#3"}
			}
		},
		{
			"name": "eye_left",
			"from": [8.5, 10.3, 4.5],
			"to": [9.5, 11.3, 5.5],
			"rotation": {"angle": 27.5, "axis": "x", "origin": [8, 8.3, 6]},
			"faces": {
				"north": {"uv": [6.25, 8.25, 6.5, 8.5], "texture": "#3"},
				"east": {"uv": [6, 8.25, 6.25, 8.5], "texture": "#3"},
				"south": {"uv": [6.75, 8.25, 7, 8.5], "texture": "#3"},
				"west": {"uv": [6.5, 8.25, 6.75, 8.5], "texture": "#3"},
				"up": {"uv": [6.5, 8.25, 6.25, 8], "texture": "#3"},
				"down": {"uv": [6.75, 8, 6.5, 8.25], "texture": "#3"}
			}
		},
		{
			"name": "body",
			"from": [6.5, 8.4, 4.5],
			"to": [9.5, 10.4, 7.5],
			"rotation": {"angle": 27.5, "axis": "x", "origin": [8, 8.4, 6]},
			"faces": {
				"north": {"uv": [9.75, 9.25, 10.5, 9.75], "texture": "#3"},
				"east": {"uv": [9, 9.25, 9.75, 9.75], "texture": "#3"},
				"south": {"uv": [11.25, 9.25, 12, 9.75], "texture": "#3"},
				"west": {"uv": [10.5, 9.25, 11.25, 9.75], "texture": "#3"},
				"up": {"uv": [10.5, 9.25, 9.75, 8.5], "texture": "#3"},
				"down": {"uv": [11.25, 8.5, 10.5, 9.25], "texture": "#3"}
			}
		},
		{
			"name": "tail",
			"from": [6.5, 9.4, 7.5],
			"to": [9.5, 9.4, 10.5],
			"rotation": {"angle": 27.5, "axis": "x", "origin": [8, 8.4, 6]},
			"faces": {
				"up": {"uv": [9.75, 9.25, 9, 8.5], "texture": "#3"},
				"down": {"uv": [9.75, 8.5, 9, 9.25], "texture": "#3"}
			}
		},
		{
			"name": "fin_right",
			"from": [9.5, 9.4, 4.51],
			"to": [10.5, 9.4, 6.51],
			"rotation": {"angle": 27.5, "axis": "x", "origin": [8, 8.4, 6]},
			"faces": {
				"up": {"uv": [9.25, 10.25, 9, 9.75], "texture": "#3"},
				"down": {"uv": [9.5, 9.75, 9.25, 10.25], "texture": "#3"}
			}
		},
		{
			"name": "fin_left",
			"from": [5.5, 9.4, 4.51],
			"to": [6.5, 9.4, 6.51],
			"rotation": {"angle": 27.5, "axis": "x", "origin": [8, 8.4, 6]},
			"faces": {
				"up": {"uv": [9.25, 10.25, 9, 9.75], "texture": "#3"},
				"down": {"uv": [9.5, 9.75, 9.25, 10.25], "texture": "#3"}
			}
		},
		{
			"name": "eye_right",
			"from": [6.5, 10.4, 4.5],
			"to": [7.5, 11.4, 5.5],
			"rotation": {"angle": 27.5, "axis": "x", "origin": [8, 8.4, 6]},
			"faces": {
				"north": {"uv": [10.25, 8.25, 10.5, 8.5], "texture": "#3"},
				"east": {"uv": [10, 8.25, 10.25, 8.5], "texture": "#3"},
				"south": {"uv": [10.75, 8.25, 11, 8.5], "texture": "#3"},
				"west": {"uv": [10.5, 8.25, 10.75, 8.5], "texture": "#3"},
				"up": {"uv": [10.5, 8.25, 10.25, 8], "texture": "#3"},
				"down": {"uv": [10.75, 8, 10.5, 8.25], "texture": "#3"}
			}
		},
		{
			"name": "eye_left",
			"from": [8.5, 10.4, 4.5],
			"to": [9.5, 11.4, 5.5],
			"rotation": {"angle": 27.5, "axis": "x", "origin": [8, 8.4, 6]},
			"faces": {
				"north": {"uv": [9.25, 8.25, 9.5, 8.5], "texture": "#3"},
				"east": {"uv": [9, 8.25, 9.25, 8.5], "texture": "#3"},
				"south": {"uv": [9.75, 8.25, 10, 8.5], "texture": "#3"},
				"west": {"uv": [9.5, 8.25, 9.75, 8.5], "texture": "#3"},
				"up": {"uv": [9.5, 8.25, 9.25, 8], "texture": "#3"},
				"down": {"uv": [9.75, 8, 9.5, 8.25], "texture": "#3"}
			}
		},
		{
			"name": "body",
			"from": [6.5, 8.5, 4.5],
			"to": [9.5, 10.5, 7.5],
			"rotation": {"angle": 27.5, "axis": "x", "origin": [8, 8.5, 6]},
			"faces": {
				"north": {"uv": [12.75, 9.25, 13.5, 9.75], "texture": "#3"},
				"east": {"uv": [12, 9.25, 12.75, 9.75], "texture": "#3"},
				"south": {"uv": [14.25, 9.25, 15, 9.75], "texture": "#3"},
				"west": {"uv": [13.5, 9.25, 14.25, 9.75], "texture": "#3"},
				"up": {"uv": [13.5, 9.25, 12.75, 8.5], "texture": "#3"},
				"down": {"uv": [14.25, 8.5, 13.5, 9.25], "texture": "#3"}
			}
		},
		{
			"name": "tail",
			"from": [6.5, 9.5, 7.5],
			"to": [9.5, 9.5, 10.5],
			"rotation": {"angle": 27.5, "axis": "x", "origin": [8, 8.5, 6]},
			"faces": {
				"up": {"uv": [12.75, 9.25, 12, 8.5], "texture": "#3"},
				"down": {"uv": [12.75, 8.5, 12, 9.25], "texture": "#3"}
			}
		},
		{
			"name": "fin_right",
			"from": [9.5, 9.5, 4.51],
			"to": [10.5, 9.5, 6.51],
			"rotation": {"angle": 27.5, "axis": "x", "origin": [8, 8.5, 6]},
			"faces": {
				"up": {"uv": [12.25, 10.25, 12, 9.75], "texture": "#3"},
				"down": {"uv": [12.5, 9.75, 12.25, 10.25], "texture": "#3"}
			}
		},
		{
			"name": "fin_left",
			"from": [5.5, 9.5, 4.51],
			"to": [6.5, 9.5, 6.51],
			"rotation": {"angle": 27.5, "axis": "x", "origin": [8, 8.5, 6]},
			"faces": {
				"up": {"uv": [12.25, 10.25, 12, 9.75], "texture": "#3"},
				"down": {"uv": [12.5, 9.75, 12.25, 10.25], "texture": "#3"}
			}
		},
		{
			"name": "eye_right",
			"from": [6.5, 10.5, 4.5],
			"to": [7.5, 11.5, 5.5],
			"rotation": {"angle": 27.5, "axis": "x", "origin": [8, 8.5, 6]},
			"faces": {
				"north": {"uv": [13.25, 8.25, 13.5, 8.5], "texture": "#3"},
				"east": {"uv": [13, 8.25, 13.25, 8.5], "texture": "#3"},
				"south": {"uv": [13.75, 8.25, 14, 8.5], "texture": "#3"},
				"west": {"uv": [13.5, 8.25, 13.75, 8.5], "texture": "#3"},
				"up": {"uv": [13.5, 8.25, 13.25, 8], "texture": "#3"},
				"down": {"uv": [13.75, 8, 13.5, 8.25], "texture": "#3"}
			}
		},
		{
			"name": "eye_left",
			"from": [8.5, 10.5, 4.5],
			"to": [9.5, 11.5, 5.5],
			"rotation": {"angle": 27.5, "axis": "x", "origin": [8, 8.5, 6]},
			"faces": {
				"north": {"uv": [12.25, 8.25, 12.5, 8.5], "texture": "#3"},
				"east": {"uv": [12, 8.25, 12.25, 8.5], "texture": "#3"},
				"south": {"uv": [12.75, 8.25, 13, 8.5], "texture": "#3"},
				"west": {"uv": [12.5, 8.25, 12.75, 8.5], "texture": "#3"},
				"up": {"uv": [12.5, 8.25, 12.25, 8], "texture": "#3"},
				"down": {"uv": [12.75, 8, 12.5, 8.25], "texture": "#3"}
			}
		},
		{
			"name": "body",
			"from": [5.5, 7, 5.5],
			"to": [10.5, 12, 10.5],
			"rotation": {"angle": 0, "axis": "y", "origin": [8, 6, 8]},
			"faces": {
				"north": {"uv": [8, 0, 9.25, 1.25], "texture": "#3"},
				"east": {"uv": [8, 1.25, 9.25, 2.5], "texture": "#3"},
				"south": {"uv": [9.25, 0, 10.5, 1.25], "texture": "#3"},
				"west": {"uv": [9.25, 1.25, 10.5, 2.5], "texture": "#3"},
				"up": {"uv": [9.25, 3.75, 8, 2.5], "texture": "#3"},
				"down": {"uv": [11.75, 0, 10.5, 1.25], "texture": "#3"}
			}
		},
		{
			"name": "fin_left",
			"from": [3.5, 11, 6.5],
			"to": [5.5, 11, 8.5],
			"rotation": {"angle": 0, "axis": "y", "origin": [8, 6, 8]},
			"faces": {
				"up": {"uv": [10.75, 3.75, 10.25, 3.25], "texture": "#3"},
				"down": {"uv": [10.75, 3.25, 10.25, 3.75], "texture": "#3"}
			}
		},
		{
			"name": "fin_right",
			"from": [10.5, 11, 6.5],
			"to": [12.5, 11, 8.5],
			"rotation": {"angle": 0, "axis": "y", "origin": [8, 6, 8]},
			"faces": {
				"up": {"uv": [11.75, 3.75, 11.25, 3.25], "texture": "#3"},
				"down": {"uv": [11.75, 3.25, 11.25, 3.75], "texture": "#3"}
			}
		},
		{
			"name": "spikes_front_top",
			"from": [5.5, 12, 5.5],
			"to": [10.5, 13, 5.5],
			"faces": {
				"north": {"uv": [9.25, 2.5, 10.5, 2.75], "texture": "#3"},
				"south": {"uv": [10.5, 2.5, 9.25, 2.75], "texture": "#3"}
			}
		},
		{
			"name": "spikes_back_top",
			"from": [5.5, 12, 10.5],
			"to": [10.5, 13, 10.5],
			"faces": {
				"north": {"uv": [10.5, 1.75, 11.75, 2], "texture": "#3"},
				"south": {"uv": [11.75, 1.75, 10.5, 2], "texture": "#3"}
			}
		},
		{
			"name": "spikes_front_left",
			"from": [4.5, 7, 5.5],
			"to": [5.5, 12, 5.5],
			"faces": {
				"north": {"uv": [10.5, 2, 10.75, 3.25], "texture": "#3"},
				"south": {"uv": [10.5, 2, 10.75, 3.25], "texture": "#3"}
			}
		},
		{
			"name": "spikes_front_right",
			"from": [10.5, 7, 5.5],
			"to": [11.5, 12, 5.5],
			"faces": {
				"north": {"uv": [9.5, 2.75, 9.75, 4], "texture": "#3"},
				"south": {"uv": [9.5, 2.75, 9.75, 4], "texture": "#3"}
			}
		},
		{
			"name": "spikes_back_left",
			"from": [4.5, 7, 10.5],
			"to": [5.5, 12, 10.5],
			"faces": {
				"north": {"uv": [10.5, 2, 10.75, 3.25], "texture": "#3"},
				"south": {"uv": [10.5, 2, 10.75, 3.25], "texture": "#3"}
			}
		},
		{
			"name": "spikes_back_right",
			"from": [10.5, 7, 10.5],
			"to": [11.5, 12, 10.5],
			"faces": {
				"north": {"uv": [10, 2.75, 10.25, 4], "texture": "#3"},
				"south": {"uv": [10, 2.75, 10.25, 4], "texture": "#3"}
			}
		},
		{
			"name": "body",
			"from": [5.5, 8, 5.5],
			"to": [10.5, 13, 10.5],
			"rotation": {"angle": 0, "axis": "y", "origin": [8, 7, 8]},
			"faces": {
				"north": {"uv": [12, 0, 13.25, 1.25], "texture": "#3"},
				"east": {"uv": [12, 1.25, 13.25, 2.5], "texture": "#3"},
				"south": {"uv": [13.25, 0, 14.5, 1.25], "texture": "#3"},
				"west": {"uv": [13.25, 1.25, 14.5, 2.5], "texture": "#3"},
				"up": {"uv": [13.25, 3.75, 12, 2.5], "texture": "#3"},
				"down": {"uv": [15.75, 0, 14.5, 1.25], "texture": "#3"}
			}
		},
		{
			"name": "fin_left",
			"from": [3.5, 12, 6.5],
			"to": [5.5, 12, 8.5],
			"rotation": {"angle": 0, "axis": "y", "origin": [8, 7, 8]},
			"faces": {
				"up": {"uv": [14.75, 3.75, 14.25, 3.25], "texture": "#3"},
				"down": {"uv": [14.75, 3.25, 14.25, 3.75], "texture": "#3"}
			}
		},
		{
			"name": "fin_right",
			"from": [10.5, 12, 6.5],
			"to": [12.5, 12, 8.5],
			"rotation": {"angle": 0, "axis": "y", "origin": [8, 7, 8]},
			"faces": {
				"up": {"uv": [15.75, 3.75, 15.25, 3.25], "texture": "#3"},
				"down": {"uv": [15.75, 3.25, 15.25, 3.75], "texture": "#3"}
			}
		},
		{
			"name": "spikes_front_top",
			"from": [5.5, 13, 5.5],
			"to": [10.5, 14, 5.5],
			"rotation": {"angle": 0, "axis": "y", "origin": [0, 1, 0]},
			"faces": {
				"north": {"uv": [13.25, 2.5, 14.5, 2.75], "texture": "#3"},
				"south": {"uv": [14.5, 2.5, 13.25, 2.75], "texture": "#3"}
			}
		},
		{
			"name": "spikes_back_top",
			"from": [5.5, 13, 10.5],
			"to": [10.5, 14, 10.5],
			"rotation": {"angle": 0, "axis": "y", "origin": [0, 1, 0]},
			"faces": {
				"north": {"uv": [14.5, 1.75, 15.75, 2], "texture": "#3"},
				"south": {"uv": [15.75, 1.75, 14.5, 2], "texture": "#3"}
			}
		},
		{
			"name": "spikes_front_left",
			"from": [4.5, 8, 5.5],
			"to": [5.5, 13, 5.5],
			"rotation": {"angle": 0, "axis": "y", "origin": [0, 1, 0]},
			"faces": {
				"north": {"uv": [14.5, 2, 14.75, 3.25], "texture": "#3"},
				"south": {"uv": [14.5, 2, 14.75, 3.25], "texture": "#3"}
			}
		},
		{
			"name": "spikes_front_right",
			"from": [10.5, 8, 5.5],
			"to": [11.5, 13, 5.5],
			"rotation": {"angle": 0, "axis": "y", "origin": [0, 1, 0]},
			"faces": {
				"north": {"uv": [13.5, 2.75, 13.75, 4], "texture": "#3"},
				"south": {"uv": [13.5, 2.75, 13.75, 4], "texture": "#3"}
			}
		},
		{
			"name": "spikes_back_left",
			"from": [4.5, 8, 10.5],
			"to": [5.5, 13, 10.5],
			"rotation": {"angle": 0, "axis": "y", "origin": [0, 1, 0]},
			"faces": {
				"north": {"uv": [14.5, 2, 14.75, 3.25], "texture": "#3"},
				"south": {"uv": [14.5, 2, 14.75, 3.25], "texture": "#3"}
			}
		},
		{
			"name": "spikes_back_right",
			"from": [10.5, 8, 10.5],
			"to": [11.5, 13, 10.5],
			"rotation": {"angle": 0, "axis": "y", "origin": [0, 1, 0]},
			"faces": {
				"north": {"uv": [14, 2.75, 14.25, 4], "texture": "#3"},
				"south": {"uv": [14, 2.75, 14.25, 4], "texture": "#3"}
			}
		},
		{
			"name": "body",
			"from": [5.5, 9, 5.5],
			"to": [10.5, 14, 10.5],
			"rotation": {"angle": 0, "axis": "y", "origin": [8, 8, 8]},
			"faces": {
				"north": {"uv": [12, 4, 13.25, 5.25], "texture": "#3"},
				"east": {"uv": [12, 5.25, 13.25, 6.5], "texture": "#3"},
				"south": {"uv": [13.25, 4, 14.5, 5.25], "texture": "#3"},
				"west": {"uv": [13.25, 5.25, 14.5, 6.5], "texture": "#3"},
				"up": {"uv": [13.25, 7.75, 12, 6.5], "texture": "#3"},
				"down": {"uv": [15.75, 4, 14.5, 5.25], "texture": "#3"}
			}
		},
		{
			"name": "fin_left",
			"from": [3.5, 13, 6.5],
			"to": [5.5, 13, 8.5],
			"rotation": {"angle": 0, "axis": "y", "origin": [8, 8, 8]},
			"faces": {
				"up": {"uv": [14.75, 7.75, 14.25, 7.25], "texture": "#3"},
				"down": {"uv": [14.75, 7.25, 14.25, 7.75], "texture": "#3"}
			}
		},
		{
			"name": "fin_right",
			"from": [10.5, 13, 6.5],
			"to": [12.5, 13, 8.5],
			"rotation": {"angle": 0, "axis": "y", "origin": [8, 8, 8]},
			"faces": {
				"up": {"uv": [15.75, 7.75, 15.25, 7.25], "texture": "#3"},
				"down": {"uv": [15.75, 7.25, 15.25, 7.75], "texture": "#3"}
			}
		},
		{
			"name": "spikes_front_top",
			"from": [5.5, 14, 5.5],
			"to": [10.5, 15, 5.5],
			"rotation": {"angle": 0, "axis": "y", "origin": [0, 1, 0]},
			"faces": {
				"north": {"uv": [13.25, 6.5, 14.5, 6.75], "texture": "#3"},
				"south": {"uv": [14.5, 6.5, 13.25, 6.75], "texture": "#3"}
			}
		},
		{
			"name": "spikes_back_top",
			"from": [5.5, 14, 10.5],
			"to": [10.5, 15, 10.5],
			"rotation": {"angle": 0, "axis": "y", "origin": [0, 1, 0]},
			"faces": {
				"north": {"uv": [14.5, 5.75, 15.75, 6], "texture": "#3"},
				"south": {"uv": [15.75, 5.75, 14.5, 6], "texture": "#3"}
			}
		},
		{
			"name": "spikes_front_left",
			"from": [4.5, 9, 5.5],
			"to": [5.5, 14, 5.5],
			"rotation": {"angle": 0, "axis": "y", "origin": [0, 1, 0]},
			"faces": {
				"north": {"uv": [14.5, 6, 14.75, 7.25], "texture": "#3"},
				"south": {"uv": [14.5, 6, 14.75, 7.25], "texture": "#3"}
			}
		},
		{
			"name": "spikes_front_right",
			"from": [10.5, 9, 5.5],
			"to": [11.5, 14, 5.5],
			"rotation": {"angle": 0, "axis": "y", "origin": [0, 1, 0]},
			"faces": {
				"north": {"uv": [13.5, 6.75, 13.75, 8], "texture": "#3"},
				"south": {"uv": [13.5, 6.75, 13.75, 8], "texture": "#3"}
			}
		},
		{
			"name": "spikes_back_left",
			"from": [4.5, 9, 10.5],
			"to": [5.5, 14, 10.5],
			"rotation": {"angle": 0, "axis": "y", "origin": [0, 1, 0]},
			"faces": {
				"north": {"uv": [14.5, 6, 14.75, 7.25], "texture": "#3"},
				"south": {"uv": [14.5, 6, 14.75, 7.25], "texture": "#3"}
			}
		},
		{
			"name": "spikes_back_right",
			"from": [10.5, 9, 10.5],
			"to": [11.5, 14, 10.5],
			"rotation": {"angle": 0, "axis": "y", "origin": [0, 1, 0]},
			"faces": {
				"north": {"uv": [14, 6.75, 14.25, 8], "texture": "#3"},
				"south": {"uv": [14, 6.75, 14.25, 8], "texture": "#3"}
			}
		},
		{
			"name": "body",
			"from": [5.5, 10, 5.5],
			"to": [10.5, 15, 10.5],
			"rotation": {"angle": 0, "axis": "y", "origin": [8, 9, 8]},
			"faces": {
				"north": {"uv": [8, 4, 9.25, 5.25], "texture": "#3"},
				"east": {"uv": [8, 5.25, 9.25, 6.5], "texture": "#3"},
				"south": {"uv": [9.25, 4, 10.5, 5.25], "texture": "#3"},
				"west": {"uv": [9.25, 5.25, 10.5, 6.5], "texture": "#3"},
				"up": {"uv": [9.25, 7.75, 8, 6.5], "texture": "#3"},
				"down": {"uv": [11.75, 4, 10.5, 5.25], "texture": "#3"}
			}
		},
		{
			"name": "fin_left",
			"from": [3.5, 14, 6.5],
			"to": [5.5, 14, 8.5],
			"rotation": {"angle": 0, "axis": "y", "origin": [8, 9, 8]},
			"faces": {
				"up": {"uv": [10.75, 7.75, 10.25, 7.25], "texture": "#3"},
				"down": {"uv": [10.75, 7.25, 10.25, 7.75], "texture": "#3"}
			}
		},
		{
			"name": "fin_right",
			"from": [10.5, 14, 6.5],
			"to": [12.5, 14, 8.5],
			"rotation": {"angle": 0, "axis": "y", "origin": [8, 9, 8]},
			"faces": {
				"up": {"uv": [11.75, 7.75, 11.25, 7.25], "texture": "#3"},
				"down": {"uv": [11.75, 7.25, 11.25, 7.75], "texture": "#3"}
			}
		},
		{
			"name": "spikes_front_top",
			"from": [5.5, 15, 5.5],
			"to": [10.5, 16, 5.5],
			"rotation": {"angle": 0, "axis": "y", "origin": [0, 1, 0]},
			"faces": {
				"north": {"uv": [9.25, 6.5, 10.5, 6.75], "texture": "#3"},
				"south": {"uv": [10.5, 6.5, 9.25, 6.75], "texture": "#3"}
			}
		},
		{
			"name": "spikes_back_top",
			"from": [5.5, 15, 10.5],
			"to": [10.5, 16, 10.5],
			"rotation": {"angle": 0, "axis": "y", "origin": [0, 1, 0]},
			"faces": {
				"north": {"uv": [10.5, 5.75, 11.75, 6], "texture": "#3"},
				"south": {"uv": [11.75, 5.75, 10.5, 6], "texture": "#3"}
			}
		},
		{
			"name": "spikes_front_left",
			"from": [4.5, 10, 5.5],
			"to": [5.5, 15, 5.5],
			"rotation": {"angle": 0, "axis": "y", "origin": [0, 1, 0]},
			"faces": {
				"north": {"uv": [10.5, 6, 10.75, 7.25], "texture": "#3"},
				"south": {"uv": [10.5, 6, 10.75, 7.25], "texture": "#3"}
			}
		},
		{
			"name": "spikes_front_right",
			"from": [10.5, 10, 5.5],
			"to": [11.5, 15, 5.5],
			"rotation": {"angle": 0, "axis": "y", "origin": [0, 1, 0]},
			"faces": {
				"north": {"uv": [9.5, 6.75, 9.75, 8], "texture": "#3"},
				"south": {"uv": [9.5, 6.75, 9.75, 8], "texture": "#3"}
			}
		},
		{
			"name": "spikes_back_left",
			"from": [4.5, 10, 10.5],
			"to": [5.5, 15, 10.5],
			"rotation": {"angle": 0, "axis": "y", "origin": [0, 1, 0]},
			"faces": {
				"north": {"uv": [10.5, 6, 10.75, 7.25], "texture": "#3"},
				"south": {"uv": [10.5, 6, 10.75, 7.25], "texture": "#3"}
			}
		},
		{
			"name": "spikes_back_right",
			"from": [10.5, 10, 10.5],
			"to": [11.5, 15, 10.5],
			"rotation": {"angle": 0, "axis": "y", "origin": [0, 1, 0]},
			"faces": {
				"north": {"uv": [10, 6.75, 10.25, 8], "texture": "#3"},
				"south": {"uv": [10, 6.75, 10.25, 8], "texture": "#3"}
			}
		}
	],
	"display": {
		"thirdperson_righthand": {
			"rotation": [90, 0, 0],
			"translation": [0, 2.5, 0.75],
			"scale": [0.5, 0.5, 0.5]
		},
		"thirdperson_lefthand": {
			"rotation": [90, 0, 0],
			"translation": [0, 2.5, 0.75],
			"scale": [0.5, 0.5, 0.5]
		},
		"firstperson_righthand": {
			"rotation": [0, 129, 0],
			"translation": [0.25, 3.5, 1],
			"scale": [0.5, 0.5, 0.5]
		},
		"firstperson_lefthand": {
			"rotation": [0, 129, 0],
			"translation": [0.25, 3.5, 1],
			"scale": [0.5, 0.5, 0.5]
		},
		"ground": {
			"translation": [0, 3.25, 0],
			"scale": [0.6, 0.6, 0.6]
		},
		"gui": {
			"rotation": [30, 135, 0],
			"scale": [0.75, 0.75, 0.75]
		},
		"head": {
			"translation": [0, 12.5, 0],
			"scale": [0.75, 0.75, 0.75]
		},
		"fixed": {
			"translation": [0.25, 0.25, 0.25]
		}
	},
	"groups": [
		0,
		{
			"name": "bucket",
			"origin": [5, 2, 4],
			"color": 0,
			"children": [1, 2, 3, 4, 5]
		},
		{
			"name": "pufferfish",
			"origin": [0, 1, 0],
			"color": 0,
			"children": [
				{
					"name": "body",
					"origin": [0, 1, 0],
					"color": 0,
					"children": [6]
				},
				{
					"name": "fin_left",
					"origin": [-4, 8, -2],
					"color": 0,
					"children": [7, 8, 9, 10, 11, 12, 13, 14, 15, 16, 17, 18, 19]
				},
				{
					"name": "fin_right",
					"origin": [-4, 8, -2],
					"color": 0,
					"children": [20, 21, 22, 23, 24, 25, 26, 27, 28, 29, 30, 31, 32]
				},
				{
					"name": "spikes_front_top",
					"origin": [0, 9, -4],
					"rotation": [-45, 0, 0],
					"color": 0,
					"children": [33]
				},
				{
					"name": "spikes_middle_top",
					"origin": [0, 9, 0],
					"color": 0,
					"children": [34]
				},
				{
					"name": "spikes_back_top",
					"origin": [0, 9, 4],
					"rotation": [45, 0, 0],
					"color": 0,
					"children": [35]
				},
				{
					"name": "spikes_front_left",
					"origin": [-4, 1, -4],
					"rotation": [0, -45, 0],
					"color": 0,
					"children": [36]
				},
				{
					"name": "spikes_front_right",
					"origin": [4, 1, -4],
					"rotation": [0, 45, 0],
					"color": 0,
					"children": [37]
				},
				{
					"name": "spikes_back_left",
					"origin": [-4, 1, 4],
					"rotation": [0, 45, 0],
					"color": 0,
					"children": [38]
				},
				{
					"name": "spikes_back_right",
					"origin": [4, 1, 4],
					"rotation": [0, -45, 0],
					"color": 0,
					"children": [39]
				},
				{
					"name": "spikes_front_bottom",
					"origin": [0, 1, -4],
					"rotation": [45, 0, 0],
					"color": 0,
					"children": [40]
				},
				{
					"name": "spikes_middle_bottom",
					"origin": [0, 1, 0],
					"color": 0,
					"children": [41]
				},
				{
					"name": "spikes_back_bottom",
					"origin": [0, 1, 4],
					"rotation": [-45, 0, 0],
					"color": 0,
					"children": [42]
				}
			]
		},
		{
			"name": "small_pufferfish",
			"origin": [0, 0, 0],
			"color": 0,
			"children": [
				{
					"name": "small_pufferfish1",
					"origin": [0, 0, 0],
					"color": 0,
					"children": [
						{
							"name": "body",
							"origin": [0, 0, 0],
							"color": 0,
							"children": [43]
						},
						{
							"name": "tail",
							"origin": [0, 1, 1.5],
							"color": 0,
							"children": [44]
						},
						{
							"name": "fin_right",
							"origin": [1.5, 1, -1.5],
							"color": 0,
							"children": [45]
						},
						{
							"name": "fin_left",
							"origin": [-1.5, 1, -1.5],
							"color": 0,
							"children": [46]
						},
						{
							"name": "eye_right",
							"origin": [0, 3, 0],
							"color": 0,
							"children": [47]
						},
						{
							"name": "eye_left",
							"origin": [0, 3, 0],
							"color": 0,
							"children": [48]
						}
					]
				},
				{
					"name": "small_pufferfish2",
					"origin": [0, 0, 0],
					"color": 0,
					"children": [
						{
							"name": "body",
							"origin": [0, 0, 0],
							"color": 0,
							"children": [49]
						},
						{
							"name": "tail",
							"origin": [0, 1, 1.5],
							"color": 0,
							"children": [50]
						},
						{
							"name": "fin_right",
							"origin": [1.5, 1, -1.5],
							"color": 0,
							"children": [51]
						},
						{
							"name": "fin_left",
							"origin": [-1.5, 1, -1.5],
							"color": 0,
							"children": [52]
						},
						{
							"name": "eye_right",
							"origin": [0, 3, 0],
							"color": 0,
							"children": [53]
						},
						{
							"name": "eye_left",
							"origin": [0, 3, 0],
							"color": 0,
							"children": [54]
						}
					]
				},
				{
					"name": "small_pufferfish3",
					"origin": [0, 0, 0],
					"color": 0,
					"children": [
						{
							"name": "body",
							"origin": [0, 0, 0],
							"color": 0,
							"children": [55]
						},
						{
							"name": "tail",
							"origin": [0, 1, 1.5],
							"color": 0,
							"children": [56]
						},
						{
							"name": "fin_right",
							"origin": [1.5, 1, -1.5],
							"color": 0,
							"children": [57]
						},
						{
							"name": "fin_left",
							"origin": [-1.5, 1, -1.5],
							"color": 0,
							"children": [58]
						},
						{
							"name": "eye_right",
							"origin": [0, 3, 0],
							"color": 0,
							"children": [59]
						},
						{
							"name": "eye_left",
							"origin": [0, 3, 0],
							"color": 0,
							"children": [60]
						}
					]
				},
				{
					"name": "small_pufferfish4",
					"origin": [0, 0, 0],
					"color": 0,
					"children": [
						{
							"name": "body",
							"origin": [0, 0, 0],
							"color": 0,
							"children": [61]
						},
						{
							"name": "tail",
							"origin": [0, 1, 1.5],
							"color": 0,
							"children": [62]
						},
						{
							"name": "fin_right",
							"origin": [1.5, 1, -1.5],
							"color": 0,
							"children": [63]
						},
						{
							"name": "fin_left",
							"origin": [-1.5, 1, -1.5],
							"color": 0,
							"children": [64]
						},
						{
							"name": "eye_right",
							"origin": [0, 3, 0],
							"color": 0,
							"children": [65]
						},
						{
							"name": "eye_left",
							"origin": [0, 3, 0],
							"color": 0,
							"children": [66]
						}
					]
				},
				{
					"name": "small_pufferfish5",
					"origin": [0, 0, 0],
					"color": 0,
					"children": [
						{
							"name": "body",
							"origin": [0, 0, 0],
							"color": 0,
							"children": [67]
						},
						{
							"name": "tail",
							"origin": [0, 1, 1.5],
							"color": 0,
							"children": [68]
						},
						{
							"name": "fin_right",
							"origin": [1.5, 1, -1.5],
							"color": 0,
							"children": [69]
						},
						{
							"name": "fin_left",
							"origin": [-1.5, 1, -1.5],
							"color": 0,
							"children": [70]
						},
						{
							"name": "eye_right",
							"origin": [0, 3, 0],
							"color": 0,
							"children": [71]
						},
						{
							"name": "eye_left",
							"origin": [0, 3, 0],
							"color": 0,
							"children": [72]
						}
					]
				}
			]
		},
		{
			"name": "medium",
			"origin": [0, 1, 0],
			"color": 0,
			"children": [
				{
					"name": "body",
					"origin": [0, 1, 0],
					"color": 0,
					"children": [73]
				},
				{
					"name": "fin_left",
					"origin": [-2.5, 5, -1.5],
					"color": 0,
					"children": [74]
				},
				{
					"name": "fin_right",
					"origin": [2.5, 5, -1.5],
					"color": 0,
					"children": [75]
				},
				{
					"name": "spikes_front_top",
					"origin": [0, 6, -2.5],
					"rotation": [-45, 0, 0],
					"color": 0,
					"children": [76]
				},
				{
					"name": "spikes_back_top",
					"origin": [0, 6, 2.5],
					"rotation": [45, 0, 0],
					"color": 0,
					"children": [77]
				},
				{
					"name": "spikes_front_left",
					"origin": [-2.5, 1, -2.5],
					"rotation": [0, -45, 0],
					"color": 0,
					"children": [78]
				},
				{
					"name": "spikes_front_right",
					"origin": [2.5, 1, -2.5],
					"rotation": [0, 45, 0],
					"color": 0,
					"children": [79]
				},
				{
					"name": "spikes_back_left",
					"origin": [-2.5, 1, 2.5],
					"rotation": [0, 45, 0],
					"color": 0,
					"children": [80]
				},
				{
					"name": "spikes_back_right",
					"origin": [2.5, 1, 2.5],
					"rotation": [0, -45, 0],
					"color": 0,
					"children": [81]
				}
			]
		},
		{
			"name": "medium",
			"origin": [0, 1, 0],
			"color": 0,
			"children": [
				{
					"name": "body",
					"origin": [0, 1, 0],
					"color": 0,
					"children": [82]
				},
				{
					"name": "fin_left",
					"origin": [-2.5, 5, -1.5],
					"color": 0,
					"children": [83]
				},
				{
					"name": "fin_right",
					"origin": [2.5, 5, -1.5],
					"color": 0,
					"children": [84]
				},
				{
					"name": "spikes_front_top",
					"origin": [0, 6, -2.5],
					"rotation": [-45, 0, 0],
					"color": 0,
					"children": [85]
				},
				{
					"name": "spikes_back_top",
					"origin": [0, 6, 2.5],
					"rotation": [45, 0, 0],
					"color": 0,
					"children": [86]
				},
				{
					"name": "spikes_front_left",
					"origin": [-2.5, 1, -2.5],
					"rotation": [0, -45, 0],
					"color": 0,
					"children": [87]
				},
				{
					"name": "spikes_front_right",
					"origin": [2.5, 1, -2.5],
					"rotation": [0, 45, 0],
					"color": 0,
					"children": [88]
				},
				{
					"name": "spikes_back_left",
					"origin": [-2.5, 1, 2.5],
					"rotation": [0, 45, 0],
					"color": 0,
					"children": [89]
				},
				{
					"name": "spikes_back_right",
					"origin": [2.5, 1, 2.5],
					"rotation": [0, -45, 0],
					"color": 0,
					"children": [90]
				}
			]
		},
		{
			"name": "medium",
			"origin": [0, 1, 0],
			"color": 0,
			"children": [
				{
					"name": "body",
					"origin": [0, 1, 0],
					"color": 0,
					"children": [91]
				},
				{
					"name": "fin_left",
					"origin": [-2.5, 5, -1.5],
					"color": 0,
					"children": [92]
				},
				{
					"name": "fin_right",
					"origin": [2.5, 5, -1.5],
					"color": 0,
					"children": [93]
				},
				{
					"name": "spikes_front_top",
					"origin": [0, 6, -2.5],
					"rotation": [-45, 0, 0],
					"color": 0,
					"children": [94]
				},
				{
					"name": "spikes_back_top",
					"origin": [0, 6, 2.5],
					"rotation": [45, 0, 0],
					"color": 0,
					"children": [95]
				},
				{
					"name": "spikes_front_left",
					"origin": [-2.5, 1, -2.5],
					"rotation": [0, -45, 0],
					"color": 0,
					"children": [96]
				},
				{
					"name": "spikes_front_right",
					"origin": [2.5, 1, -2.5],
					"rotation": [0, 45, 0],
					"color": 0,
					"children": [97]
				},
				{
					"name": "spikes_back_left",
					"origin": [-2.5, 1, 2.5],
					"rotation": [0, 45, 0],
					"color": 0,
					"children": [98]
				},
				{
					"name": "spikes_back_right",
					"origin": [2.5, 1, 2.5],
					"rotation": [0, -45, 0],
					"color": 0,
					"children": [99]
				}
			]
		},
		{
			"name": "medium",
			"origin": [0, 1, 0],
			"color": 0,
			"children": [
				{
					"name": "body",
					"origin": [0, 1, 0],
					"color": 0,
					"children": [100]
				},
				{
					"name": "fin_left",
					"origin": [-2.5, 5, -1.5],
					"color": 0,
					"children": [101]
				},
				{
					"name": "fin_right",
					"origin": [2.5, 5, -1.5],
					"color": 0,
					"children": [102]
				},
				{
					"name": "spikes_front_top",
					"origin": [0, 6, -2.5],
					"rotation": [-45, 0, 0],
					"color": 0,
					"children": [103]
				},
				{
					"name": "spikes_back_top",
					"origin": [0, 6, 2.5],
					"rotation": [45, 0, 0],
					"color": 0,
					"children": [104]
				},
				{
					"name": "spikes_front_left",
					"origin": [-2.5, 1, -2.5],
					"rotation": [0, -45, 0],
					"color": 0,
					"children": [105]
				},
				{
					"name": "spikes_front_right",
					"origin": [2.5, 1, -2.5],
					"rotation": [0, 45, 0],
					"color": 0,
					"children": [106]
				},
				{
					"name": "spikes_back_left",
					"origin": [-2.5, 1, 2.5],
					"rotation": [0, 45, 0],
					"color": 0,
					"children": [107]
				},
				{
					"name": "spikes_back_right",
					"origin": [2.5, 1, 2.5],
					"rotation": [0, -45, 0],
					"color": 0,
					"children": [108]
				}
			]
		}
	]
}