{
	"format_version": "1.21.6",
	"credit": "cyberia was here",
	"texture_size": [160, 160],
	"textures": {
		"0": "item/bucket_3d",
		"1": "item/water_bucket_3d",
		"2": "item/salmon_bucket_3d",
		"particle": "item/bucket_3d"
	},
	"elements": [
		{
			"name": "bottom",
			"from": [4, 0, 4],
			"to": [12, 2, 12],
			"rotation": {"angle": 0, "axis": "y", "origin": [4, 0, 5]},
			"faces": {
				"north": {"uv": [2, 6, 4, 6.5], "texture": "#0"},
				"east": {"uv": [4, 6, 6, 6.5], "texture": "#0"},
				"south": {"uv": [6, 6, 8, 6.5], "texture": "#0"},
				"west": {"uv": [2, 6.5, 4, 7], "texture": "#0"},
				"up": {"uv": [6.5, 6, 4.5, 4], "texture": "#0"},
				"down": {"uv": [2, 6, 0, 8], "texture": "#0"}
			}
		},
		{
			"name": "side1",
			"from": [3, 2, 3],
			"to": [12, 11, 4],
			"rotation": {"angle": 0, "axis": "y", "origin": [4, 3, 4]},
			"faces": {
				"north": {"uv": [9.25, 0, 11.5, 2.25], "texture": "#0"},
				"east": {"uv": [4.25, 6.75, 4.5, 8.75], "texture": "#0"},
				"south": {"uv": [11.5, 0, 13.75, 2.25], "texture": "#0"},
				"west": {"uv": [4.5, 6.75, 4.75, 9], "texture": "#0"},
				"up": {"uv": [6.25, 6.75, 4, 6.5], "texture": "#0"},
				"down": {"uv": [8.75, 4, 6.5, 4.25], "texture": "#0"}
			}
		},
		{
			"name": "side2",
			"from": [12, 2, 3],
			"to": [13, 11, 12],
			"rotation": {"angle": 0, "axis": "y", "origin": [5, 3, 4]},
			"faces": {
				"north": {"uv": [4.75, 6.75, 5, 9], "texture": "#0"},
				"east": {"uv": [9.25, 0, 11.5, 2.25], "texture": "#0"},
				"south": {"uv": [5, 6.75, 5.25, 8.75], "texture": "#0"},
				"west": {"uv": [11.5, 0, 13.75, 2.25], "texture": "#0"},
				"up": {"uv": [6.5, 8.75, 6.25, 6.5], "texture": "#0"},
				"down": {"uv": [6.75, 6.5, 6.5, 8.75], "texture": "#0"}
			}
		},
		{
			"name": "side3",
			"from": [4, 2, 12],
			"to": [13, 11, 13],
			"rotation": {"angle": 0, "axis": "y", "origin": [5, 3, 13]},
			"faces": {
				"north": {"uv": [11.5, 0, 13.75, 2.25], "texture": "#0"},
				"east": {"uv": [5.25, 6.75, 5.5, 9], "texture": "#0"},
				"south": {"uv": [9.25, 0, 11.5, 2.25], "texture": "#0"},
				"west": {"uv": [5.5, 6.75, 5.75, 8.75], "texture": "#0"},
				"up": {"uv": [8.75, 4.5, 6.5, 4.25], "texture": "#0"},
				"down": {"uv": [8.75, 4.5, 6.5, 4.75], "texture": "#0"}
			}
		},
		{
			"name": "side4",
			"from": [3, 2, 4],
			"to": [4, 11, 13],
			"rotation": {"angle": 0, "axis": "y", "origin": [-4, 3, 5]},
			"faces": {
				"north": {"uv": [5.75, 6.75, 6, 8.75], "texture": "#0"},
				"east": {"uv": [11.5, 0, 13.75, 2.25], "texture": "#0"},
				"south": {"uv": [6, 6.75, 6.25, 9], "texture": "#0"},
				"west": {"uv": [9.25, 0, 11.5, 2.25], "texture": "#0"},
				"up": {"uv": [7, 2.25, 6.75, 0], "texture": "#0"},
				"down": {"uv": [4.25, 6.75, 4, 9], "texture": "#0"}
			}
		},
		{
			"from": [4, 3, 4],
			"to": [12, 10, 12],
			"rotation": {"angle": 0, "axis": "y", "origin": [10, 8, 8.1]},
			"faces": {
				"north": {"uv": [4, 12, 12, 4], "texture": "#1", "tintindex": 0},
				"east": {"uv": [4, 12, 12, 4], "texture": "#1", "tintindex": 0},
				"south": {"uv": [4, 12, 12, 4], "texture": "#1"},
				"west": {"uv": [4, 12, 12, 4], "texture": "#1", "tintindex": 0},
				"up": {"uv": [4, 4, 12, 12], "texture": "#1", "tintindex": 0},
				"down": {"uv": [4, 4, 12, 12], "texture": "#1", "tintindex": 0}
			}
		},
		{
			"name": "head",
			"from": [7, 11.5669, 2.17203],
			"to": [9, 15.5669, 6.17203],
			"rotation": {"angle": 22.5, "axis": "x", "origin": [8, 13.5669, 4.17203]},
			"faces": {
				"north": {"uv": [2.4, 13.2, 2.6, 13.6], "texture": "#2"},
				"east": {"uv": [2, 13.2, 2.4, 13.6], "texture": "#2"},
				"south": {"uv": [3, 13.2, 3.2, 13.6], "texture": "#2"},
				"west": {"uv": [2.6, 13.2, 3, 13.6], "texture": "#2"},
				"up": {"uv": [2.6, 13.2, 2.4, 12.8], "texture": "#2"},
				"down": {"uv": [2.8, 12.8, 2.6, 13.2], "texture": "#2"}
			}
		},
		{
			"name": "body_front",
			"from": [6.5, 6, 1.1],
			"to": [9.5, 11, 9.1],
			"rotation": {"angle": 45, "axis": "x", "origin": [8, 6, 9.1]},
			"faces": {
				"north": {"uv": [0.8, 13.6, 1.1, 14.1], "texture": "#2"},
				"east": {"uv": [0, 13.6, 0.8, 14.1], "texture": "#2"},
				"south": {"uv": [1.9, 13.6, 2.2, 14.1], "texture": "#2"},
				"west": {"uv": [1.1, 13.6, 1.9, 14.1], "texture": "#2"},
				"up": {"uv": [1.1, 13.6, 0.8, 12.8], "texture": "#2"},
				"down": {"uv": [1.4, 12.8, 1.1, 13.6], "texture": "#2"}
			}
		},
		{
			"name": "fin_left",
			"from": [4.499, 11.074, 3.85636],
			"to": [6.501, 11.076, 5.85836],
			"rotation": {"angle": 0, "axis": "x", "origin": [8, 11, 3.85736]},
			"faces": {
				"up": {"uv": [0.2, 13.2, 0, 13], "texture": "#2"},
				"down": {"uv": [0.4, 13, 0.2, 13.2], "texture": "#2"}
			}
		},
		{
			"name": "fin_right",
			"from": [9.499, 11.074, 3.85636],
			"to": [11.501, 11.076, 5.85836],
			"rotation": {"angle": 0, "axis": "x", "origin": [8, 11, 3.85736]},
			"faces": {
				"up": {"uv": [0.2, 13, 0, 12.8], "texture": "#2"},
				"down": {"uv": [0.4, 12.8, 0.2, 13], "texture": "#2"}
			}
		},
		{
			"name": "head",
			"from": [7, 11.5669, 2.17203],
			"to": [9, 15.5669, 6.17203],
			"rotation": {"angle": 22.5, "axis": "x", "origin": [8, 13.5669, 4.17203]},
			"faces": {
				"north": {"uv": [2.4, 0.4, 2.6, 0.8], "texture": "#2"},
				"east": {"uv": [2, 0.4, 2.4, 0.8], "texture": "#2"},
				"south": {"uv": [3, 0.4, 3.2, 0.8], "texture": "#2"},
				"west": {"uv": [2.6, 0.4, 3, 0.8], "texture": "#2"},
				"up": {"uv": [2.6, 0.4, 2.4, 0], "texture": "#2"},
				"down": {"uv": [2.8, 0, 2.6, 0.4], "texture": "#2"}
			}
		},
		{
			"name": "head",
			"from": [7, 11.54777, 2.21822],
			"to": [9, 15.54777, 6.21822],
			"rotation": {"angle": 22.5, "axis": "x", "origin": [8, 13.54777, 4.21822]},
			"faces": {
				"north": {"uv": [5.6, 0.4, 5.8, 0.8], "texture": "#2"},
				"east": {"uv": [5.2, 0.4, 5.6, 0.8], "texture": "#2"},
				"south": {"uv": [6.2, 0.4, 6.4, 0.8], "texture": "#2"},
				"west": {"uv": [5.8, 0.4, 6.2, 0.8], "texture": "#2"},
				"up": {"uv": [5.8, 0.4, 5.6, 0], "texture": "#2"},
				"down": {"uv": [6, 0, 5.8, 0.4], "texture": "#2"}
			}
		},
		{
			"name": "head",
			"from": [7, 11.52864, 2.26441],
			"to": [9, 15.52864, 6.26441],
			"rotation": {"angle": 22.5, "axis": "x", "origin": [8, 13.52864, 4.26441]},
			"faces": {
				"north": {"uv": [8.8, 0.4, 9, 0.8], "texture": "#2"},
				"east": {"uv": [8.4, 0.4, 8.8, 0.8], "texture": "#2"},
				"south": {"uv": [9.4, 0.4, 9.6, 0.8], "texture": "#2"},
				"west": {"uv": [9, 0.4, 9.4, 0.8], "texture": "#2"},
				"up": {"uv": [9, 0.4, 8.8, 0], "texture": "#2"},
				"down": {"uv": [9.2, 0, 9, 0.4], "texture": "#2"}
			}
		},
		{
			"name": "head",
			"from": [7, 11.5095, 2.31061],
			"to": [9, 15.5095, 6.31061],
			"rotation": {"angle": 22.5, "axis": "x", "origin": [8, 13.5095, 4.31061]},
			"faces": {
				"north": {"uv": [12, 0.4, 12.2, 0.8], "texture": "#2"},
				"east": {"uv": [11.6, 0.4, 12, 0.8], "texture": "#2"},
				"south": {"uv": [12.6, 0.4, 12.8, 0.8], "texture": "#2"},
				"west": {"uv": [12.2, 0.4, 12.6, 0.8], "texture": "#2"},
				"up": {"uv": [12.2, 0.4, 12, 0], "texture": "#2"},
				"down": {"uv": [12.4, 0, 12.2, 0.4], "texture": "#2"}
			}
		},
		{
			"name": "head",
			"from": [7, 11.49037, 2.3568],
			"to": [9, 15.49037, 6.3568],
			"rotation": {"angle": 22.5, "axis": "x", "origin": [8, 13.49037, 4.3568]},
			"faces": {
				"north": {"uv": [15.2, 0.4, 15.4, 0.8], "texture": "#2"},
				"east": {"uv": [14.8, 0.4, 15.2, 0.8], "texture": "#2"},
				"south": {"uv": [15.8, 0.4, 16, 0.8], "texture": "#2"},
				"west": {"uv": [15.4, 0.4, 15.8, 0.8], "texture": "#2"},
				"up": {"uv": [15.4, 0.4, 15.2, 0], "texture": "#2"},
				"down": {"uv": [15.6, 0, 15.4, 0.4], "texture": "#2"}
			}
		},
		{
			"name": "head",
			"from": [7, 11.4521, 2.44919],
			"to": [9, 15.4521, 6.44919],
			"rotation": {"angle": 22.5, "axis": "x", "origin": [8, 13.4521, 4.44919]},
			"faces": {
				"north": {"uv": [15.2, 3.6, 15.4, 4], "texture": "#2"},
				"east": {"uv": [14.8, 3.6, 15.2, 4], "texture": "#2"},
				"south": {"uv": [15.8, 3.6, 16, 4], "texture": "#2"},
				"west": {"uv": [15.4, 3.6, 15.8, 4], "texture": "#2"},
				"up": {"uv": [15.4, 3.6, 15.2, 3.2], "texture": "#2"},
				"down": {"uv": [15.6, 3.2, 15.4, 3.6], "texture": "#2"}
			}
		},
		{
			"name": "head",
			"from": [7, 11.41383, 2.54158],
			"to": [9, 15.41383, 6.54158],
			"rotation": {"angle": 22.5, "axis": "x", "origin": [8, 13.41383, 4.54158]},
			"faces": {
				"north": {"uv": [12, 3.6, 12.2, 4], "texture": "#2"},
				"east": {"uv": [11.6, 3.6, 12, 4], "texture": "#2"},
				"south": {"uv": [12.6, 3.6, 12.8, 4], "texture": "#2"},
				"west": {"uv": [12.2, 3.6, 12.6, 4], "texture": "#2"},
				"up": {"uv": [12.2, 3.6, 12, 3.2], "texture": "#2"},
				"down": {"uv": [12.4, 3.2, 12.2, 3.6], "texture": "#2"}
			}
		},
		{
			"name": "head",
			"from": [7, 11.37556, 2.63397],
			"to": [9, 15.37556, 6.63397],
			"rotation": {"angle": 22.5, "axis": "x", "origin": [8, 13.37556, 4.63397]},
			"faces": {
				"north": {"uv": [8.8, 3.6, 9, 4], "texture": "#2"},
				"east": {"uv": [8.4, 3.6, 8.8, 4], "texture": "#2"},
				"south": {"uv": [9.4, 3.6, 9.6, 4], "texture": "#2"},
				"west": {"uv": [9, 3.6, 9.4, 4], "texture": "#2"},
				"up": {"uv": [9, 3.6, 8.8, 3.2], "texture": "#2"},
				"down": {"uv": [9.2, 3.2, 9, 3.6], "texture": "#2"}
			}
		},
		{
			"name": "head",
			"from": [7, 11.33729, 2.72635],
			"to": [9, 15.33729, 6.72635],
			"rotation": {"angle": 22.5, "axis": "x", "origin": [8, 13.33729, 4.72635]},
			"faces": {
				"north": {"uv": [5.6, 3.6, 5.8, 4], "texture": "#2"},
				"east": {"uv": [5.2, 3.6, 5.6, 4], "texture": "#2"},
				"south": {"uv": [6.2, 3.6, 6.4, 4], "texture": "#2"},
				"west": {"uv": [5.8, 3.6, 6.2, 4], "texture": "#2"},
				"up": {"uv": [5.8, 3.6, 5.6, 3.2], "texture": "#2"},
				"down": {"uv": [6, 3.2, 5.8, 3.6], "texture": "#2"}
			}
		},
		{
			"name": "head",
			"from": [7, 11.29903, 2.81874],
			"to": [9, 15.29903, 6.81874],
			"rotation": {"angle": 22.5, "axis": "x", "origin": [8, 13.29903, 4.81874]},
			"faces": {
				"north": {"uv": [2.4, 3.6, 2.6, 4], "texture": "#2"},
				"east": {"uv": [2, 3.6, 2.4, 4], "texture": "#2"},
				"south": {"uv": [3, 3.6, 3.2, 4], "texture": "#2"},
				"west": {"uv": [2.6, 3.6, 3, 4], "texture": "#2"},
				"up": {"uv": [2.6, 3.6, 2.4, 3.2], "texture": "#2"},
				"down": {"uv": [2.8, 3.2, 2.6, 3.6], "texture": "#2"}
			}
		},
		{
			"name": "head",
			"from": [7, 11.26076, 2.91113],
			"to": [9, 15.26076, 6.91113],
			"rotation": {"angle": 22.5, "axis": "x", "origin": [8, 13.26076, 4.91113]},
			"faces": {
				"north": {"uv": [2.4, 6.8, 2.6, 7.2], "texture": "#2"},
				"east": {"uv": [2, 6.8, 2.4, 7.2], "texture": "#2"},
				"south": {"uv": [3, 6.8, 3.2, 7.2], "texture": "#2"},
				"west": {"uv": [2.6, 6.8, 3, 7.2], "texture": "#2"},
				"up": {"uv": [2.6, 6.8, 2.4, 6.4], "texture": "#2"},
				"down": {"uv": [2.8, 6.4, 2.6, 6.8], "texture": "#2"}
			}
		},
		{
			"name": "head",
			"from": [7, 11.22249, 3.00352],
			"to": [9, 15.22249, 7.00352],
			"rotation": {"angle": 22.5, "axis": "x", "origin": [8, 13.22249, 5.00352]},
			"faces": {
				"north": {"uv": [5.6, 6.8, 5.8, 7.2], "texture": "#2"},
				"east": {"uv": [5.2, 6.8, 5.6, 7.2], "texture": "#2"},
				"south": {"uv": [6.2, 6.8, 6.4, 7.2], "texture": "#2"},
				"west": {"uv": [5.8, 6.8, 6.2, 7.2], "texture": "#2"},
				"up": {"uv": [5.8, 6.8, 5.6, 6.4], "texture": "#2"},
				"down": {"uv": [6, 6.4, 5.8, 6.8], "texture": "#2"}
			}
		},
		{
			"name": "head",
			"from": [7, 11.18422, 3.19591],
			"to": [9, 15.18422, 7.19591],
			"rotation": {"angle": 22.5, "axis": "x", "origin": [8, 13.18422, 5.09591]},
			"faces": {
				"north": {"uv": [8.8, 6.8, 9, 7.2], "texture": "#2"},
				"east": {"uv": [8.4, 6.8, 8.8, 7.2], "texture": "#2"},
				"south": {"uv": [9.4, 6.8, 9.6, 7.2], "texture": "#2"},
				"west": {"uv": [9, 6.8, 9.4, 7.2], "texture": "#2"},
				"up": {"uv": [9, 6.8, 8.8, 6.4], "texture": "#2"},
				"down": {"uv": [9.2, 6.4, 9, 6.8], "texture": "#2"}
			}
		},
		{
			"name": "head",
			"from": [7, 11.14595, 3.28829],
			"to": [9, 15.14595, 7.28829],
			"rotation": {"angle": 22, "axis": "x", "origin": [8, 13.14595, 5.18829]},
			"faces": {
				"north": {"uv": [12, 6.8, 12.2, 7.2], "texture": "#2"},
				"east": {"uv": [11.6, 6.8, 12, 7.2], "texture": "#2"},
				"south": {"uv": [12.6, 6.8, 12.8, 7.2], "texture": "#2"},
				"west": {"uv": [12.2, 6.8, 12.6, 7.2], "texture": "#2"},
				"up": {"uv": [12.2, 6.8, 12, 6.4], "texture": "#2"},
				"down": {"uv": [12.4, 6.4, 12.2, 6.8], "texture": "#2"}
			}
		},
		{
			"name": "head",
			"from": [7, 11.10768, 3.48068],
			"to": [9, 15.10768, 7.48068],
			"rotation": {"angle": 21.5, "axis": "x", "origin": [8, 13.10768, 5.28068]},
			"faces": {
				"north": {"uv": [15.2, 6.8, 15.4, 7.2], "texture": "#2"},
				"east": {"uv": [14.8, 6.8, 15.2, 7.2], "texture": "#2"},
				"south": {"uv": [15.8, 6.8, 16, 7.2], "texture": "#2"},
				"west": {"uv": [15.4, 6.8, 15.8, 7.2], "texture": "#2"},
				"up": {"uv": [15.4, 6.8, 15.2, 6.4], "texture": "#2"},
				"down": {"uv": [15.6, 6.4, 15.4, 6.8], "texture": "#2"}
			}
		},
		{
			"name": "head",
			"from": [7, 11.06942, 3.57307],
			"to": [9, 15.06942, 7.57307],
			"rotation": {"angle": 21, "axis": "x", "origin": [8, 13.06942, 5.37307]},
			"faces": {
				"north": {"uv": [15.2, 10, 15.4, 10.4], "texture": "#2"},
				"east": {"uv": [14.8, 10, 15.2, 10.4], "texture": "#2"},
				"south": {"uv": [15.8, 10, 16, 10.4], "texture": "#2"},
				"west": {"uv": [15.4, 10, 15.8, 10.4], "texture": "#2"},
				"up": {"uv": [15.4, 10, 15.2, 9.6], "texture": "#2"},
				"down": {"uv": [15.6, 9.6, 15.4, 10], "texture": "#2"}
			}
		},
		{
			"name": "head",
			"from": [7, 11.03115, 3.76546],
			"to": [9, 15.03115, 7.76546],
			"rotation": {"angle": 20.5, "axis": "x", "origin": [8, 13.03115, 5.46546]},
			"faces": {
				"north": {"uv": [12, 10, 12.2, 10.4], "texture": "#2"},
				"east": {"uv": [11.6, 10, 12, 10.4], "texture": "#2"},
				"south": {"uv": [12.6, 10, 12.8, 10.4], "texture": "#2"},
				"west": {"uv": [12.2, 10, 12.6, 10.4], "texture": "#2"},
				"up": {"uv": [12.2, 10, 12, 9.6], "texture": "#2"},
				"down": {"uv": [12.4, 9.6, 12.2, 10], "texture": "#2"}
			}
		},
		{
			"name": "head",
			"from": [7, 11.01201, 3.81165],
			"to": [9, 15.01201, 7.81165],
			"rotation": {"angle": 20, "axis": "x", "origin": [8, 13.01201, 5.51165]},
			"faces": {
				"north": {"uv": [8.8, 10, 9, 10.4], "texture": "#2"},
				"east": {"uv": [8.4, 10, 8.8, 10.4], "texture": "#2"},
				"south": {"uv": [9.4, 10, 9.6, 10.4], "texture": "#2"},
				"west": {"uv": [9, 10, 9.4, 10.4], "texture": "#2"},
				"up": {"uv": [9, 10, 8.8, 9.6], "texture": "#2"},
				"down": {"uv": [9.2, 9.6, 9, 10], "texture": "#2"}
			}
		},
		{
			"name": "head",
			"from": [7, 10.99288, 3.95785],
			"to": [9, 14.99288, 7.95785],
			"rotation": {"angle": 19.5, "axis": "x", "origin": [8, 12.99288, 5.55785]},
			"faces": {
				"north": {"uv": [5.6, 10, 5.8, 10.4], "texture": "#2"},
				"east": {"uv": [5.2, 10, 5.6, 10.4], "texture": "#2"},
				"south": {"uv": [6.2, 10, 6.4, 10.4], "texture": "#2"},
				"west": {"uv": [5.8, 10, 6.2, 10.4], "texture": "#2"},
				"up": {"uv": [5.8, 10, 5.6, 9.6], "texture": "#2"},
				"down": {"uv": [6, 9.6, 5.8, 10], "texture": "#2"}
			}
		},
		{
			"name": "head",
			"from": [7, 10.97374, 4.10404],
			"to": [9, 14.97374, 8.10404],
			"rotation": {"angle": 19, "axis": "x", "origin": [8, 12.97374, 5.60404]},
			"faces": {
				"north": {"uv": [2.4, 10, 2.6, 10.4], "texture": "#2"},
				"east": {"uv": [2, 10, 2.4, 10.4], "texture": "#2"},
				"south": {"uv": [3, 10, 3.2, 10.4], "texture": "#2"},
				"west": {"uv": [2.6, 10, 3, 10.4], "texture": "#2"},
				"up": {"uv": [2.6, 10, 2.4, 9.6], "texture": "#2"},
				"down": {"uv": [2.8, 9.6, 2.6, 10], "texture": "#2"}
			}
		},
		{
			"name": "body_front",
			"from": [6.5, 8.09619, 4.03934],
			"to": [9.5, 13.09619, 12.03934],
			"rotation": {"angle": 45, "axis": "x", "origin": [8, 10.59619, 8.03934]},
			"faces": {
				"north": {"uv": [0.8, 0.8, 1.1, 1.3], "texture": "#2"},
				"east": {"uv": [0, 0.8, 0.8, 1.3], "texture": "#2"},
				"south": {"uv": [1.9, 0.8, 2.2, 1.3], "texture": "#2"},
				"west": {"uv": [1.1, 0.8, 1.9, 1.3], "texture": "#2"},
				"up": {"uv": [1.1, 0.8, 0.8, 0], "texture": "#2"},
				"down": {"uv": [1.4, 0, 1.1, 0.8], "texture": "#2"}
			}
		},
		{
			"name": "body_front",
			"from": [6.5, 8.06084, 4.0747],
			"to": [9.5, 13.06084, 12.0747],
			"rotation": {"angle": 45, "axis": "x", "origin": [8, 10.56084, 8.0747]},
			"faces": {
				"north": {"uv": [4, 0.8, 4.3, 1.3], "texture": "#2"},
				"east": {"uv": [3.2, 0.8, 4, 1.3], "texture": "#2"},
				"south": {"uv": [5.1, 0.8, 5.4, 1.3], "texture": "#2"},
				"west": {"uv": [4.3, 0.8, 5.1, 1.3], "texture": "#2"},
				"up": {"uv": [4.3, 0.8, 4, 0], "texture": "#2"},
				"down": {"uv": [4.6, 0, 4.3, 0.8], "texture": "#2"}
			}
		},
		{
			"name": "body_front",
			"from": [6.5, 8.02548, 4.11005],
			"to": [9.5, 13.02548, 12.11005],
			"rotation": {"angle": 45, "axis": "x", "origin": [8, 10.52548, 8.11005]},
			"faces": {
				"north": {"uv": [7.2, 0.8, 7.5, 1.3], "texture": "#2"},
				"east": {"uv": [6.4, 0.8, 7.2, 1.3], "texture": "#2"},
				"south": {"uv": [8.3, 0.8, 8.6, 1.3], "texture": "#2"},
				"west": {"uv": [7.5, 0.8, 8.3, 1.3], "texture": "#2"},
				"up": {"uv": [7.5, 0.8, 7.2, 0], "texture": "#2"},
				"down": {"uv": [7.8, 0, 7.5, 0.8], "texture": "#2"}
			}
		},
		{
			"name": "body_front",
			"from": [6.5, 7.99013, 4.14541],
			"to": [9.5, 12.99013, 12.14541],
			"rotation": {"angle": 45, "axis": "x", "origin": [8, 10.49013, 8.14541]},
			"faces": {
				"north": {"uv": [10.4, 0.8, 10.7, 1.3], "texture": "#2"},
				"east": {"uv": [9.6, 0.8, 10.4, 1.3], "texture": "#2"},
				"south": {"uv": [11.5, 0.8, 11.8, 1.3], "texture": "#2"},
				"west": {"uv": [10.7, 0.8, 11.5, 1.3], "texture": "#2"},
				"up": {"uv": [10.7, 0.8, 10.4, 0], "texture": "#2"},
				"down": {"uv": [11, 0, 10.7, 0.8], "texture": "#2"}
			}
		},
		{
			"name": "body_front",
			"from": [6.5, 7.95477, 4.18076],
			"to": [9.5, 12.95477, 12.18076],
			"rotation": {"angle": 45, "axis": "x", "origin": [8, 10.45477, 8.18076]},
			"faces": {
				"north": {"uv": [13.6, 0.8, 13.9, 1.3], "texture": "#2"},
				"east": {"uv": [12.8, 0.8, 13.6, 1.3], "texture": "#2"},
				"south": {"uv": [14.7, 0.8, 15, 1.3], "texture": "#2"},
				"west": {"uv": [13.9, 0.8, 14.7, 1.3], "texture": "#2"},
				"up": {"uv": [13.9, 0.8, 13.6, 0], "texture": "#2"},
				"down": {"uv": [14.2, 0, 13.9, 0.8], "texture": "#2"}
			}
		},
		{
			"name": "body_front",
			"from": [6.5, 7.88406, 4.25147],
			"to": [9.5, 12.88406, 12.25147],
			"rotation": {"angle": 45, "axis": "x", "origin": [8, 10.38406, 8.25147]},
			"faces": {
				"north": {"uv": [13.6, 4, 13.9, 4.5], "texture": "#2"},
				"east": {"uv": [12.8, 4, 13.6, 4.5], "texture": "#2"},
				"south": {"uv": [14.7, 4, 15, 4.5], "texture": "#2"},
				"west": {"uv": [13.9, 4, 14.7, 4.5], "texture": "#2"},
				"up": {"uv": [13.9, 4, 13.6, 3.2], "texture": "#2"},
				"down": {"uv": [14.2, 3.2, 13.9, 4], "texture": "#2"}
			}
		},
		{
			"name": "body_front",
			"from": [6.5, 7.81335, 4.32218],
			"to": [9.5, 12.81335, 12.32218],
			"rotation": {"angle": 45, "axis": "x", "origin": [8, 10.31335, 8.32218]},
			"faces": {
				"north": {"uv": [10.4, 4, 10.7, 4.5], "texture": "#2"},
				"east": {"uv": [9.6, 4, 10.4, 4.5], "texture": "#2"},
				"south": {"uv": [11.5, 4, 11.8, 4.5], "texture": "#2"},
				"west": {"uv": [10.7, 4, 11.5, 4.5], "texture": "#2"},
				"up": {"uv": [10.7, 4, 10.4, 3.2], "texture": "#2"},
				"down": {"uv": [11, 3.2, 10.7, 4], "texture": "#2"}
			}
		},
		{
			"name": "body_front",
			"from": [6.5, 7.74264, 4.39289],
			"to": [9.5, 12.74264, 12.39289],
			"rotation": {"angle": 45, "axis": "x", "origin": [8, 10.24264, 8.39289]},
			"faces": {
				"north": {"uv": [7.2, 4, 7.5, 4.5], "texture": "#2"},
				"east": {"uv": [6.4, 4, 7.2, 4.5], "texture": "#2"},
				"south": {"uv": [8.3, 4, 8.6, 4.5], "texture": "#2"},
				"west": {"uv": [7.5, 4, 8.3, 4.5], "texture": "#2"},
				"up": {"uv": [7.5, 4, 7.2, 3.2], "texture": "#2"},
				"down": {"uv": [7.8, 3.2, 7.5, 4], "texture": "#2"}
			}
		},
		{
			"name": "body_front",
			"from": [6.5, 7.67193, 4.4636],
			"to": [9.5, 12.67193, 12.4636],
			"rotation": {"angle": 45, "axis": "x", "origin": [8, 10.17193, 8.4636]},
			"faces": {
				"north": {"uv": [4, 4, 4.3, 4.5], "texture": "#2"},
				"east": {"uv": [3.2, 4, 4, 4.5], "texture": "#2"},
				"south": {"uv": [5.1, 4, 5.4, 4.5], "texture": "#2"},
				"west": {"uv": [4.3, 4, 5.1, 4.5], "texture": "#2"},
				"up": {"uv": [4.3, 4, 4, 3.2], "texture": "#2"},
				"down": {"uv": [4.6, 3.2, 4.3, 4], "texture": "#2"}
			}
		},
		{
			"name": "body_front",
			"from": [6.5, 6.10122, 6.03431],
			"to": [9.5, 14.10122, 11.03431],
			"rotation": {"angle": -44, "axis": "x", "origin": [8, 10.10122, 8.53431]},
			"faces": {
				"north": {"uv": [1.4, 3.2, 1.1, 4], "rotation": 180, "texture": "#2"},
				"east": {"uv": [0, 4, 0.8, 4.5], "rotation": 270, "texture": "#2"},
				"south": {"uv": [1.1, 4, 0.8, 3.2], "texture": "#2"},
				"west": {"uv": [1.1, 4, 1.9, 4.5], "rotation": 90, "texture": "#2"},
				"up": {"uv": [0.8, 4, 1.1, 4.5], "rotation": 180, "texture": "#2"},
				"down": {"uv": [1.9, 4, 2.2, 4.5], "texture": "#2"}
			}
		},
		{
			"name": "body_front",
			"from": [6.5, 6.03051, 6.10503],
			"to": [9.5, 14.03051, 11.10503],
			"rotation": {"angle": -43, "axis": "x", "origin": [8, 10.03051, 8.60503]},
			"faces": {
				"north": {"uv": [1.4, 6.4, 1.1, 7.2], "rotation": 180, "texture": "#2"},
				"east": {"uv": [0, 7.2, 0.8, 7.7], "rotation": 270, "texture": "#2"},
				"south": {"uv": [1.1, 7.2, 0.8, 6.4], "texture": "#2"},
				"west": {"uv": [1.1, 7.2, 1.9, 7.7], "rotation": 90, "texture": "#2"},
				"up": {"uv": [0.8, 7.2, 1.1, 7.7], "rotation": 180, "texture": "#2"},
				"down": {"uv": [1.9, 7.2, 2.2, 7.7], "texture": "#2"}
			}
		},
		{
			"name": "body_front",
			"from": [6.5, 5.9598, 6.17574],
			"to": [9.5, 13.9598, 11.17574],
			"rotation": {"angle": -42, "axis": "x", "origin": [8, 9.9598, 8.67574]},
			"faces": {
				"north": {"uv": [4.6, 6.4, 4.3, 7.2], "rotation": 180, "texture": "#2"},
				"east": {"uv": [3.2, 7.2, 4, 7.7], "rotation": 270, "texture": "#2"},
				"south": {"uv": [4.3, 7.2, 4, 6.4], "texture": "#2"},
				"west": {"uv": [4.3, 7.2, 5.1, 7.7], "rotation": 90, "texture": "#2"},
				"up": {"uv": [4, 7.2, 4.3, 7.7], "rotation": 180, "texture": "#2"},
				"down": {"uv": [5.1, 7.2, 5.4, 7.7], "texture": "#2"}
			}
		},
		{
			"name": "body_front",
			"from": [6.5, 5.88909, 6.24645],
			"to": [9.5, 13.88909, 11.24645],
			"rotation": {"angle": -41, "axis": "x", "origin": [8, 9.88909, 8.74645]},
			"faces": {
				"north": {"uv": [7.8, 6.4, 7.5, 7.2], "rotation": 180, "texture": "#2"},
				"east": {"uv": [6.4, 7.2, 7.2, 7.7], "rotation": 270, "texture": "#2"},
				"south": {"uv": [7.5, 7.2, 7.2, 6.4], "texture": "#2"},
				"west": {"uv": [7.5, 7.2, 8.3, 7.7], "rotation": 90, "texture": "#2"},
				"up": {"uv": [7.2, 7.2, 7.5, 7.7], "rotation": 180, "texture": "#2"},
				"down": {"uv": [8.3, 7.2, 8.6, 7.7], "texture": "#2"}
			}
		},
		{
			"name": "body_front",
			"from": [6.5, 5.81838, 6.31716],
			"to": [9.5, 13.81838, 11.31716],
			"rotation": {"angle": -40, "axis": "x", "origin": [8, 9.81838, 8.81716]},
			"faces": {
				"north": {"uv": [11, 6.4, 10.7, 7.2], "rotation": 180, "texture": "#2"},
				"east": {"uv": [9.6, 7.2, 10.4, 7.7], "rotation": 270, "texture": "#2"},
				"south": {"uv": [10.7, 7.2, 10.4, 6.4], "texture": "#2"},
				"west": {"uv": [10.7, 7.2, 11.5, 7.7], "rotation": 90, "texture": "#2"},
				"up": {"uv": [10.4, 7.2, 10.7, 7.7], "rotation": 180, "texture": "#2"},
				"down": {"uv": [11.5, 7.2, 11.8, 7.7], "texture": "#2"}
			}
		},
		{
			"name": "body_front",
			"from": [6.5, 5.74767, 6.38787],
			"to": [9.5, 13.74767, 11.38787],
			"rotation": {"angle": -39, "axis": "x", "origin": [8, 9.74767, 8.88787]},
			"faces": {
				"north": {"uv": [14.2, 6.4, 13.9, 7.2], "rotation": 180, "texture": "#2"},
				"east": {"uv": [12.8, 7.2, 13.6, 7.7], "rotation": 270, "texture": "#2"},
				"south": {"uv": [13.9, 7.2, 13.6, 6.4], "texture": "#2"},
				"west": {"uv": [13.9, 7.2, 14.7, 7.7], "rotation": 90, "texture": "#2"},
				"up": {"uv": [13.6, 7.2, 13.9, 7.7], "rotation": 180, "texture": "#2"},
				"down": {"uv": [14.7, 7.2, 15, 7.7], "texture": "#2"}
			}
		},
		{
			"name": "body_front",
			"from": [6.5, 5.67696, 6.45858],
			"to": [9.5, 13.67696, 11.45858],
			"rotation": {"angle": -38, "axis": "x", "origin": [8, 9.67696, 8.95858]},
			"faces": {
				"north": {"uv": [14.2, 9.6, 13.9, 10.4], "rotation": 180, "texture": "#2"},
				"east": {"uv": [12.8, 10.4, 13.6, 10.9], "rotation": 270, "texture": "#2"},
				"south": {"uv": [13.9, 10.4, 13.6, 9.6], "texture": "#2"},
				"west": {"uv": [13.9, 10.4, 14.7, 10.9], "rotation": 90, "texture": "#2"},
				"up": {"uv": [13.6, 10.4, 13.9, 10.9], "rotation": 180, "texture": "#2"},
				"down": {"uv": [14.7, 10.4, 15, 10.9], "texture": "#2"}
			}
		},
		{
			"name": "body_front",
			"from": [6.5, 5.60624, 6.52929],
			"to": [9.5, 13.60624, 11.52929],
			"rotation": {"angle": -37, "axis": "x", "origin": [8, 9.60624, 9.02929]},
			"faces": {
				"north": {"uv": [11, 9.6, 10.7, 10.4], "rotation": 180, "texture": "#2"},
				"east": {"uv": [9.6, 10.4, 10.4, 10.9], "rotation": 270, "texture": "#2"},
				"south": {"uv": [10.7, 10.4, 10.4, 9.6], "texture": "#2"},
				"west": {"uv": [10.7, 10.4, 11.5, 10.9], "rotation": 90, "texture": "#2"},
				"up": {"uv": [10.4, 10.4, 10.7, 10.9], "rotation": 180, "texture": "#2"},
				"down": {"uv": [11.5, 10.4, 11.8, 10.9], "texture": "#2"}
			}
		},
		{
			"name": "body_front",
			"from": [6.5, 5.57089, 6.56464],
			"to": [9.5, 13.57089, 11.56464],
			"rotation": {"angle": -36, "axis": "x", "origin": [8, 9.57089, 9.06464]},
			"faces": {
				"north": {"uv": [7.8, 9.6, 7.5, 10.4], "rotation": 180, "texture": "#2"},
				"east": {"uv": [6.4, 10.4, 7.2, 10.9], "rotation": 270, "texture": "#2"},
				"south": {"uv": [7.5, 10.4, 7.2, 9.6], "texture": "#2"},
				"west": {"uv": [7.5, 10.4, 8.3, 10.9], "rotation": 90, "texture": "#2"},
				"up": {"uv": [7.2, 10.4, 7.5, 10.9], "rotation": 180, "texture": "#2"},
				"down": {"uv": [8.3, 10.4, 8.6, 10.9], "texture": "#2"}
			}
		},
		{
			"name": "body_front",
			"from": [6.5, 5.53553, 6.6],
			"to": [9.5, 13.53553, 11.6],
			"rotation": {"angle": -35, "axis": "x", "origin": [8, 9.53553, 9.1]},
			"faces": {
				"north": {"uv": [4.6, 9.6, 4.3, 10.4], "rotation": 180, "texture": "#2"},
				"east": {"uv": [3.2, 10.4, 4, 10.9], "rotation": 270, "texture": "#2"},
				"south": {"uv": [4.3, 10.4, 4, 9.6], "texture": "#2"},
				"west": {"uv": [4.3, 10.4, 5.1, 10.9], "rotation": 90, "texture": "#2"},
				"up": {"uv": [4, 10.4, 4.3, 10.9], "rotation": 180, "texture": "#2"},
				"down": {"uv": [5.1, 10.4, 5.4, 10.9], "texture": "#2"}
			}
		},
		{
			"name": "body_front",
			"from": [6.5, 5.50018, 6.63536],
			"to": [9.5, 13.50018, 11.63536],
			"rotation": {"angle": -34, "axis": "x", "origin": [8, 9.50018, 9.13536]},
			"faces": {
				"north": {"uv": [1.4, 9.6, 1.1, 10.4], "rotation": 180, "texture": "#2"},
				"east": {"uv": [0, 10.4, 0.8, 10.9], "rotation": 270, "texture": "#2"},
				"south": {"uv": [1.1, 10.4, 0.8, 9.6], "texture": "#2"},
				"west": {"uv": [1.1, 10.4, 1.9, 10.9], "rotation": 90, "texture": "#2"},
				"up": {"uv": [0.8, 10.4, 1.1, 10.9], "rotation": 180, "texture": "#2"},
				"down": {"uv": [1.9, 10.4, 2.2, 10.9], "texture": "#2"}
			}
		},
		{
			"name": "fin_left",
			"from": [4.499, 11.074, 3.85636],
			"to": [6.501, 11.076, 5.85836],
			"rotation": {"angle": 0, "axis": "x", "origin": [8, 12.08155, 6.10568]},
			"faces": {
				"up": {"uv": [0.2, 0.4, 0, 0.2], "texture": "#2"},
				"down": {"uv": [0.4, 0.2, 0.2, 0.4], "texture": "#2"}
			}
		},
		{
			"name": "fin_right",
			"from": [9.499, 11.074, 3.85636],
			"to": [11.501, 11.076, 5.85836],
			"rotation": {"angle": 0, "axis": "x", "origin": [8, 12.08155, 6.10568]},
			"faces": {
				"up": {"uv": [0.2, 0.2, 0, 0], "texture": "#2"},
				"down": {"uv": [0.4, 0, 0.2, 0.2], "texture": "#2"}
			}
		},
		{
			"name": "fin_left",
			"from": [4.499, 11.049, 3.90636],
			"to": [6.501, 11.051, 5.90836],
			"rotation": {"angle": 1, "axis": "x", "origin": [6, 11.08155, 6.10568]},
			"faces": {
				"up": {"uv": [3.4, 0.4, 3.2, 0.2], "texture": "#2"},
				"down": {"uv": [3.6, 0.2, 3.4, 0.4], "texture": "#2"}
			}
		},
		{
			"name": "fin_right",
			"from": [9.499, 11.049, 3.90636],
			"to": [11.501, 11.051, 5.90836],
			"rotation": {"angle": 1, "axis": "x", "origin": [6, 11.08155, 6.10568]},
			"faces": {
				"up": {"uv": [3.4, 0.2, 3.2, 0], "texture": "#2"},
				"down": {"uv": [3.6, 0, 3.4, 0.2], "texture": "#2"}
			}
		},
		{
			"name": "fin_left",
			"from": [4.499, 11.024, 3.95636],
			"to": [6.501, 11.026, 5.95836],
			"rotation": {"angle": 2, "axis": "x", "origin": [6, 11.08155, 6.10568]},
			"faces": {
				"up": {"uv": [6.6, 0.4, 6.4, 0.2], "texture": "#2"},
				"down": {"uv": [6.8, 0.2, 6.6, 0.4], "texture": "#2"}
			}
		},
		{
			"name": "fin_right",
			"from": [9.499, 11.024, 3.95636],
			"to": [11.501, 11.026, 5.95836],
			"rotation": {"angle": 2, "axis": "x", "origin": [6, 11.08155, 6.10568]},
			"faces": {
				"up": {"uv": [6.6, 0.2, 6.4, 0], "texture": "#2"},
				"down": {"uv": [6.8, 0, 6.6, 0.2], "texture": "#2"}
			}
		},
		{
			"name": "fin_left",
			"from": [4.499, 10.974, 4.05636],
			"to": [6.501, 10.976, 6.05836],
			"rotation": {"angle": 4, "axis": "x", "origin": [6, 11.08155, 6.10568]},
			"faces": {
				"up": {"uv": [9.8, 0.4, 9.6, 0.2], "texture": "#2"},
				"down": {"uv": [10, 0.2, 9.8, 0.4], "texture": "#2"}
			}
		},
		{
			"name": "fin_right",
			"from": [9.499, 10.974, 4.05636],
			"to": [11.501, 10.976, 6.05836],
			"rotation": {"angle": 4, "axis": "x", "origin": [6, 11.08155, 6.10568]},
			"faces": {
				"up": {"uv": [9.8, 0.2, 9.6, 0], "texture": "#2"},
				"down": {"uv": [10, 0, 9.8, 0.2], "texture": "#2"}
			}
		},
		{
			"name": "fin_left",
			"from": [4.499, 10.949, 4.10636],
			"to": [6.501, 10.951, 6.10836],
			"rotation": {"angle": 5, "axis": "x", "origin": [6, 11.08155, 6.10568]},
			"faces": {
				"up": {"uv": [13, 0.4, 12.8, 0.2], "texture": "#2"},
				"down": {"uv": [13.2, 0.2, 13, 0.4], "texture": "#2"}
			}
		},
		{
			"name": "fin_right",
			"from": [9.499, 10.949, 4.10636],
			"to": [11.501, 10.951, 6.10836],
			"rotation": {"angle": 5, "axis": "x", "origin": [6, 11.08155, 6.10568]},
			"faces": {
				"up": {"uv": [13, 0.2, 12.8, 0], "texture": "#2"},
				"down": {"uv": [13.2, 0, 13, 0.2], "texture": "#2"}
			}
		},
		{
			"name": "fin_left",
			"from": [4.499, 10.899, 4.20636],
			"to": [6.501, 10.901, 6.20836],
			"rotation": {"angle": 6, "axis": "x", "origin": [6, 11.08155, 6.10568]},
			"faces": {
				"up": {"uv": [13, 3.6, 12.8, 3.4], "texture": "#2"},
				"down": {"uv": [13.2, 3.4, 13, 3.6], "texture": "#2"}
			}
		},
		{
			"name": "fin_right",
			"from": [9.499, 10.899, 4.20636],
			"to": [11.501, 10.901, 6.20836],
			"rotation": {"angle": 6, "axis": "x", "origin": [6, 11.08155, 6.10568]},
			"faces": {
				"up": {"uv": [13, 3.4, 12.8, 3.2], "texture": "#2"},
				"down": {"uv": [13.2, 3.2, 13, 3.4], "texture": "#2"}
			}
		},
		{
			"name": "fin_left",
			"from": [4.499, 10.849, 4.30636],
			"to": [6.501, 10.851, 6.30836],
			"rotation": {"angle": 7, "axis": "x", "origin": [6, 11.08155, 6.10568]},
			"faces": {
				"up": {"uv": [9.8, 3.6, 9.6, 3.4], "texture": "#2"},
				"down": {"uv": [10, 3.4, 9.8, 3.6], "texture": "#2"}
			}
		},
		{
			"name": "fin_right",
			"from": [9.499, 10.849, 4.30636],
			"to": [11.501, 10.851, 6.30836],
			"rotation": {"angle": 7, "axis": "x", "origin": [6, 11.08155, 6.10568]},
			"faces": {
				"up": {"uv": [9.8, 3.4, 9.6, 3.2], "texture": "#2"},
				"down": {"uv": [10, 3.2, 9.8, 3.4], "texture": "#2"}
			}
		},
		{
			"name": "fin_left",
			"from": [4.499, 10.799, 4.40636],
			"to": [6.501, 10.801, 6.40836],
			"rotation": {"angle": 8, "axis": "x", "origin": [6, 11.08155, 6.10568]},
			"faces": {
				"up": {"uv": [6.6, 3.6, 6.4, 3.4], "texture": "#2"},
				"down": {"uv": [6.8, 3.4, 6.6, 3.6], "texture": "#2"}
			}
		},
		{
			"name": "fin_right",
			"from": [9.499, 10.799, 4.40636],
			"to": [11.501, 10.801, 6.40836],
			"rotation": {"angle": 8, "axis": "x", "origin": [6, 11.08155, 6.10568]},
			"faces": {
				"up": {"uv": [6.6, 3.4, 6.4, 3.2], "texture": "#2"},
				"down": {"uv": [6.8, 3.2, 6.6, 3.4], "texture": "#2"}
			}
		},
		{
			"name": "fin_left",
			"from": [4.499, 10.749, 4.50636],
			"to": [6.501, 10.751, 6.50836],
			"rotation": {"angle": 9, "axis": "x", "origin": [6, 11.08155, 6.10568]},
			"faces": {
				"up": {"uv": [3.4, 3.6, 3.2, 3.4], "texture": "#2"},
				"down": {"uv": [3.6, 3.4, 3.4, 3.6], "texture": "#2"}
			}
		},
		{
			"name": "fin_right",
			"from": [9.499, 10.749, 4.50636],
			"to": [11.501, 10.751, 6.50836],
			"rotation": {"angle": 9, "axis": "x", "origin": [6, 11.08155, 6.10568]},
			"faces": {
				"up": {"uv": [3.4, 3.4, 3.2, 3.2], "texture": "#2"},
				"down": {"uv": [3.6, 3.2, 3.4, 3.4], "texture": "#2"}
			}
		},
		{
			"name": "fin_left",
			"from": [4.499, 10.699, 4.60636],
			"to": [6.501, 10.701, 6.60836],
			"rotation": {"angle": 10, "axis": "x", "origin": [6, 11.08155, 6.10568]},
			"faces": {
				"up": {"uv": [0.2, 3.6, 0, 3.4], "texture": "#2"},
				"down": {"uv": [0.4, 3.4, 0.2, 3.6], "texture": "#2"}
			}
		},
		{
			"name": "fin_right",
			"from": [9.499, 10.699, 4.60636],
			"to": [11.501, 10.701, 6.60836],
			"rotation": {"angle": 10, "axis": "x", "origin": [6, 11.08155, 6.10568]},
			"faces": {
				"up": {"uv": [0.2, 3.4, 0, 3.2], "texture": "#2"},
				"down": {"uv": [0.4, 3.2, 0.2, 3.4], "texture": "#2"}
			}
		},
		{
			"name": "fin_left",
			"from": [4.499, 10.649, 4.70636],
			"to": [6.501, 10.651, 6.70836],
			"rotation": {"angle": 11, "axis": "x", "origin": [6, 11.08155, 6.10568]},
			"faces": {
				"up": {"uv": [0.2, 6.8, 0, 6.6], "texture": "#2"},
				"down": {"uv": [0.4, 6.6, 0.2, 6.8], "texture": "#2"}
			}
		},
		{
			"name": "fin_right",
			"from": [9.499, 10.649, 4.70636],
			"to": [11.501, 10.651, 6.70836],
			"rotation": {"angle": 11, "axis": "x", "origin": [6, 11.08155, 6.10568]},
			"faces": {
				"up": {"uv": [0.2, 6.6, 0, 6.4], "texture": "#2"},
				"down": {"uv": [0.4, 6.4, 0.2, 6.6], "texture": "#2"}
			}
		},
		{
			"name": "fin_left",
			"from": [4.499, 10.599, 4.80636],
			"to": [6.501, 10.601, 6.80836],
			"rotation": {"angle": 12, "axis": "x", "origin": [6, 11.08155, 6.10568]},
			"faces": {
				"up": {"uv": [3.4, 6.8, 3.2, 6.6], "texture": "#2"},
				"down": {"uv": [3.6, 6.6, 3.4, 6.8], "texture": "#2"}
			}
		},
		{
			"name": "fin_right",
			"from": [9.499, 10.599, 4.80636],
			"to": [11.501, 10.601, 6.80836],
			"rotation": {"angle": 12, "axis": "x", "origin": [6, 11.08155, 6.10568]},
			"faces": {
				"up": {"uv": [3.4, 6.6, 3.2, 6.4], "texture": "#2"},
				"down": {"uv": [3.6, 6.4, 3.4, 6.6], "texture": "#2"}
			}
		},
		{
			"name": "fin_left",
			"from": [4.499, 10.549, 4.90636],
			"to": [6.501, 10.551, 6.90836],
			"rotation": {"angle": 13, "axis": "x", "origin": [6, 11.08155, 6.10568]},
			"faces": {
				"up": {"uv": [6.6, 6.8, 6.4, 6.6], "texture": "#2"},
				"down": {"uv": [6.8, 6.6, 6.6, 6.8], "texture": "#2"}
			}
		},
		{
			"name": "fin_right",
			"from": [9.499, 10.549, 4.90636],
			"to": [11.501, 10.551, 6.90836],
			"rotation": {"angle": 13, "axis": "x", "origin": [6, 11.08155, 6.10568]},
			"faces": {
				"up": {"uv": [6.6, 6.6, 6.4, 6.4], "texture": "#2"},
				"down": {"uv": [6.8, 6.4, 6.6, 6.6], "texture": "#2"}
			}
		},
		{
			"name": "fin_left",
			"from": [4.499, 10.499, 5.00636],
			"to": [6.501, 10.501, 7.00836],
			"rotation": {"angle": 14, "axis": "x", "origin": [6, 11.08155, 6.10568]},
			"faces": {
				"up": {"uv": [9.8, 6.8, 9.6, 6.6], "texture": "#2"},
				"down": {"uv": [10, 6.6, 9.8, 6.8], "texture": "#2"}
			}
		},
		{
			"name": "fin_right",
			"from": [9.499, 10.499, 5.00636],
			"to": [11.501, 10.501, 7.00836],
			"rotation": {"angle": 14, "axis": "x", "origin": [6, 11.08155, 6.10568]},
			"faces": {
				"up": {"uv": [9.8, 6.6, 9.6, 6.4], "texture": "#2"},
				"down": {"uv": [10, 6.4, 9.8, 6.6], "texture": "#2"}
			}
		},
		{
			"name": "fin_left",
			"from": [4.499, 10.449, 5.10636],
			"to": [6.501, 10.451, 7.10836],
			"rotation": {"angle": 15, "axis": "x", "origin": [6, 11.08155, 6.10568]},
			"faces": {
				"up": {"uv": [13, 6.8, 12.8, 6.6], "texture": "#2"},
				"down": {"uv": [13.2, 6.6, 13, 6.8], "texture": "#2"}
			}
		},
		{
			"name": "fin_right",
			"from": [9.499, 10.449, 5.10636],
			"to": [11.501, 10.451, 7.10836],
			"rotation": {"angle": 15, "axis": "x", "origin": [6, 11.08155, 6.10568]},
			"faces": {
				"up": {"uv": [13, 6.6, 12.8, 6.4], "texture": "#2"},
				"down": {"uv": [13.2, 6.4, 13, 6.6], "texture": "#2"}
			}
		},
		{
			"name": "fin_left",
			"from": [4.499, 10.399, 5.20636],
			"to": [6.501, 10.401, 7.20836],
			"rotation": {"angle": 16, "axis": "x", "origin": [6, 11.08155, 6.10568]},
			"faces": {
				"up": {"uv": [13, 10, 12.8, 9.8], "texture": "#2"},
				"down": {"uv": [13.2, 9.8, 13, 10], "texture": "#2"}
			}
		},
		{
			"name": "fin_right",
			"from": [9.499, 10.399, 5.20636],
			"to": [11.501, 10.401, 7.20836],
			"rotation": {"angle": 16, "axis": "x", "origin": [6, 11.08155, 6.10568]},
			"faces": {
				"up": {"uv": [13, 9.8, 12.8, 9.6], "texture": "#2"},
				"down": {"uv": [13.2, 9.6, 13, 9.8], "texture": "#2"}
			}
		},
		{
			"name": "fin_left",
			"from": [4.499, 10.349, 5.30636],
			"to": [6.501, 10.351, 7.30836],
			"rotation": {"angle": 17, "axis": "x", "origin": [6, 11.08155, 6.10568]},
			"faces": {
				"up": {"uv": [9.8, 10, 9.6, 9.8], "texture": "#2"},
				"down": {"uv": [10, 9.8, 9.8, 10], "texture": "#2"}
			}
		},
		{
			"name": "fin_right",
			"from": [9.499, 10.349, 5.30636],
			"to": [11.501, 10.351, 7.30836],
			"rotation": {"angle": 17, "axis": "x", "origin": [6, 11.08155, 6.10568]},
			"faces": {
				"up": {"uv": [9.8, 9.8, 9.6, 9.6], "texture": "#2"},
				"down": {"uv": [10, 9.6, 9.8, 9.8], "texture": "#2"}
			}
		},
		{
			"name": "fin_left",
			"from": [4.499, 10.299, 5.40636],
			"to": [6.501, 10.301, 7.40836],
			"rotation": {"angle": 18, "axis": "x", "origin": [6, 11.08155, 6.10568]},
			"faces": {
				"up": {"uv": [6.6, 10, 6.4, 9.8], "texture": "#2"},
				"down": {"uv": [6.8, 9.8, 6.6, 10], "texture": "#2"}
			}
		},
		{
			"name": "fin_right",
			"from": [9.499, 10.299, 5.40636],
			"to": [11.501, 10.301, 7.40836],
			"rotation": {"angle": 18, "axis": "x", "origin": [6, 11.08155, 6.10568]},
			"faces": {
				"up": {"uv": [6.6, 9.8, 6.4, 9.6], "texture": "#2"},
				"down": {"uv": [6.8, 9.6, 6.6, 9.8], "texture": "#2"}
			}
		},
		{
			"name": "fin_left",
			"from": [4.499, 10.249, 5.50636],
			"to": [6.501, 10.251, 7.50836],
			"rotation": {"angle": 19, "axis": "x", "origin": [6, 11.08155, 6.10568]},
			"faces": {
				"up": {"uv": [3.4, 10, 3.2, 9.8], "texture": "#2"},
				"down": {"uv": [3.6, 9.8, 3.4, 10], "texture": "#2"}
			}
		},
		{
			"name": "fin_right",
			"from": [9.499, 10.249, 5.50636],
			"to": [11.501, 10.251, 7.50836],
			"rotation": {"angle": 19, "axis": "x", "origin": [6, 11.08155, 6.10568]},
			"faces": {
				"up": {"uv": [3.4, 9.8, 3.2, 9.6], "texture": "#2"},
				"down": {"uv": [3.6, 9.6, 3.4, 9.8], "texture": "#2"}
			}
		},
		{
			"name": "fin_left",
			"from": [4.499, 10.199, 5.60636],
			"to": [6.501, 10.201, 7.60836],
			"rotation": {"angle": 20, "axis": "x", "origin": [6, 11.08155, 6.10568]},
			"faces": {
				"up": {"uv": [0.2, 10, 0, 9.8], "texture": "#2"},
				"down": {"uv": [0.4, 9.8, 0.2, 10], "texture": "#2"}
			}
		},
		{
			"name": "fin_right",
			"from": [9.499, 10.199, 5.60636],
			"to": [11.501, 10.201, 7.60836],
			"rotation": {"angle": 20, "axis": "x", "origin": [6, 11.08155, 6.10568]},
			"faces": {
				"up": {"uv": [0.2, 9.8, 0, 9.6], "texture": "#2"},
				"down": {"uv": [0.4, 9.6, 0.2, 9.8], "texture": "#2"}
			}
		}
	],
	"display": {
		"thirdperson_righthand": {
			"rotation": [90, -90, 0],
			"translation": [0, 2.5, 0.75],
			"scale": [0.5, 0.5, 0.5]
		},
		"thirdperson_lefthand": {
			"rotation": [90, -90, 0],
			"translation": [0, 2.5, 0.75],
			"scale": [0.5, 0.5, 0.5]
		},
		"firstperson_righthand": {
			"rotation": [0, 102, 0],
			"translation": [0.5, 3.5, 1],
			"scale": [0.5, 0.5, 0.5]
		},
		"firstperson_lefthand": {
			"rotation": [0, 102, 0],
			"translation": [0.5, 3.5, 1],
			"scale": [0.5, 0.5, 0.5]
		},
		"ground": {
			"translation": [0, 3.25, 0],
			"scale": [0.6, 0.6, 0.6]
		},
		"gui": {
			"rotation": [30, 135, 0],
			"translation": [0, 1.25, 0],
			"scale": [0.75, 0.75, 0.75]
		},
		"head": {
			"translation": [0, 12.5, 0],
			"scale": [0.75, 0.75, 0.75]
		},
		"fixed": {
			"translation": [0.25, 0.25, 0.25]
		}
	},
	"groups": [
		{
			"name": "bucket",
			"origin": [5, 2, 4],
			"color": 0,
			"children": [0, 1, 2, 3, 4]
		},
		5,
		{
			"name": "fish_blink",
			"origin": [0, 2.5, -7.9],
			"color": 0,
			"children": [
				{
					"name": "head_blink",
					"origin": [0, 2.5, -7.9],
					"color": 0,
					"children": [6]
				},
				{
					"name": "body_blink",
					"origin": [0, 2.5, -7.9],
					"color": 0,
					"children": [7]
				},
				{
					"name": "fins_blink",
					"origin": [-1.5, 1, -7.9],
					"color": 0,
					"children": [
						{
							"name": "fin_left",
							"origin": [-1.5, 1, -7.9],
							"rotation": [0, 0, 45],
							"color": 0,
							"children": [8]
						},
						{
							"name": "fin_right",
							"origin": [1.5, 1, -7.9],
							"rotation": [0, 0, -45],
							"color": 0,
							"children": [9]
						}
					]
				}
			]
		},
		{
			"name": "fish",
			"origin": [0, 2.5, -7.9],
			"color": 0,
			"children": [
				{
					"name": "head",
					"origin": [0, 2.5, -7.9],
					"color": 0,
					"children": [10]
				},
				{
					"name": "head",
					"origin": [0, 2.5, -7.9],
					"color": 0,
					"children": [11]
				},
				{
					"name": "head",
					"origin": [0, 2.5, -7.9],
					"color": 0,
					"children": [12]
				},
				{
					"name": "head",
					"origin": [0, 2.5, -7.9],
					"color": 0,
					"children": [13]
				},
				{
					"name": "head",
					"origin": [0, 2.5, -7.9],
					"color": 0,
					"children": [14]
				},
				{
					"name": "head",
					"origin": [0, 2.5, -7.9],
					"color": 0,
					"children": [15]
				},
				{
					"name": "head",
					"origin": [0, 2.5, -7.9],
					"color": 0,
					"children": [16]
				},
				{
					"name": "head",
					"origin": [0, 2.5, -7.9],
					"color": 0,
					"children": [17]
				},
				{
					"name": "head",
					"origin": [0, 2.5, -7.9],
					"color": 0,
					"children": [18]
				},
				{
					"name": "head",
					"origin": [0, 2.5, -7.9],
					"color": 0,
					"children": [19]
				},
				{
					"name": "head",
					"origin": [0, 2.5, -7.9],
					"color": 0,
					"children": [20]
				},
				{
					"name": "head",
					"origin": [0, 2.5, -7.9],
					"color": 0,
					"children": [21]
				},
				{
					"name": "head",
					"origin": [0, 2.5, -7.9],
					"color": 0,
					"children": [22]
				},
				{
					"name": "head",
					"origin": [0, 2.5, -7.9],
					"color": 0,
					"children": [23]
				},
				{
					"name": "head",
					"origin": [0, 2.5, -7.9],
					"color": 0,
					"children": [24]
				},
				{
					"name": "head",
					"origin": [0, 2.5, -7.9],
					"color": 0,
					"children": [25]
				},
				{
					"name": "head",
					"origin": [0, 2.5, -7.9],
					"color": 0,
					"children": [26]
				},
				{
					"name": "head",
					"origin": [0, 2.5, -7.9],
					"color": 0,
					"children": [27]
				},
				{
					"name": "head",
					"origin": [0, 2.5, -7.9],
					"color": 0,
					"children": [28]
				},
				{
					"name": "head",
					"origin": [0, 2.5, -7.9],
					"color": 0,
					"children": [29]
				},
				{
					"name": "body",
					"origin": [0, 2.5, -7.9],
					"color": 0,
					"children": [30]
				},
				{
					"name": "body",
					"origin": [0, 2.5, -7.9],
					"color": 0,
					"children": [31]
				},
				{
					"name": "body",
					"origin": [0, 2.5, -7.9],
					"color": 0,
					"children": [32]
				},
				{
					"name": "body",
					"origin": [0, 2.5, -7.9],
					"color": 0,
					"children": [33]
				},
				{
					"name": "body",
					"origin": [0, 2.5, -7.9],
					"color": 0,
					"children": [34]
				},
				{
					"name": "body",
					"origin": [0, 2.5, -7.9],
					"color": 0,
					"children": [35]
				},
				{
					"name": "body",
					"origin": [0, 2.5, -7.9],
					"color": 0,
					"children": [36]
				},
				{
					"name": "body",
					"origin": [0, 2.5, -7.9],
					"color": 0,
					"children": [37]
				},
				{
					"name": "body",
					"origin": [0, 2.5, -7.9],
					"color": 0,
					"children": [38]
				},
				{
					"name": "body",
					"origin": [0, 2.5, -7.9],
					"color": 0,
					"children": [39]
				},
				{
					"name": "body",
					"origin": [0, 2.5, -7.9],
					"color": 0,
					"children": [40]
				},
				{
					"name": "body",
					"origin": [0, 2.5, -7.9],
					"color": 0,
					"children": [41]
				},
				{
					"name": "body",
					"origin": [0, 2.5, -7.9],
					"color": 0,
					"children": [42]
				},
				{
					"name": "body",
					"origin": [0, 2.5, -7.9],
					"color": 0,
					"children": [43]
				},
				{
					"name": "body",
					"origin": [0, 2.5, -7.9],
					"color": 0,
					"children": [44]
				},
				{
					"name": "body",
					"origin": [0, 2.5, -7.9],
					"color": 0,
					"children": [45]
				},
				{
					"name": "body",
					"origin": [0, 2.5, -7.9],
					"color": 0,
					"children": [46]
				},
				{
					"name": "body",
					"origin": [0, 2.5, -7.9],
					"color": 0,
					"children": [47]
				},
				{
					"name": "body",
					"origin": [0, 2.5, -7.9],
					"color": 0,
					"children": [48]
				},
				{
					"name": "body",
					"origin": [0, 2.5, -7.9],
					"color": 0,
					"children": [49]
				},
				{
					"name": "fins",
					"origin": [-1.5, 1, -7.9],
					"color": 0,
					"children": [
						{
							"name": "fin_left",
							"origin": [-1.5, 1, -7.9],
							"rotation": [0, 0, 45],
							"color": 0,
							"children": [50]
						},
						{
							"name": "fin_right",
							"origin": [1.5, 1, -7.9],
							"rotation": [0, 0, -45],
							"color": 0,
							"children": [51]
						}
					]
				},
				{
					"name": "fins",
					"origin": [-1.5, 1, -7.9],
					"color": 0,
					"children": [
						{
							"name": "fin_left",
							"origin": [-1.5, 1, -7.9],
							"rotation": [0, 0, 45],
							"color": 0,
							"children": [52]
						},
						{
							"name": "fin_right",
							"origin": [1.5, 1, -7.9],
							"rotation": [0, 0, -45],
							"color": 0,
							"children": [53]
						}
					]
				},
				{
					"name": "fins",
					"origin": [-1.5, 1, -7.9],
					"color": 0,
					"children": [
						{
							"name": "fin_left",
							"origin": [-1.5, 1, -7.9],
							"rotation": [0, 0, 45],
							"color": 0,
							"children": [54]
						},
						{
							"name": "fin_right",
							"origin": [1.5, 1, -7.9],
							"rotation": [0, 0, -45],
							"color": 0,
							"children": [55]
						}
					]
				},
				{
					"name": "fins",
					"origin": [-1.5, 1, -7.9],
					"color": 0,
					"children": [
						{
							"name": "fin_left",
							"origin": [-1.5, 1, -7.9],
							"rotation": [0, 0, 45],
							"color": 0,
							"children": [56]
						},
						{
							"name": "fin_right",
							"origin": [1.5, 1, -7.9],
							"rotation": [0, 0, -45],
							"color": 0,
							"children": [57]
						}
					]
				},
				{
					"name": "fins",
					"origin": [-1.5, 1, -7.9],
					"color": 0,
					"children": [
						{
							"name": "fin_left",
							"origin": [-1.5, 1, -7.9],
							"rotation": [0, 0, 45],
							"color": 0,
							"children": [58]
						},
						{
							"name": "fin_right",
							"origin": [1.5, 1, -7.9],
							"rotation": [0, 0, -45],
							"color": 0,
							"children": [59]
						}
					]
				},
				{
					"name": "fins",
					"origin": [-1.5, 1, -7.9],
					"color": 0,
					"children": [
						{
							"name": "fin_left",
							"origin": [-1.5, 1, -7.9],
							"rotation": [0, 0, 45],
							"color": 0,
							"children": [60]
						},
						{
							"name": "fin_right",
							"origin": [1.5, 1, -7.9],
							"rotation": [0, 0, -45],
							"color": 0,
							"children": [61]
						}
					]
				},
				{
					"name": "fins",
					"origin": [-1.5, 1, -7.9],
					"color": 0,
					"children": [
						{
							"name": "fin_left",
							"origin": [-1.5, 1, -7.9],
							"rotation": [0, 0, 45],
							"color": 0,
							"children": [62]
						},
						{
							"name": "fin_right",
							"origin": [1.5, 1, -7.9],
							"rotation": [0, 0, -45],
							"color": 0,
							"children": [63]
						}
					]
				},
				{
					"name": "fins",
					"origin": [-1.5, 1, -7.9],
					"color": 0,
					"children": [
						{
							"name": "fin_left",
							"origin": [-1.5, 1, -7.9],
							"rotation": [0, 0, 45],
							"color": 0,
							"children": [64]
						},
						{
							"name": "fin_right",
							"origin": [1.5, 1, -7.9],
							"rotation": [0, 0, -45],
							"color": 0,
							"children": [65]
						}
					]
				},
				{
					"name": "fins",
					"origin": [-1.5, 1, -7.9],
					"color": 0,
					"children": [
						{
							"name": "fin_left",
							"origin": [-1.5, 1, -7.9],
							"rotation": [0, 0, 45],
							"color": 0,
							"children": [66]
						},
						{
							"name": "fin_right",
							"origin": [1.5, 1, -7.9],
							"rotation": [0, 0, -45],
							"color": 0,
							"children": [67]
						}
					]
				},
				{
					"name": "fins",
					"origin": [-1.5, 1, -7.9],
					"color": 0,
					"children": [
						{
							"name": "fin_left",
							"origin": [-1.5, 1, -7.9],
							"rotation": [0, 0, 45],
							"color": 0,
							"children": [68]
						},
						{
							"name": "fin_right",
							"origin": [1.5, 1, -7.9],
							"rotation": [0, 0, -45],
							"color": 0,
							"children": [69]
						}
					]
				},
				{
					"name": "fins",
					"origin": [-1.5, 1, -7.9],
					"color": 0,
					"children": [
						{
							"name": "fin_left",
							"origin": [-1.5, 1, -7.9],
							"rotation": [0, 0, 45],
							"color": 0,
							"children": [70]
						},
						{
							"name": "fin_right",
							"origin": [1.5, 1, -7.9],
							"rotation": [0, 0, -45],
							"color": 0,
							"children": [71]
						}
					]
				},
				{
					"name": "fins",
					"origin": [-1.5, 1, -7.9],
					"color": 0,
					"children": [
						{
							"name": "fin_left",
							"origin": [-1.5, 1, -7.9],
							"rotation": [0, 0, 45],
							"color": 0,
							"children": [72]
						},
						{
							"name": "fin_right",
							"origin": [1.5, 1, -7.9],
							"rotation": [0, 0, -45],
							"color": 0,
							"children": [73]
						}
					]
				},
				{
					"name": "fins",
					"origin": [-1.5, 1, -7.9],
					"color": 0,
					"children": [
						{
							"name": "fin_left",
							"origin": [-1.5, 1, -7.9],
							"rotation": [0, 0, 45],
							"color": 0,
							"children": [74]
						},
						{
							"name": "fin_right",
							"origin": [1.5, 1, -7.9],
							"rotation": [0, 0, -45],
							"color": 0,
							"children": [75]
						}
					]
				},
				{
					"name": "fins",
					"origin": [-1.5, 1, -7.9],
					"color": 0,
					"children": [
						{
							"name": "fin_left",
							"origin": [-1.5, 1, -7.9],
							"rotation": [0, 0, 45],
							"color": 0,
							"children": [76]
						},
						{
							"name": "fin_right",
							"origin": [1.5, 1, -7.9],
							"rotation": [0, 0, -45],
							"color": 0,
							"children": [77]
						}
					]
				},
				{
					"name": "fins",
					"origin": [-1.5, 1, -7.9],
					"color": 0,
					"children": [
						{
							"name": "fin_left",
							"origin": [-1.5, 1, -7.9],
							"rotation": [0, 0, 45],
							"color": 0,
							"children": [78]
						},
						{
							"name": "fin_right",
							"origin": [1.5, 1, -7.9],
							"rotation": [0, 0, -45],
							"color": 0,
							"children": [79]
						}
					]
				},
				{
					"name": "fins",
					"origin": [-1.5, 1, -7.9],
					"color": 0,
					"children": [
						{
							"name": "fin_left",
							"origin": [-1.5, 1, -7.9],
							"rotation": [0, 0, 45],
							"color": 0,
							"children": [80]
						},
						{
							"name": "fin_right",
							"origin": [1.5, 1, -7.9],
							"rotation": [0, 0, -45],
							"color": 0,
							"children": [81]
						}
					]
				},
				{
					"name": "fins",
					"origin": [-1.5, 1, -7.9],
					"color": 0,
					"children": [
						{
							"name": "fin_left",
							"origin": [-1.5, 1, -7.9],
							"rotation": [0, 0, 45],
							"color": 0,
							"children": [82]
						},
						{
							"name": "fin_right",
							"origin": [1.5, 1, -7.9],
							"rotation": [0, 0, -45],
							"color": 0,
							"children": [83]
						}
					]
				},
				{
					"name": "fins",
					"origin": [-1.5, 1, -7.9],
					"color": 0,
					"children": [
						{
							"name": "fin_left",
							"origin": [-1.5, 1, -7.9],
							"rotation": [0, 0, 45],
							"color": 0,
							"children": [84]
						},
						{
							"name": "fin_right",
							"origin": [1.5, 1, -7.9],
							"rotation": [0, 0, -45],
							"color": 0,
							"children": [85]
						}
					]
				},
				{
					"name": "fins",
					"origin": [-1.5, 1, -7.9],
					"color": 0,
					"children": [
						{
							"name": "fin_left",
							"origin": [-1.5, 1, -7.9],
							"rotation": [0, 0, 45],
							"color": 0,
							"children": [86]
						},
						{
							"name": "fin_right",
							"origin": [1.5, 1, -7.9],
							"rotation": [0, 0, -45],
							"color": 0,
							"children": [87]
						}
					]
				},
				{
					"name": "fins",
					"origin": [-1.5, 1, -7.9],
					"color": 0,
					"children": [
						{
							"name": "fin_left",
							"origin": [-1.5, 1, -7.9],
							"rotation": [0, 0, 45],
							"color": 0,
							"children": [88]
						},
						{
							"name": "fin_right",
							"origin": [1.5, 1, -7.9],
							"rotation": [0, 0, -45],
							"color": 0,
							"children": [89]
						}
					]
				}
			]
		}
	]
}