{
	"format_version": "1.21.6",
	"credit": "cyberia was here",
	"textures": {
		"0": "item/bucket_3d",
		"2": "item/tadpole_bucket_water_3d",
		"3": "item/tadpole_bucket_3d",
		"particle": "item/bucket_3d"
	},
	"elements": [
		{
			"name": "bottom",
			"from": [4, 0, 4],
			"to": [12, 2, 12],
			"rotation": {"angle": 0, "axis": "y", "origin": [4, 0, 5]},
			"faces": {
				"north": {"uv": [2, 6, 4, 6.5], "texture": "#0"},
				"east": {"uv": [4, 6, 6, 6.5], "texture": "#0"},
				"south": {"uv": [6, 6, 8, 6.5], "texture": "#0"},
				"west": {"uv": [2, 6.5, 4, 7], "texture": "#0"},
				"up": {"uv": [6.5, 6, 4.5, 4], "texture": "#0"},
				"down": {"uv": [2, 6, 0, 8], "texture": "#0"}
			}
		},
		{
			"name": "side1",
			"from": [3, 2, 3],
			"to": [12, 11, 4],
			"rotation": {"angle": 0, "axis": "y", "origin": [4, 3, 4]},
			"faces": {
				"north": {"uv": [9.25, 0, 11.5, 2.25], "texture": "#0"},
				"east": {"uv": [4.25, 6.75, 4.5, 8.75], "texture": "#0"},
				"south": {"uv": [11.5, 0, 13.75, 2.25], "texture": "#0"},
				"west": {"uv": [4.5, 6.75, 4.75, 9], "texture": "#0"},
				"up": {"uv": [6.25, 6.75, 4, 6.5], "texture": "#0"},
				"down": {"uv": [8.75, 4, 6.5, 4.25], "texture": "#0"}
			}
		},
		{
			"name": "side2",
			"from": [12, 2, 3],
			"to": [13, 11, 12],
			"rotation": {"angle": 0, "axis": "y", "origin": [5, 3, 4]},
			"faces": {
				"north": {"uv": [4.75, 6.75, 5, 9], "texture": "#0"},
				"east": {"uv": [9.25, 0, 11.5, 2.25], "texture": "#0"},
				"south": {"uv": [5, 6.75, 5.25, 8.75], "texture": "#0"},
				"west": {"uv": [11.5, 0, 13.75, 2.25], "texture": "#0"},
				"up": {"uv": [6.5, 8.75, 6.25, 6.5], "texture": "#0"},
				"down": {"uv": [6.75, 6.5, 6.5, 8.75], "texture": "#0"}
			}
		},
		{
			"name": "side3",
			"from": [4, 2, 12],
			"to": [13, 11, 13],
			"rotation": {"angle": 0, "axis": "y", "origin": [5, 3, 13]},
			"faces": {
				"north": {"uv": [11.5, 0, 13.75, 2.25], "texture": "#0"},
				"east": {"uv": [5.25, 6.75, 5.5, 9], "texture": "#0"},
				"south": {"uv": [9.25, 0, 11.5, 2.25], "texture": "#0"},
				"west": {"uv": [5.5, 6.75, 5.75, 8.75], "texture": "#0"},
				"up": {"uv": [8.75, 4.5, 6.5, 4.25], "texture": "#0"},
				"down": {"uv": [8.75, 4.5, 6.5, 4.75], "texture": "#0"}
			}
		},
		{
			"name": "side4",
			"from": [3, 2, 4],
			"to": [4, 11, 13],
			"rotation": {"angle": 0, "axis": "y", "origin": [-4, 3, 5]},
			"faces": {
				"north": {"uv": [5.75, 6.75, 6, 8.75], "texture": "#0"},
				"east": {"uv": [11.5, 0, 13.75, 2.25], "texture": "#0"},
				"south": {"uv": [6, 6.75, 6.25, 9], "texture": "#0"},
				"west": {"uv": [9.25, 0, 11.5, 2.25], "texture": "#0"},
				"up": {"uv": [7, 2.25, 6.75, 0], "texture": "#0"},
				"down": {"uv": [4.25, 6.75, 4, 9], "texture": "#0"}
			}
		},
		{
			"from": [4, 3, 4],
			"to": [12, 10, 12],
			"rotation": {"angle": 0, "axis": "y", "origin": [10, 8, 7.8]},
			"faces": {
				"north": {"uv": [4, 14, 12, 6], "texture": "#2", "tintindex": 0},
				"east": {"uv": [4, 14, 12, 6], "texture": "#2", "tintindex": 0},
				"south": {"uv": [4, 14, 12, 6], "texture": "#2"},
				"west": {"uv": [4, 14, 12, 6], "texture": "#2", "tintindex": 0},
				"up": {"uv": [4, 6, 12, 14], "texture": "#2", "tintindex": 0},
				"down": {"uv": [4, 6, 12, 14], "texture": "#2", "tintindex": 0}
			}
		},
		{
			"name": "body",
			"from": [6.5, 10, 3.5],
			"to": [9.5, 12, 6.5],
			"rotation": {"angle": 45, "axis": "x", "origin": [8, 10, 5]},
			"faces": {
				"north": {"uv": [0.75, 0.75, 1.5, 1.25], "texture": "#3"},
				"east": {"uv": [0, 0.75, 0.75, 1.25], "texture": "#3"},
				"south": {"uv": [2.25, 0.75, 3, 1.25], "texture": "#3"},
				"west": {"uv": [1.5, 0.75, 2.25, 1.25], "texture": "#3"},
				"up": {"uv": [1.5, 0.75, 0.75, 0], "texture": "#3"},
				"down": {"uv": [2.25, 0, 1.5, 0.75], "texture": "#3"}
			}
		},
		{
			"name": "tail",
			"from": [8, 10, 6.5],
			"to": [8, 12, 13.5],
			"rotation": {"angle": 45, "axis": "x", "origin": [8, 10, 5]},
			"faces": {
				"east": {"uv": [0, 1.75, 1.75, 2.25], "texture": "#3"},
				"west": {"uv": [1.75, 1.75, 0, 2.25], "texture": "#3"}
			}
		},
		{
			"name": "body",
			"from": [6.5, 8.475, 5],
			"to": [9.5, 11.475, 7],
			"rotation": {"angle": -44, "axis": "x", "origin": [8, 10, 5]},
			"faces": {
				"north": {"uv": [6.25, 0, 5.5, 0.75], "rotation": 180, "texture": "#3"},
				"east": {"uv": [4, 0.75, 4.75, 1.25], "rotation": 270, "texture": "#3"},
				"south": {"uv": [5.5, 0.75, 4.75, 0], "texture": "#3"},
				"west": {"uv": [5.5, 0.75, 6.25, 1.25], "rotation": 90, "texture": "#3"},
				"up": {"uv": [4.75, 0.75, 5.5, 1.25], "rotation": 180, "texture": "#3"},
				"down": {"uv": [6.25, 0.75, 7, 1.25], "texture": "#3"}
			}
		},
		{
			"name": "tail",
			"from": [8, 1.475, 5],
			"to": [8, 8.475, 7],
			"rotation": {"angle": -44, "axis": "x", "origin": [8, 10, 5]},
			"faces": {
				"east": {"uv": [4, 1.75, 5.75, 2.25], "rotation": 270, "texture": "#3"},
				"west": {"uv": [5.75, 1.75, 4, 2.25], "rotation": 90, "texture": "#3"}
			}
		},
		{
			"name": "body",
			"from": [6.5, 8.425, 5],
			"to": [9.5, 11.425, 7],
			"rotation": {"angle": -43, "axis": "x", "origin": [8, 10, 5]},
			"faces": {
				"north": {"uv": [10.25, 0, 9.5, 0.75], "rotation": 180, "texture": "#3"},
				"east": {"uv": [8, 0.75, 8.75, 1.25], "rotation": 270, "texture": "#3"},
				"south": {"uv": [9.5, 0.75, 8.75, 0], "texture": "#3"},
				"west": {"uv": [9.5, 0.75, 10.25, 1.25], "rotation": 90, "texture": "#3"},
				"up": {"uv": [8.75, 0.75, 9.5, 1.25], "rotation": 180, "texture": "#3"},
				"down": {"uv": [10.25, 0.75, 11, 1.25], "texture": "#3"}
			}
		},
		{
			"name": "tail",
			"from": [8, 1.425, 5],
			"to": [8, 8.425, 7],
			"rotation": {"angle": -43, "axis": "x", "origin": [8, 10, 5]},
			"faces": {
				"east": {"uv": [8, 1.75, 9.75, 2.25], "rotation": 270, "texture": "#3"},
				"west": {"uv": [9.75, 1.75, 8, 2.25], "rotation": 90, "texture": "#3"}
			}
		},
		{
			"name": "body",
			"from": [6.5, 8.35, 5],
			"to": [9.5, 11.35, 7],
			"rotation": {"angle": -42, "axis": "x", "origin": [8, 10, 5]},
			"faces": {
				"north": {"uv": [14.25, 0, 13.5, 0.75], "rotation": 180, "texture": "#3"},
				"east": {"uv": [12, 0.75, 12.75, 1.25], "rotation": 270, "texture": "#3"},
				"south": {"uv": [13.5, 0.75, 12.75, 0], "texture": "#3"},
				"west": {"uv": [13.5, 0.75, 14.25, 1.25], "rotation": 90, "texture": "#3"},
				"up": {"uv": [12.75, 0.75, 13.5, 1.25], "rotation": 180, "texture": "#3"},
				"down": {"uv": [14.25, 0.75, 15, 1.25], "texture": "#3"}
			}
		},
		{
			"name": "tail",
			"from": [8, 1.35, 5],
			"to": [8, 8.35, 7],
			"rotation": {"angle": -42, "axis": "x", "origin": [8, 10, 5]},
			"faces": {
				"east": {"uv": [12, 1.75, 13.75, 2.25], "rotation": 270, "texture": "#3"},
				"west": {"uv": [13.75, 1.75, 12, 2.25], "rotation": 90, "texture": "#3"}
			}
		},
		{
			"name": "body",
			"from": [6.5, 8.25, 5],
			"to": [9.5, 11.25, 7],
			"rotation": {"angle": -41, "axis": "x", "origin": [8, 10, 5]},
			"faces": {
				"north": {"uv": [14.25, 4, 13.5, 4.75], "rotation": 180, "texture": "#3"},
				"east": {"uv": [12, 4.75, 12.75, 5.25], "rotation": 270, "texture": "#3"},
				"south": {"uv": [13.5, 4.75, 12.75, 4], "texture": "#3"},
				"west": {"uv": [13.5, 4.75, 14.25, 5.25], "rotation": 90, "texture": "#3"},
				"up": {"uv": [12.75, 4.75, 13.5, 5.25], "rotation": 180, "texture": "#3"},
				"down": {"uv": [14.25, 4.75, 15, 5.25], "texture": "#3"}
			}
		},
		{
			"name": "tail",
			"from": [8, 1.25, 5],
			"to": [8, 8.25, 7],
			"rotation": {"angle": -41, "axis": "x", "origin": [8, 10, 5]},
			"faces": {
				"east": {"uv": [12, 5.75, 13.75, 6.25], "rotation": 270, "texture": "#3"},
				"west": {"uv": [13.75, 5.75, 12, 6.25], "rotation": 90, "texture": "#3"}
			}
		},
		{
			"name": "body",
			"from": [6.5, 8.125, 5],
			"to": [9.5, 11.125, 7],
			"rotation": {"angle": -40, "axis": "x", "origin": [8, 10, 5]},
			"faces": {
				"north": {"uv": [10.25, 4, 9.5, 4.75], "rotation": 180, "texture": "#3"},
				"east": {"uv": [8, 4.75, 8.75, 5.25], "rotation": 270, "texture": "#3"},
				"south": {"uv": [9.5, 4.75, 8.75, 4], "texture": "#3"},
				"west": {"uv": [9.5, 4.75, 10.25, 5.25], "rotation": 90, "texture": "#3"},
				"up": {"uv": [8.75, 4.75, 9.5, 5.25], "rotation": 180, "texture": "#3"},
				"down": {"uv": [10.25, 4.75, 11, 5.25], "texture": "#3"}
			}
		},
		{
			"name": "tail",
			"from": [8, 1.125, 5],
			"to": [8, 8.125, 7],
			"rotation": {"angle": -40, "axis": "x", "origin": [8, 10, 5]},
			"faces": {
				"east": {"uv": [8, 5.75, 9.75, 6.25], "rotation": 270, "texture": "#3"},
				"west": {"uv": [9.75, 5.75, 8, 6.25], "rotation": 90, "texture": "#3"}
			}
		},
		{
			"name": "body",
			"from": [6.5, 7.975, 5],
			"to": [9.5, 10.975, 7],
			"rotation": {"angle": -39, "axis": "x", "origin": [8, 10, 5]},
			"faces": {
				"north": {"uv": [6.25, 4, 5.5, 4.75], "rotation": 180, "texture": "#3"},
				"east": {"uv": [4, 4.75, 4.75, 5.25], "rotation": 270, "texture": "#3"},
				"south": {"uv": [5.5, 4.75, 4.75, 4], "texture": "#3"},
				"west": {"uv": [5.5, 4.75, 6.25, 5.25], "rotation": 90, "texture": "#3"},
				"up": {"uv": [4.75, 4.75, 5.5, 5.25], "rotation": 180, "texture": "#3"},
				"down": {"uv": [6.25, 4.75, 7, 5.25], "texture": "#3"}
			}
		},
		{
			"name": "tail",
			"from": [8, 0.975, 5],
			"to": [8, 7.975, 7],
			"rotation": {"angle": -39, "axis": "x", "origin": [8, 10, 5]},
			"faces": {
				"east": {"uv": [4, 5.75, 5.75, 6.25], "rotation": 270, "texture": "#3"},
				"west": {"uv": [5.75, 5.75, 4, 6.25], "rotation": 90, "texture": "#3"}
			}
		},
		{
			"name": "body",
			"from": [6.5, 7.8, 5],
			"to": [9.5, 10.8, 7],
			"rotation": {"angle": -38, "axis": "x", "origin": [8, 10, 5]},
			"faces": {
				"north": {"uv": [2.25, 4, 1.5, 4.75], "rotation": 180, "texture": "#3"},
				"east": {"uv": [0.25, 4.75, 1, 5.25], "rotation": 270, "texture": "#3"},
				"south": {"uv": [1.5, 4.75, 0.75, 4], "texture": "#3"},
				"west": {"uv": [1.5, 4.75, 2.25, 5.25], "rotation": 90, "texture": "#3"},
				"up": {"uv": [0.75, 4.75, 1.5, 5.25], "rotation": 180, "texture": "#3"},
				"down": {"uv": [2.25, 4.75, 3, 5.25], "texture": "#3"}
			}
		},
		{
			"name": "tail",
			"from": [8, 0.8, 5],
			"to": [8, 7.8, 7],
			"rotation": {"angle": -38, "axis": "x", "origin": [8, 10, 5]},
			"faces": {
				"east": {"uv": [0.25, 5.75, 2, 6.25], "rotation": 270, "texture": "#3"},
				"west": {"uv": [2, 5.75, 0.25, 6.25], "rotation": 90, "texture": "#3"}
			}
		},
		{
			"name": "body",
			"from": [6.5, 7.6, 5],
			"to": [9.5, 10.6, 7],
			"rotation": {"angle": -37, "axis": "x", "origin": [8, 10, 5]},
			"faces": {
				"north": {"uv": [2.25, 8, 1.5, 8.75], "rotation": 180, "texture": "#3"},
				"east": {"uv": [0.25, 8.75, 1, 9.25], "rotation": 270, "texture": "#3"},
				"south": {"uv": [1.5, 8.75, 0.75, 8], "texture": "#3"},
				"west": {"uv": [1.5, 8.75, 2.25, 9.25], "rotation": 90, "texture": "#3"},
				"up": {"uv": [0.75, 8.75, 1.5, 9.25], "rotation": 180, "texture": "#3"},
				"down": {"uv": [2.25, 8.75, 3, 9.25], "texture": "#3"}
			}
		},
		{
			"name": "tail",
			"from": [8, 0.6, 5],
			"to": [8, 7.6, 7],
			"rotation": {"angle": -37, "axis": "x", "origin": [8, 10, 5]},
			"faces": {
				"east": {"uv": [0.25, 9.75, 2, 10.25], "rotation": 270, "texture": "#3"},
				"west": {"uv": [2, 9.75, 0.25, 10.25], "rotation": 90, "texture": "#3"}
			}
		},
		{
			"name": "body",
			"from": [6.5, 7.425, 5],
			"to": [9.5, 10.425, 7],
			"rotation": {"angle": -38, "axis": "x", "origin": [8, 10, 5]},
			"faces": {
				"north": {"uv": [6.25, 8, 5.5, 8.75], "rotation": 180, "texture": "#3"},
				"east": {"uv": [4.25, 8.75, 5, 9.25], "rotation": 270, "texture": "#3"},
				"south": {"uv": [5.5, 8.75, 4.75, 8], "texture": "#3"},
				"west": {"uv": [5.5, 8.75, 6.25, 9.25], "rotation": 90, "texture": "#3"},
				"up": {"uv": [4.75, 8.75, 5.5, 9.25], "rotation": 180, "texture": "#3"},
				"down": {"uv": [6.25, 8.75, 7, 9.25], "texture": "#3"}
			}
		},
		{
			"name": "tail",
			"from": [8, 0.425, 5],
			"to": [8, 7.425, 7],
			"rotation": {"angle": -38, "axis": "x", "origin": [8, 10, 5]},
			"faces": {
				"east": {"uv": [4.25, 9.75, 6, 10.25], "rotation": 270, "texture": "#3"},
				"west": {"uv": [6, 9.75, 4.25, 10.25], "rotation": 90, "texture": "#3"}
			}
		},
		{
			"name": "body",
			"from": [6.5, 7.275, 5],
			"to": [9.5, 10.275, 7],
			"rotation": {"angle": -39, "axis": "x", "origin": [8, 10, 5]},
			"faces": {
				"north": {"uv": [10.25, 8, 9.5, 8.75], "rotation": 180, "texture": "#3"},
				"east": {"uv": [8.25, 8.75, 9, 9.25], "rotation": 270, "texture": "#3"},
				"south": {"uv": [9.5, 8.75, 8.75, 8], "texture": "#3"},
				"west": {"uv": [9.5, 8.75, 10.25, 9.25], "rotation": 90, "texture": "#3"},
				"up": {"uv": [8.75, 8.75, 9.5, 9.25], "rotation": 180, "texture": "#3"},
				"down": {"uv": [10.25, 8.75, 11, 9.25], "texture": "#3"}
			}
		},
		{
			"name": "tail",
			"from": [8, 0.275, 5],
			"to": [8, 7.275, 7],
			"rotation": {"angle": -39, "axis": "x", "origin": [8, 10, 5]},
			"faces": {
				"east": {"uv": [8.25, 9.75, 10, 10.25], "rotation": 270, "texture": "#3"},
				"west": {"uv": [10, 9.75, 8.25, 10.25], "rotation": 90, "texture": "#3"}
			}
		},
		{
			"name": "body",
			"from": [6.5, 7.15, 5],
			"to": [9.5, 10.15, 7],
			"rotation": {"angle": -40, "axis": "x", "origin": [8, 10, 5]},
			"faces": {
				"north": {"uv": [14.25, 8, 13.5, 8.75], "rotation": 180, "texture": "#3"},
				"east": {"uv": [12.25, 8.75, 13, 9.25], "rotation": 270, "texture": "#3"},
				"south": {"uv": [13.5, 8.75, 12.75, 8], "texture": "#3"},
				"west": {"uv": [13.5, 8.75, 14.25, 9.25], "rotation": 90, "texture": "#3"},
				"up": {"uv": [12.75, 8.75, 13.5, 9.25], "rotation": 180, "texture": "#3"},
				"down": {"uv": [14.25, 8.75, 15, 9.25], "texture": "#3"}
			}
		},
		{
			"name": "tail",
			"from": [8, 0.15, 5],
			"to": [8, 7.15, 7],
			"rotation": {"angle": -40, "axis": "x", "origin": [8, 10, 5]},
			"faces": {
				"east": {"uv": [12.25, 9.75, 14, 10.25], "rotation": 270, "texture": "#3"},
				"west": {"uv": [14, 9.75, 12.25, 10.25], "rotation": 90, "texture": "#3"}
			}
		},
		{
			"name": "body",
			"from": [6.5, 7.05, 5],
			"to": [9.5, 10.05, 7],
			"rotation": {"angle": -41, "axis": "x", "origin": [8, 10, 5]},
			"faces": {
				"north": {"uv": [14.25, 12, 13.5, 12.75], "rotation": 180, "texture": "#3"},
				"east": {"uv": [12.25, 12.75, 13, 13.25], "rotation": 270, "texture": "#3"},
				"south": {"uv": [13.5, 12.75, 12.75, 12], "texture": "#3"},
				"west": {"uv": [13.5, 12.75, 14.25, 13.25], "rotation": 90, "texture": "#3"},
				"up": {"uv": [12.75, 12.75, 13.5, 13.25], "rotation": 180, "texture": "#3"},
				"down": {"uv": [14.25, 12.75, 15, 13.25], "texture": "#3"}
			}
		},
		{
			"name": "body",
			"from": [6.5, 6.975, 5],
			"to": [9.5, 9.975, 7],
			"rotation": {"angle": -42, "axis": "x", "origin": [8, 10, 5]},
			"faces": {
				"north": {"uv": [10.25, 12, 9.5, 12.75], "rotation": 180, "texture": "#3"},
				"east": {"uv": [8.25, 12.75, 9, 13.25], "rotation": 270, "texture": "#3"},
				"south": {"uv": [9.5, 12.75, 8.75, 12], "texture": "#3"},
				"west": {"uv": [9.5, 12.75, 10.25, 13.25], "rotation": 90, "texture": "#3"},
				"up": {"uv": [8.75, 12.75, 9.5, 13.25], "rotation": 180, "texture": "#3"},
				"down": {"uv": [10.25, 12.75, 11, 13.25], "texture": "#3"}
			}
		},
		{
			"name": "body",
			"from": [6.5, 6.925, 5],
			"to": [9.5, 9.925, 7],
			"rotation": {"angle": -43, "axis": "x", "origin": [8, 10, 5]},
			"faces": {
				"north": {"uv": [6.25, 12, 5.5, 12.75], "rotation": 180, "texture": "#3"},
				"east": {"uv": [4.25, 12.75, 5, 13.25], "rotation": 270, "texture": "#3"},
				"south": {"uv": [5.5, 12.75, 4.75, 12], "texture": "#3"},
				"west": {"uv": [5.5, 12.75, 6.25, 13.25], "rotation": 90, "texture": "#3"},
				"up": {"uv": [4.75, 12.75, 5.5, 13.25], "rotation": 180, "texture": "#3"},
				"down": {"uv": [6.25, 12.75, 7, 13.25], "texture": "#3"}
			}
		},
		{
			"name": "body",
			"from": [6.5, 6.9, 5],
			"to": [9.5, 9.9, 7],
			"rotation": {"angle": -44, "axis": "x", "origin": [8, 10, 5]},
			"faces": {
				"north": {"uv": [2.25, 12, 1.5, 12.75], "rotation": 180, "texture": "#3"},
				"east": {"uv": [0.25, 12.75, 1, 13.25], "rotation": 270, "texture": "#3"},
				"south": {"uv": [1.5, 12.75, 0.75, 12], "texture": "#3"},
				"west": {"uv": [1.5, 12.75, 2.25, 13.25], "rotation": 90, "texture": "#3"},
				"up": {"uv": [0.75, 12.75, 1.5, 13.25], "rotation": 180, "texture": "#3"},
				"down": {"uv": [2.25, 12.75, 3, 13.25], "texture": "#3"}
			}
		}
	],
	"display": {
		"thirdperson_righthand": {
			"rotation": [90, 0, 0],
			"translation": [0, 2.5, 0.75],
			"scale": [0.5, 0.5, 0.5]
		},
		"thirdperson_lefthand": {
			"rotation": [90, 0, 0],
			"translation": [0, 2.5, 0.75],
			"scale": [0.5, 0.5, 0.5]
		},
		"firstperson_righthand": {
			"rotation": [0, 125, 0],
			"translation": [0.5, 3.5, 1],
			"scale": [0.5, 0.5, 0.5]
		},
		"firstperson_lefthand": {
			"rotation": [0, 125, 0],
			"translation": [0.5, 3.5, 1],
			"scale": [0.5, 0.5, 0.5]
		},
		"ground": {
			"translation": [0, 3.25, 0],
			"scale": [0.6, 0.6, 0.6]
		},
		"gui": {
			"rotation": [30, 135, 0],
			"translation": [0, 1.25, 0],
			"scale": [0.75, 0.75, 0.75]
		},
		"head": {
			"translation": [0, 12.5, 0],
			"scale": [0.75, 0.75, 0.75]
		},
		"fixed": {
			"rotation": [0, 1, 0],
			"translation": [0.25, 0.25, 0.25]
		}
	},
	"groups": [
		{
			"name": "bucket",
			"origin": [5, 2, 4],
			"color": 0,
			"children": [0, 1, 2, 3, 4]
		},
		5,
		{
			"name": "tadpole",
			"origin": [0, 1, -1.5],
			"color": 0,
			"children": [
				{
					"name": "tadpole",
					"origin": [0, 1, -1.5],
					"color": 0,
					"children": [
						{
							"name": "body",
							"origin": [0, 1, -1.5],
							"color": 0,
							"children": [6]
						},
						{
							"name": "tail",
							"origin": [0, 1, 1.5],
							"color": 0,
							"children": [7]
						}
					]
				},
				{
					"name": "tadpole",
					"origin": [0, 1, -1.5],
					"color": 0,
					"children": [
						{
							"name": "body",
							"origin": [0, 1, -1.5],
							"color": 0,
							"children": [8]
						},
						{
							"name": "tail",
							"origin": [0, 1, 1.5],
							"color": 0,
							"children": [9]
						}
					]
				},
				{
					"name": "tadpole",
					"origin": [0, 1, -1.5],
					"color": 0,
					"children": [
						{
							"name": "body",
							"origin": [0, 1, -1.5],
							"color": 0,
							"children": [10]
						},
						{
							"name": "tail",
							"origin": [0, 1, 1.5],
							"color": 0,
							"children": [11]
						}
					]
				},
				{
					"name": "tadpole",
					"origin": [0, 1, -1.5],
					"color": 0,
					"children": [
						{
							"name": "body",
							"origin": [0, 1, -1.5],
							"color": 0,
							"children": [12]
						},
						{
							"name": "tail",
							"origin": [0, 1, 1.5],
							"color": 0,
							"children": [13]
						}
					]
				},
				{
					"name": "tadpole",
					"origin": [0, 1, -1.5],
					"color": 0,
					"children": [
						{
							"name": "body",
							"origin": [0, 1, -1.5],
							"color": 0,
							"children": [14]
						},
						{
							"name": "tail",
							"origin": [0, 1, 1.5],
							"color": 0,
							"children": [15]
						}
					]
				},
				{
					"name": "tadpole",
					"origin": [0, 1, -1.5],
					"color": 0,
					"children": [
						{
							"name": "body",
							"origin": [0, 1, -1.5],
							"color": 0,
							"children": [16]
						},
						{
							"name": "tail",
							"origin": [0, 1, 1.5],
							"color": 0,
							"children": [17]
						}
					]
				},
				{
					"name": "tadpole",
					"origin": [0, 1, -1.5],
					"color": 0,
					"children": [
						{
							"name": "body",
							"origin": [0, 1, -1.5],
							"color": 0,
							"children": [18]
						},
						{
							"name": "tail",
							"origin": [0, 1, 1.5],
							"color": 0,
							"children": [19]
						}
					]
				},
				{
					"name": "tadpole",
					"origin": [0, 1, -1.5],
					"color": 0,
					"children": [
						{
							"name": "body",
							"origin": [0, 1, -1.5],
							"color": 0,
							"children": [20]
						},
						{
							"name": "tail",
							"origin": [0, 1, 1.5],
							"color": 0,
							"children": [21]
						}
					]
				},
				{
					"name": "tadpole",
					"origin": [0, 1, -1.5],
					"color": 0,
					"children": [
						{
							"name": "body",
							"origin": [0, 1, -1.5],
							"color": 0,
							"children": [22]
						},
						{
							"name": "tail",
							"origin": [0, 1, 1.5],
							"color": 0,
							"children": [23]
						}
					]
				},
				{
					"name": "tadpole",
					"origin": [0, 1, -1.5],
					"color": 0,
					"children": [
						{
							"name": "body",
							"origin": [0, 1, -1.5],
							"color": 0,
							"children": [24]
						},
						{
							"name": "tail",
							"origin": [0, 1, 1.5],
							"color": 0,
							"children": [25]
						}
					]
				},
				{
					"name": "tadpole",
					"origin": [0, 1, -1.5],
					"color": 0,
					"children": [
						{
							"name": "body",
							"origin": [0, 1, -1.5],
							"color": 0,
							"children": [26]
						},
						{
							"name": "tail",
							"origin": [0, 1, 1.5],
							"color": 0,
							"children": [27]
						}
					]
				},
				{
					"name": "tadpole",
					"origin": [0, 1, -1.5],
					"color": 0,
					"children": [
						{
							"name": "body",
							"origin": [0, 1, -1.5],
							"color": 0,
							"children": [28]
						},
						{
							"name": "tail",
							"origin": [0, 1, 1.5],
							"color": 0,
							"children": [29]
						}
					]
				},
				{
					"name": "tadpole",
					"origin": [0, 1, -1.5],
					"color": 0,
					"children": [
						{
							"name": "body",
							"origin": [0, 1, -1.5],
							"color": 0,
							"children": [30]
						},
						{
							"name": "tail",
							"origin": [0, 1, 1.5],
							"color": 0,
							"children": []
						}
					]
				},
				{
					"name": "tadpole",
					"origin": [0, 1, -1.5],
					"color": 0,
					"children": [
						{
							"name": "body",
							"origin": [0, 1, -1.5],
							"color": 0,
							"children": [31]
						},
						{
							"name": "tail",
							"origin": [0, 1, 1.5],
							"color": 0,
							"children": []
						}
					]
				},
				{
					"name": "tadpole",
					"origin": [0, 1, -1.5],
					"color": 0,
					"children": [
						{
							"name": "body",
							"origin": [0, 1, -1.5],
							"color": 0,
							"children": [32]
						},
						{
							"name": "tail",
							"origin": [0, 1, 1.5],
							"color": 0,
							"children": []
						}
					]
				},
				{
					"name": "tadpole",
					"origin": [0, 1, -1.5],
					"color": 0,
					"children": [
						{
							"name": "body",
							"origin": [0, 1, -1.5],
							"color": 0,
							"children": [33]
						},
						{
							"name": "tail",
							"origin": [0, 1, 1.5],
							"color": 0,
							"children": []
						}
					]
				}
			]
		}
	]
}