{
	"format_version": "1.21.6",
	"credit": "cyberia was here",
	"texture_size": [32, 32],
	"textures": {
		"0": "item/bucket_3d",
		"2": "item/tropical_fish_bucket_water_3d",
		"3": "item/tropical_fish_bucket_3d",
		"particle": "item/bucket_3d"
	},
	"elements": [
		{
			"name": "bottom",
			"from": [4, 0, 4],
			"to": [12, 2, 12],
			"rotation": {"angle": 0, "axis": "y", "origin": [4, 0, 5]},
			"faces": {
				"north": {"uv": [2, 6, 4, 6.5], "texture": "#0"},
				"east": {"uv": [4, 6, 6, 6.5], "texture": "#0"},
				"south": {"uv": [6, 6, 8, 6.5], "texture": "#0"},
				"west": {"uv": [2, 6.5, 4, 7], "texture": "#0"},
				"up": {"uv": [6.5, 6, 4.5, 4], "texture": "#0"},
				"down": {"uv": [2, 6, 0, 8], "texture": "#0"}
			}
		},
		{
			"name": "side1",
			"from": [3, 2, 3],
			"to": [12, 11, 4],
			"rotation": {"angle": 0, "axis": "y", "origin": [4, 3, 4]},
			"faces": {
				"north": {"uv": [9.25, 0, 11.5, 2.25], "texture": "#0"},
				"east": {"uv": [4.25, 6.75, 4.5, 8.75], "texture": "#0"},
				"south": {"uv": [11.5, 0, 13.75, 2.25], "texture": "#0"},
				"west": {"uv": [4.5, 6.75, 4.75, 9], "texture": "#0"},
				"up": {"uv": [6.25, 6.75, 4, 6.5], "texture": "#0"},
				"down": {"uv": [8.75, 4, 6.5, 4.25], "texture": "#0"}
			}
		},
		{
			"name": "side2",
			"from": [12, 2, 3],
			"to": [13, 11, 12],
			"rotation": {"angle": 0, "axis": "y", "origin": [5, 3, 4]},
			"faces": {
				"north": {"uv": [4.75, 6.75, 5, 9], "texture": "#0"},
				"east": {"uv": [9.25, 0, 11.5, 2.25], "texture": "#0"},
				"south": {"uv": [5, 6.75, 5.25, 8.75], "texture": "#0"},
				"west": {"uv": [11.5, 0, 13.75, 2.25], "texture": "#0"},
				"up": {"uv": [6.5, 8.75, 6.25, 6.5], "texture": "#0"},
				"down": {"uv": [6.75, 6.5, 6.5, 8.75], "texture": "#0"}
			}
		},
		{
			"name": "side3",
			"from": [4, 2, 12],
			"to": [13, 11, 13],
			"rotation": {"angle": 0, "axis": "y", "origin": [5, 3, 13]},
			"faces": {
				"north": {"uv": [11.5, 0, 13.75, 2.25], "texture": "#0"},
				"east": {"uv": [5.25, 6.75, 5.5, 9], "texture": "#0"},
				"south": {"uv": [9.25, 0, 11.5, 2.25], "texture": "#0"},
				"west": {"uv": [5.5, 6.75, 5.75, 8.75], "texture": "#0"},
				"up": {"uv": [8.75, 4.5, 6.5, 4.25], "texture": "#0"},
				"down": {"uv": [8.75, 4.5, 6.5, 4.75], "texture": "#0"}
			}
		},
		{
			"name": "side4",
			"from": [3, 2, 4],
			"to": [4, 11, 13],
			"rotation": {"angle": 0, "axis": "y", "origin": [-4, 3, 5]},
			"faces": {
				"north": {"uv": [5.75, 6.75, 6, 8.75], "texture": "#0"},
				"east": {"uv": [11.5, 0, 13.75, 2.25], "texture": "#0"},
				"south": {"uv": [6, 6.75, 6.25, 9], "texture": "#0"},
				"west": {"uv": [9.25, 0, 11.5, 2.25], "texture": "#0"},
				"up": {"uv": [7, 2.25, 6.75, 0], "texture": "#0"},
				"down": {"uv": [4.25, 6.75, 4, 9], "texture": "#0"}
			}
		},
		{
			"from": [4, 3, 4],
			"to": [12, 10, 12],
			"rotation": {"angle": 0, "axis": "y", "origin": [10, 8, 7.8]},
			"faces": {
				"north": {"uv": [4, 14, 12, 6], "texture": "#2", "tintindex": 0},
				"east": {"uv": [4, 14, 12, 6], "texture": "#2", "tintindex": 0},
				"south": {"uv": [4, 14, 12, 6], "texture": "#2"},
				"west": {"uv": [4, 14, 12, 6], "texture": "#2", "tintindex": 0},
				"up": {"uv": [4, 6, 12, 14], "texture": "#2", "tintindex": 0},
				"down": {"uv": [4, 6, 12, 14], "texture": "#2", "tintindex": 0}
			}
		},
		{
			"name": "tail",
			"from": [8, 5.5, 6.3],
			"to": [8, 9.5, 9.3],
			"rotation": {"angle": -45, "axis": "x", "origin": [8, 10, 9.3]},
			"faces": {
				"east": {"uv": [1.2, 0, 1.4, 0.15], "rotation": 270, "texture": "#3"},
				"west": {"uv": [1.4, 0, 1.6, 0.15], "rotation": 90, "texture": "#3"}
			}
		},
		{
			"name": "body",
			"from": [7, 9.5, 6.3],
			"to": [9, 15.5, 9.3],
			"rotation": {"angle": -45, "axis": "x", "origin": [8, 10, 9.3]},
			"faces": {
				"north": {"uv": [0.5, 0, 0.4, 0.3], "rotation": 180, "texture": "#3"},
				"east": {"uv": [0, 0.3, 0.3, 0.45], "rotation": 270, "texture": "#3"},
				"south": {"uv": [0.4, 0.3, 0.3, 0], "texture": "#3"},
				"west": {"uv": [0.4, 0.3, 0.7, 0.45], "rotation": 90, "texture": "#3"},
				"up": {"uv": [0.3, 0.3, 0.4, 0.45], "rotation": 180, "texture": "#3"},
				"down": {"uv": [0.7, 0.3, 0.8, 0.45], "texture": "#3"}
			}
		},
		{
			"name": "right_fin",
			"from": [9, 9.5, 4.5929],
			"to": [11, 9.5, 6.5929],
			"rotation": {"angle": -45, "axis": "x", "origin": [8, 12, 8.3]},
			"faces": {
				"up": {"uv": [0.1, 0.8, 0.2, 0.9], "rotation": 180, "texture": "#3"},
				"down": {"uv": [0.1, 0.6, 0.2, 0.7], "texture": "#3"}
			}
		},
		{
			"name": "left_fin",
			"from": [5, 9.5, 4.5929],
			"to": [7, 9.5, 6.5929],
			"rotation": {"angle": -45, "axis": "x", "origin": [8, 12, 8.3]},
			"faces": {
				"up": {"uv": [0.1, 0.6, 0.2, 0.7], "rotation": 180, "texture": "#3"},
				"down": {"uv": [0.1, 0.8, 0.2, 0.9], "texture": "#3"}
			}
		},
		{
			"name": "fin_top",
			"from": [8, 9.5, 9.3],
			"to": [8, 15.5, 13.3],
			"rotation": {"angle": -45, "axis": "x", "origin": [8, 10, 9.3]},
			"faces": {
				"east": {"uv": [0.5, 0, 0.8, 0.2], "rotation": 270, "texture": "#3"},
				"west": {"uv": [0.8, 0, 1.1, 0.2], "rotation": 90, "texture": "#3"}
			}
		},
		{
			"name": "body",
			"from": [7, 9.475, 6.3],
			"to": [9, 15.475, 9.3],
			"rotation": {"angle": -44.75, "axis": "x", "origin": [8, 10, 9.3]},
			"faces": {
				"north": {"uv": [2.1, 0, 2, 0.3], "rotation": 180, "texture": "#3"},
				"east": {"uv": [1.6, 0.3, 1.9, 0.45], "rotation": 270, "texture": "#3"},
				"south": {"uv": [2, 0.3, 1.9, 0], "texture": "#3"},
				"west": {"uv": [2, 0.3, 2.3, 0.45], "rotation": 90, "texture": "#3"},
				"up": {"uv": [1.9, 0.3, 2, 0.45], "rotation": 180, "texture": "#3"},
				"down": {"uv": [2.3, 0.3, 2.4, 0.45], "texture": "#3"}
			}
		},
		{
			"name": "right_fin",
			"from": [9, 9.475, 4.5929],
			"to": [11, 9.475, 6.5929],
			"rotation": {"angle": -44.75, "axis": "x", "origin": [8, 12, 8.3]},
			"faces": {
				"up": {"uv": [1.7, 0.8, 1.8, 0.9], "rotation": 180, "texture": "#3"},
				"down": {"uv": [1.7, 0.6, 1.8, 0.7], "texture": "#3"}
			}
		},
		{
			"name": "left_fin",
			"from": [5, 9.475, 4.5929],
			"to": [7, 9.475, 6.5929],
			"rotation": {"angle": -44.75, "axis": "x", "origin": [8, 12, 8.3]},
			"faces": {
				"up": {"uv": [1.7, 0.6, 1.8, 0.7], "rotation": 180, "texture": "#3"},
				"down": {"uv": [1.7, 0.8, 1.8, 0.9], "texture": "#3"}
			}
		},
		{
			"name": "fin_top",
			"from": [8, 9.475, 9.3],
			"to": [8, 15.475, 13.3],
			"rotation": {"angle": -44.75, "axis": "x", "origin": [8, 10, 9.3]},
			"faces": {
				"east": {"uv": [2.1, 0, 2.4, 0.2], "rotation": 270, "texture": "#3"},
				"west": {"uv": [2.4, 0, 2.7, 0.2], "rotation": 90, "texture": "#3"}
			}
		},
		{
			"name": "body",
			"from": [7, 9.45, 6.3],
			"to": [9, 15.45, 9.3],
			"rotation": {"angle": -44.5, "axis": "x", "origin": [8, 10, 9.3]},
			"faces": {
				"north": {"uv": [3.7, 0, 3.6, 0.3], "rotation": 180, "texture": "#3"},
				"east": {"uv": [3.2, 0.3, 3.5, 0.45], "rotation": 270, "texture": "#3"},
				"south": {"uv": [3.6, 0.3, 3.5, 0], "texture": "#3"},
				"west": {"uv": [3.6, 0.3, 3.9, 0.45], "rotation": 90, "texture": "#3"},
				"up": {"uv": [3.5, 0.3, 3.6, 0.45], "rotation": 180, "texture": "#3"},
				"down": {"uv": [3.9, 0.3, 4, 0.45], "texture": "#3"}
			}
		},
		{
			"name": "right_fin",
			"from": [9, 9.45, 4.5929],
			"to": [11, 9.45, 6.5929],
			"rotation": {"angle": -44.5, "axis": "x", "origin": [8, 12, 8.3]},
			"faces": {
				"up": {"uv": [3.3, 0.8, 3.4, 0.9], "rotation": 180, "texture": "#3"},
				"down": {"uv": [3.3, 0.6, 3.4, 0.7], "texture": "#3"}
			}
		},
		{
			"name": "left_fin",
			"from": [5, 9.45, 4.5929],
			"to": [7, 9.45, 6.5929],
			"rotation": {"angle": -44.5, "axis": "x", "origin": [8, 12, 8.3]},
			"faces": {
				"up": {"uv": [3.3, 0.6, 3.4, 0.7], "rotation": 180, "texture": "#3"},
				"down": {"uv": [3.3, 0.8, 3.4, 0.9], "texture": "#3"}
			}
		},
		{
			"name": "fin_top",
			"from": [8, 9.45, 9.3],
			"to": [8, 15.45, 13.3],
			"rotation": {"angle": -44.5, "axis": "x", "origin": [8, 10, 9.3]},
			"faces": {
				"east": {"uv": [3.7, 0, 4, 0.2], "rotation": 270, "texture": "#3"},
				"west": {"uv": [4, 0, 4.3, 0.2], "rotation": 90, "texture": "#3"}
			}
		},
		{
			"name": "body",
			"from": [7, 9.425, 6.3],
			"to": [9, 15.425, 9.3],
			"rotation": {"angle": -44.25, "axis": "x", "origin": [8, 10, 9.3]},
			"faces": {
				"north": {"uv": [5.3, 0, 5.2, 0.3], "rotation": 180, "texture": "#3"},
				"east": {"uv": [4.8, 0.3, 5.1, 0.45], "rotation": 270, "texture": "#3"},
				"south": {"uv": [5.2, 0.3, 5.1, 0], "texture": "#3"},
				"west": {"uv": [5.2, 0.3, 5.5, 0.45], "rotation": 90, "texture": "#3"},
				"up": {"uv": [5.1, 0.3, 5.2, 0.45], "rotation": 180, "texture": "#3"},
				"down": {"uv": [5.5, 0.3, 5.6, 0.45], "texture": "#3"}
			}
		},
		{
			"name": "right_fin",
			"from": [9, 9.425, 4.5929],
			"to": [11, 9.425, 6.5929],
			"rotation": {"angle": -44.25, "axis": "x", "origin": [8, 12, 8.3]},
			"faces": {
				"up": {"uv": [4.9, 0.8, 5, 0.9], "rotation": 180, "texture": "#3"},
				"down": {"uv": [4.9, 0.6, 5, 0.7], "texture": "#3"}
			}
		},
		{
			"name": "left_fin",
			"from": [5, 9.425, 4.5929],
			"to": [7, 9.425, 6.5929],
			"rotation": {"angle": -44.25, "axis": "x", "origin": [8, 12, 8.3]},
			"faces": {
				"up": {"uv": [4.9, 0.6, 5, 0.7], "rotation": 180, "texture": "#3"},
				"down": {"uv": [4.9, 0.8, 5, 0.9], "texture": "#3"}
			}
		},
		{
			"name": "fin_top",
			"from": [8, 9.425, 9.3],
			"to": [8, 15.425, 13.3],
			"rotation": {"angle": -44.25, "axis": "x", "origin": [8, 10, 9.3]},
			"faces": {
				"east": {"uv": [5.3, 0, 5.6, 0.2], "rotation": 270, "texture": "#3"},
				"west": {"uv": [5.6, 0, 5.9, 0.2], "rotation": 90, "texture": "#3"}
			}
		},
		{
			"name": "body",
			"from": [7, 9.4, 6.3],
			"to": [9, 15.4, 9.3],
			"rotation": {"angle": -44, "axis": "x", "origin": [8, 10, 9.3]},
			"faces": {
				"north": {"uv": [6.9, 0, 6.8, 0.3], "rotation": 180, "texture": "#3"},
				"east": {"uv": [6.4, 0.3, 6.7, 0.45], "rotation": 270, "texture": "#3"},
				"south": {"uv": [6.8, 0.3, 6.7, 0], "texture": "#3"},
				"west": {"uv": [6.8, 0.3, 7.1, 0.45], "rotation": 90, "texture": "#3"},
				"up": {"uv": [6.7, 0.3, 6.8, 0.45], "rotation": 180, "texture": "#3"},
				"down": {"uv": [7.1, 0.3, 7.2, 0.45], "texture": "#3"}
			}
		},
		{
			"name": "right_fin",
			"from": [9, 9.4, 4.5929],
			"to": [11, 9.4, 6.5929],
			"rotation": {"angle": -44, "axis": "x", "origin": [8, 12, 8.3]},
			"faces": {
				"up": {"uv": [6.5, 0.8, 6.6, 0.9], "rotation": 180, "texture": "#3"},
				"down": {"uv": [6.5, 0.6, 6.6, 0.7], "texture": "#3"}
			}
		},
		{
			"name": "left_fin",
			"from": [5, 9.4, 4.5929],
			"to": [7, 9.4, 6.5929],
			"rotation": {"angle": -44, "axis": "x", "origin": [8, 12, 8.3]},
			"faces": {
				"up": {"uv": [6.5, 0.6, 6.6, 0.7], "rotation": 180, "texture": "#3"},
				"down": {"uv": [6.5, 0.8, 6.6, 0.9], "texture": "#3"}
			}
		},
		{
			"name": "fin_top",
			"from": [8, 9.4, 9.3],
			"to": [8, 15.4, 13.3],
			"rotation": {"angle": -44, "axis": "x", "origin": [8, 10, 9.3]},
			"faces": {
				"east": {"uv": [6.9, 0, 7.2, 0.2], "rotation": 270, "texture": "#3"},
				"west": {"uv": [7.2, 0, 7.5, 0.2], "rotation": 90, "texture": "#3"}
			}
		},
		{
			"name": "body",
			"from": [7, 9.35, 6.3],
			"to": [9, 15.35, 9.3],
			"rotation": {"angle": -43.75, "axis": "x", "origin": [8, 10, 9.3]},
			"faces": {
				"north": {"uv": [8.5, 0, 8.4, 0.3], "rotation": 180, "texture": "#3"},
				"east": {"uv": [8, 0.3, 8.3, 0.45], "rotation": 270, "texture": "#3"},
				"south": {"uv": [8.4, 0.3, 8.3, 0], "texture": "#3"},
				"west": {"uv": [8.4, 0.3, 8.7, 0.45], "rotation": 90, "texture": "#3"},
				"up": {"uv": [8.3, 0.3, 8.4, 0.45], "rotation": 180, "texture": "#3"},
				"down": {"uv": [8.7, 0.3, 8.8, 0.45], "texture": "#3"}
			}
		},
		{
			"name": "right_fin",
			"from": [9, 9.35, 4.5929],
			"to": [11, 9.35, 6.5929],
			"rotation": {"angle": -43.75, "axis": "x", "origin": [8, 12, 8.3]},
			"faces": {
				"up": {"uv": [8.1, 0.8, 8.2, 0.9], "rotation": 180, "texture": "#3"},
				"down": {"uv": [8.1, 0.6, 8.2, 0.7], "texture": "#3"}
			}
		},
		{
			"name": "left_fin",
			"from": [5, 9.35, 4.5929],
			"to": [7, 9.35, 6.5929],
			"rotation": {"angle": -43.75, "axis": "x", "origin": [8, 12, 8.3]},
			"faces": {
				"up": {"uv": [8.1, 0.6, 8.2, 0.7], "rotation": 180, "texture": "#3"},
				"down": {"uv": [8.1, 0.8, 8.2, 0.9], "texture": "#3"}
			}
		},
		{
			"name": "fin_top",
			"from": [8, 9.35, 9.3],
			"to": [8, 15.35, 13.3],
			"rotation": {"angle": -43.75, "axis": "x", "origin": [8, 10, 9.3]},
			"faces": {
				"east": {"uv": [8.5, 0, 8.8, 0.2], "rotation": 270, "texture": "#3"},
				"west": {"uv": [8.8, 0, 9.1, 0.2], "rotation": 90, "texture": "#3"}
			}
		},
		{
			"name": "body",
			"from": [7, 9.3, 6.3],
			"to": [9, 15.3, 9.3],
			"rotation": {"angle": -43.5, "axis": "x", "origin": [8, 10, 9.3]},
			"faces": {
				"north": {"uv": [10.1, 0, 10, 0.3], "rotation": 180, "texture": "#3"},
				"east": {"uv": [9.6, 0.3, 9.9, 0.45], "rotation": 270, "texture": "#3"},
				"south": {"uv": [10, 0.3, 9.9, 0], "texture": "#3"},
				"west": {"uv": [10, 0.3, 10.3, 0.45], "rotation": 90, "texture": "#3"},
				"up": {"uv": [9.9, 0.3, 10, 0.45], "rotation": 180, "texture": "#3"},
				"down": {"uv": [10.3, 0.3, 10.4, 0.45], "texture": "#3"}
			}
		},
		{
			"name": "right_fin",
			"from": [9, 9.3, 4.5929],
			"to": [11, 9.3, 6.5929],
			"rotation": {"angle": -43.5, "axis": "x", "origin": [8, 12, 8.3]},
			"faces": {
				"up": {"uv": [9.7, 0.8, 9.8, 0.9], "rotation": 180, "texture": "#3"},
				"down": {"uv": [9.7, 0.6, 9.8, 0.7], "texture": "#3"}
			}
		},
		{
			"name": "left_fin",
			"from": [5, 9.3, 4.5929],
			"to": [7, 9.3, 6.5929],
			"rotation": {"angle": -43.5, "axis": "x", "origin": [8, 12, 8.3]},
			"faces": {
				"up": {"uv": [9.7, 0.6, 9.8, 0.7], "rotation": 180, "texture": "#3"},
				"down": {"uv": [9.7, 0.8, 9.8, 0.9], "texture": "#3"}
			}
		},
		{
			"name": "fin_top",
			"from": [8, 9.3, 9.3],
			"to": [8, 15.3, 13.3],
			"rotation": {"angle": -43.5, "axis": "x", "origin": [8, 10, 9.3]},
			"faces": {
				"east": {"uv": [10.1, 0, 10.4, 0.2], "rotation": 270, "texture": "#3"},
				"west": {"uv": [10.4, 0, 10.7, 0.2], "rotation": 90, "texture": "#3"}
			}
		},
		{
			"name": "body",
			"from": [7, 9.25, 6.3],
			"to": [9, 15.25, 9.3],
			"rotation": {"angle": -43.25, "axis": "x", "origin": [8, 10, 9.3]},
			"faces": {
				"north": {"uv": [11.7, 0, 11.6, 0.3], "rotation": 180, "texture": "#3"},
				"east": {"uv": [11.2, 0.3, 11.5, 0.45], "rotation": 270, "texture": "#3"},
				"south": {"uv": [11.6, 0.3, 11.5, 0], "texture": "#3"},
				"west": {"uv": [11.6, 0.3, 11.9, 0.45], "rotation": 90, "texture": "#3"},
				"up": {"uv": [11.5, 0.3, 11.6, 0.45], "rotation": 180, "texture": "#3"},
				"down": {"uv": [11.9, 0.3, 12, 0.45], "texture": "#3"}
			}
		},
		{
			"name": "right_fin",
			"from": [9, 9.25, 4.5929],
			"to": [11, 9.25, 6.5929],
			"rotation": {"angle": -43.25, "axis": "x", "origin": [8, 12, 8.3]},
			"faces": {
				"up": {"uv": [11.3, 0.8, 11.4, 0.9], "rotation": 180, "texture": "#3"},
				"down": {"uv": [11.3, 0.6, 11.4, 0.7], "texture": "#3"}
			}
		},
		{
			"name": "left_fin",
			"from": [5, 9.25, 4.5929],
			"to": [7, 9.25, 6.5929],
			"rotation": {"angle": -43.25, "axis": "x", "origin": [8, 12, 8.3]},
			"faces": {
				"up": {"uv": [11.3, 0.6, 11.4, 0.7], "rotation": 180, "texture": "#3"},
				"down": {"uv": [11.3, 0.8, 11.4, 0.9], "texture": "#3"}
			}
		},
		{
			"name": "fin_top",
			"from": [8, 9.25, 9.3],
			"to": [8, 15.25, 13.3],
			"rotation": {"angle": -43.25, "axis": "x", "origin": [8, 10, 9.3]},
			"faces": {
				"east": {"uv": [11.7, 0, 12, 0.2], "rotation": 270, "texture": "#3"},
				"west": {"uv": [12, 0, 12.3, 0.2], "rotation": 90, "texture": "#3"}
			}
		},
		{
			"name": "body",
			"from": [7, 9.2, 6.3],
			"to": [9, 15.2, 9.3],
			"rotation": {"angle": -43, "axis": "x", "origin": [8, 10, 9.3]},
			"faces": {
				"north": {"uv": [13.3, 0, 13.2, 0.3], "rotation": 180, "texture": "#3"},
				"east": {"uv": [12.8, 0.3, 13.1, 0.45], "rotation": 270, "texture": "#3"},
				"south": {"uv": [13.2, 0.3, 13.1, 0], "texture": "#3"},
				"west": {"uv": [13.2, 0.3, 13.5, 0.45], "rotation": 90, "texture": "#3"},
				"up": {"uv": [13.1, 0.3, 13.2, 0.45], "rotation": 180, "texture": "#3"},
				"down": {"uv": [13.5, 0.3, 13.6, 0.45], "texture": "#3"}
			}
		},
		{
			"name": "right_fin",
			"from": [9, 9.2, 4.5929],
			"to": [11, 9.2, 6.5929],
			"rotation": {"angle": -43, "axis": "x", "origin": [8, 12, 8.3]},
			"faces": {
				"up": {"uv": [12.9, 0.8, 13, 0.9], "rotation": 180, "texture": "#3"},
				"down": {"uv": [12.9, 0.6, 13, 0.7], "texture": "#3"}
			}
		},
		{
			"name": "left_fin",
			"from": [5, 9.2, 4.5929],
			"to": [7, 9.2, 6.5929],
			"rotation": {"angle": -43, "axis": "x", "origin": [8, 12, 8.3]},
			"faces": {
				"up": {"uv": [12.9, 0.6, 13, 0.7], "rotation": 180, "texture": "#3"},
				"down": {"uv": [12.9, 0.8, 13, 0.9], "texture": "#3"}
			}
		},
		{
			"name": "fin_top",
			"from": [8, 9.2, 9.3],
			"to": [8, 15.2, 13.3],
			"rotation": {"angle": -43, "axis": "x", "origin": [8, 10, 9.3]},
			"faces": {
				"east": {"uv": [13.3, 0, 13.6, 0.2], "rotation": 270, "texture": "#3"},
				"west": {"uv": [13.6, 0, 13.9, 0.2], "rotation": 90, "texture": "#3"}
			}
		},
		{
			"name": "body",
			"from": [7, 9.125, 6.3],
			"to": [9, 15.125, 9.3],
			"rotation": {"angle": -42.75, "axis": "x", "origin": [8, 10, 9.3]},
			"faces": {
				"north": {"uv": [13.3, 1.6, 13.2, 1.9], "rotation": 180, "texture": "#3"},
				"east": {"uv": [12.8, 1.9, 13.1, 2.05], "rotation": 270, "texture": "#3"},
				"south": {"uv": [13.2, 1.9, 13.1, 1.6], "texture": "#3"},
				"west": {"uv": [13.2, 1.9, 13.5, 2.05], "rotation": 90, "texture": "#3"},
				"up": {"uv": [13.1, 1.9, 13.2, 2.05], "rotation": 180, "texture": "#3"},
				"down": {"uv": [13.5, 1.9, 13.6, 2.05], "texture": "#3"}
			}
		},
		{
			"name": "right_fin",
			"from": [9, 9.125, 4.5929],
			"to": [11, 9.125, 6.5929],
			"rotation": {"angle": -42.75, "axis": "x", "origin": [8, 12, 8.3]},
			"faces": {
				"up": {"uv": [12.9, 2.4, 13, 2.5], "rotation": 180, "texture": "#3"},
				"down": {"uv": [12.9, 2.2, 13, 2.3], "texture": "#3"}
			}
		},
		{
			"name": "left_fin",
			"from": [5, 9.125, 4.5929],
			"to": [7, 9.125, 6.5929],
			"rotation": {"angle": -42.75, "axis": "x", "origin": [8, 12, 8.3]},
			"faces": {
				"up": {"uv": [12.9, 2.2, 13, 2.3], "rotation": 180, "texture": "#3"},
				"down": {"uv": [12.9, 2.4, 13, 2.5], "texture": "#3"}
			}
		},
		{
			"name": "fin_top",
			"from": [8, 9.125, 9.3],
			"to": [8, 15.125, 13.3],
			"rotation": {"angle": -42.75, "axis": "x", "origin": [8, 10, 9.3]},
			"faces": {
				"east": {"uv": [13.3, 1.6, 13.6, 1.8], "rotation": 270, "texture": "#3"},
				"west": {"uv": [13.6, 1.6, 13.9, 1.8], "rotation": 90, "texture": "#3"}
			}
		},
		{
			"name": "body",
			"from": [7, 9.05, 6.3],
			"to": [9, 15.05, 9.3],
			"rotation": {"angle": -43, "axis": "x", "origin": [8, 10, 9.3]},
			"faces": {
				"north": {"uv": [11.7, 1.6, 11.6, 1.9], "rotation": 180, "texture": "#3"},
				"east": {"uv": [11.2, 1.9, 11.5, 2.05], "rotation": 270, "texture": "#3"},
				"south": {"uv": [11.6, 1.9, 11.5, 1.6], "texture": "#3"},
				"west": {"uv": [11.6, 1.9, 11.9, 2.05], "rotation": 90, "texture": "#3"},
				"up": {"uv": [11.5, 1.9, 11.6, 2.05], "rotation": 180, "texture": "#3"},
				"down": {"uv": [11.9, 1.9, 12, 2.05], "texture": "#3"}
			}
		},
		{
			"name": "right_fin",
			"from": [9, 9.05, 4.5929],
			"to": [11, 9.05, 6.5929],
			"rotation": {"angle": -43, "axis": "x", "origin": [8, 12, 8.3]},
			"faces": {
				"up": {"uv": [11.3, 2.4, 11.4, 2.5], "rotation": 180, "texture": "#3"},
				"down": {"uv": [11.3, 2.2, 11.4, 2.3], "texture": "#3"}
			}
		},
		{
			"name": "left_fin",
			"from": [5, 9.05, 4.5929],
			"to": [7, 9.05, 6.5929],
			"rotation": {"angle": -43, "axis": "x", "origin": [8, 12, 8.3]},
			"faces": {
				"up": {"uv": [11.3, 2.2, 11.4, 2.3], "rotation": 180, "texture": "#3"},
				"down": {"uv": [11.3, 2.4, 11.4, 2.5], "texture": "#3"}
			}
		},
		{
			"name": "fin_top",
			"from": [8, 9.05, 9.3],
			"to": [8, 15.05, 13.3],
			"rotation": {"angle": -43, "axis": "x", "origin": [8, 10, 9.3]},
			"faces": {
				"east": {"uv": [11.7, 1.6, 12, 1.8], "rotation": 270, "texture": "#3"},
				"west": {"uv": [12, 1.6, 12.3, 1.8], "rotation": 90, "texture": "#3"}
			}
		},
		{
			"name": "body",
			"from": [7, 8.975, 6.3],
			"to": [9, 14.975, 9.3],
			"rotation": {"angle": -43.25, "axis": "x", "origin": [8, 10, 9.3]},
			"faces": {
				"north": {"uv": [10.1, 1.6, 10, 1.9], "rotation": 180, "texture": "#3"},
				"east": {"uv": [9.6, 1.9, 9.9, 2.05], "rotation": 270, "texture": "#3"},
				"south": {"uv": [10, 1.9, 9.9, 1.6], "texture": "#3"},
				"west": {"uv": [10, 1.9, 10.3, 2.05], "rotation": 90, "texture": "#3"},
				"up": {"uv": [9.9, 1.9, 10, 2.05], "rotation": 180, "texture": "#3"},
				"down": {"uv": [10.3, 1.9, 10.4, 2.05], "texture": "#3"}
			}
		},
		{
			"name": "right_fin",
			"from": [9, 8.975, 4.5929],
			"to": [11, 8.975, 6.5929],
			"rotation": {"angle": -43.25, "axis": "x", "origin": [8, 12, 8.3]},
			"faces": {
				"up": {"uv": [9.7, 2.4, 9.8, 2.5], "rotation": 180, "texture": "#3"},
				"down": {"uv": [9.7, 2.2, 9.8, 2.3], "texture": "#3"}
			}
		},
		{
			"name": "left_fin",
			"from": [5, 8.975, 4.5929],
			"to": [7, 8.975, 6.5929],
			"rotation": {"angle": -43.25, "axis": "x", "origin": [8, 12, 8.3]},
			"faces": {
				"up": {"uv": [9.7, 2.2, 9.8, 2.3], "rotation": 180, "texture": "#3"},
				"down": {"uv": [9.7, 2.4, 9.8, 2.5], "texture": "#3"}
			}
		},
		{
			"name": "fin_top",
			"from": [8, 8.975, 9.3],
			"to": [8, 14.975, 13.3],
			"rotation": {"angle": -43.25, "axis": "x", "origin": [8, 10, 9.3]},
			"faces": {
				"east": {"uv": [10.1, 1.6, 10.4, 1.8], "rotation": 270, "texture": "#3"},
				"west": {"uv": [10.4, 1.6, 10.7, 1.8], "rotation": 90, "texture": "#3"}
			}
		},
		{
			"name": "body",
			"from": [7, 8.9, 6.3],
			"to": [9, 14.9, 9.3],
			"rotation": {"angle": -43.5, "axis": "x", "origin": [8, 10, 9.3]},
			"faces": {
				"north": {"uv": [8.5, 1.6, 8.4, 1.9], "rotation": 180, "texture": "#3"},
				"east": {"uv": [8, 1.9, 8.3, 2.05], "rotation": 270, "texture": "#3"},
				"south": {"uv": [8.4, 1.9, 8.3, 1.6], "texture": "#3"},
				"west": {"uv": [8.4, 1.9, 8.7, 2.05], "rotation": 90, "texture": "#3"},
				"up": {"uv": [8.3, 1.9, 8.4, 2.05], "rotation": 180, "texture": "#3"},
				"down": {"uv": [8.7, 1.9, 8.8, 2.05], "texture": "#3"}
			}
		},
		{
			"name": "right_fin",
			"from": [9, 8.9, 4.5929],
			"to": [11, 8.9, 6.5929],
			"rotation": {"angle": -43.5, "axis": "x", "origin": [8, 12, 8.3]},
			"faces": {
				"up": {"uv": [8.1, 2.4, 8.2, 2.5], "rotation": 180, "texture": "#3"},
				"down": {"uv": [8.1, 2.2, 8.2, 2.3], "texture": "#3"}
			}
		},
		{
			"name": "left_fin",
			"from": [5, 8.9, 4.5929],
			"to": [7, 8.9, 6.5929],
			"rotation": {"angle": -43.5, "axis": "x", "origin": [8, 12, 8.3]},
			"faces": {
				"up": {"uv": [8.1, 2.2, 8.2, 2.3], "rotation": 180, "texture": "#3"},
				"down": {"uv": [8.1, 2.4, 8.2, 2.5], "texture": "#3"}
			}
		},
		{
			"name": "fin_top",
			"from": [8, 8.9, 9.3],
			"to": [8, 14.9, 13.3],
			"rotation": {"angle": -43.5, "axis": "x", "origin": [8, 10, 9.3]},
			"faces": {
				"east": {"uv": [8.5, 1.6, 8.8, 1.8], "rotation": 270, "texture": "#3"},
				"west": {"uv": [8.8, 1.6, 9.1, 1.8], "rotation": 90, "texture": "#3"}
			}
		},
		{
			"name": "body",
			"from": [7, 8.85, 6.3],
			"to": [9, 14.85, 9.3],
			"rotation": {"angle": -43.75, "axis": "x", "origin": [8, 10, 9.3]},
			"faces": {
				"north": {"uv": [6.9, 1.6, 6.8, 1.9], "rotation": 180, "texture": "#3"},
				"east": {"uv": [6.4, 1.9, 6.7, 2.05], "rotation": 270, "texture": "#3"},
				"south": {"uv": [6.8, 1.9, 6.7, 1.6], "texture": "#3"},
				"west": {"uv": [6.8, 1.9, 7.1, 2.05], "rotation": 90, "texture": "#3"},
				"up": {"uv": [6.7, 1.9, 6.8, 2.05], "rotation": 180, "texture": "#3"},
				"down": {"uv": [7.1, 1.9, 7.2, 2.05], "texture": "#3"}
			}
		},
		{
			"name": "right_fin",
			"from": [9, 8.85, 4.5929],
			"to": [11, 8.85, 6.5929],
			"rotation": {"angle": -43.75, "axis": "x", "origin": [8, 12, 8.3]},
			"faces": {
				"up": {"uv": [6.5, 2.4, 6.6, 2.5], "rotation": 180, "texture": "#3"},
				"down": {"uv": [6.5, 2.2, 6.6, 2.3], "texture": "#3"}
			}
		},
		{
			"name": "left_fin",
			"from": [5, 8.85, 4.5929],
			"to": [7, 8.85, 6.5929],
			"rotation": {"angle": -43.75, "axis": "x", "origin": [8, 12, 8.3]},
			"faces": {
				"up": {"uv": [6.5, 2.2, 6.6, 2.3], "rotation": 180, "texture": "#3"},
				"down": {"uv": [6.5, 2.4, 6.6, 2.5], "texture": "#3"}
			}
		},
		{
			"name": "fin_top",
			"from": [8, 8.85, 9.3],
			"to": [8, 14.85, 13.3],
			"rotation": {"angle": -43.75, "axis": "x", "origin": [8, 10, 9.3]},
			"faces": {
				"east": {"uv": [6.9, 1.6, 7.2, 1.8], "rotation": 270, "texture": "#3"},
				"west": {"uv": [7.2, 1.6, 7.5, 1.8], "rotation": 90, "texture": "#3"}
			}
		},
		{
			"name": "body",
			"from": [7, 8.8, 6.3],
			"to": [9, 14.8, 9.3],
			"rotation": {"angle": -43.75, "axis": "x", "origin": [8, 10, 9.3]},
			"faces": {
				"north": {"uv": [5.3, 1.6, 5.2, 1.9], "rotation": 180, "texture": "#3"},
				"east": {"uv": [4.8, 1.9, 5.1, 2.05], "rotation": 270, "texture": "#3"},
				"south": {"uv": [5.2, 1.9, 5.1, 1.6], "texture": "#3"},
				"west": {"uv": [5.2, 1.9, 5.5, 2.05], "rotation": 90, "texture": "#3"},
				"up": {"uv": [5.1, 1.9, 5.2, 2.05], "rotation": 180, "texture": "#3"},
				"down": {"uv": [5.5, 1.9, 5.6, 2.05], "texture": "#3"}
			}
		},
		{
			"name": "right_fin",
			"from": [9, 8.8, 4.5929],
			"to": [11, 8.8, 6.5929],
			"rotation": {"angle": -43.75, "axis": "x", "origin": [8, 12, 8.3]},
			"faces": {
				"up": {"uv": [4.9, 2.4, 5, 2.5], "rotation": 180, "texture": "#3"},
				"down": {"uv": [4.9, 2.2, 5, 2.3], "texture": "#3"}
			}
		},
		{
			"name": "left_fin",
			"from": [5, 8.8, 4.5929],
			"to": [7, 8.8, 6.5929],
			"rotation": {"angle": -43.75, "axis": "x", "origin": [8, 12, 8.3]},
			"faces": {
				"up": {"uv": [4.9, 2.2, 5, 2.3], "rotation": 180, "texture": "#3"},
				"down": {"uv": [4.9, 2.4, 5, 2.5], "texture": "#3"}
			}
		},
		{
			"name": "fin_top",
			"from": [8, 8.8, 9.3],
			"to": [8, 14.8, 13.3],
			"rotation": {"angle": -43.75, "axis": "x", "origin": [8, 10, 9.3]},
			"faces": {
				"east": {"uv": [5.3, 1.6, 5.6, 1.8], "rotation": 270, "texture": "#3"},
				"west": {"uv": [5.6, 1.6, 5.9, 1.8], "rotation": 90, "texture": "#3"}
			}
		},
		{
			"name": "body",
			"from": [7, 8.775, 6.3],
			"to": [9, 14.775, 9.3],
			"rotation": {"angle": -44, "axis": "x", "origin": [8, 10, 9.3]},
			"faces": {
				"north": {"uv": [3.7, 1.6, 3.6, 1.9], "rotation": 180, "texture": "#3"},
				"east": {"uv": [3.2, 1.9, 3.5, 2.05], "rotation": 270, "texture": "#3"},
				"south": {"uv": [3.6, 1.9, 3.5, 1.6], "texture": "#3"},
				"west": {"uv": [3.6, 1.9, 3.9, 2.05], "rotation": 90, "texture": "#3"},
				"up": {"uv": [3.5, 1.9, 3.6, 2.05], "rotation": 180, "texture": "#3"},
				"down": {"uv": [3.9, 1.9, 4, 2.05], "texture": "#3"}
			}
		},
		{
			"name": "right_fin",
			"from": [9, 8.775, 4.5929],
			"to": [11, 8.775, 6.5929],
			"rotation": {"angle": -44, "axis": "x", "origin": [8, 12, 8.3]},
			"faces": {
				"up": {"uv": [3.3, 2.4, 3.4, 2.5], "rotation": 180, "texture": "#3"},
				"down": {"uv": [3.3, 2.2, 3.4, 2.3], "texture": "#3"}
			}
		},
		{
			"name": "left_fin",
			"from": [5, 8.775, 4.5929],
			"to": [7, 8.775, 6.5929],
			"rotation": {"angle": -44, "axis": "x", "origin": [8, 12, 8.3]},
			"faces": {
				"up": {"uv": [3.3, 2.2, 3.4, 2.3], "rotation": 180, "texture": "#3"},
				"down": {"uv": [3.3, 2.4, 3.4, 2.5], "texture": "#3"}
			}
		},
		{
			"name": "fin_top",
			"from": [8, 8.775, 9.3],
			"to": [8, 14.775, 13.3],
			"rotation": {"angle": -44, "axis": "x", "origin": [8, 10, 9.3]},
			"faces": {
				"east": {"uv": [3.7, 1.6, 4, 1.8], "rotation": 270, "texture": "#3"},
				"west": {"uv": [4, 1.6, 4.3, 1.8], "rotation": 90, "texture": "#3"}
			}
		},
		{
			"name": "body",
			"from": [7, 8.75, 6.3],
			"to": [9, 14.75, 9.3],
			"rotation": {"angle": -44.25, "axis": "x", "origin": [8, 10, 9.3]},
			"faces": {
				"north": {"uv": [2.1, 1.6, 2, 1.9], "rotation": 180, "texture": "#3"},
				"east": {"uv": [1.6, 1.9, 1.9, 2.05], "rotation": 270, "texture": "#3"},
				"south": {"uv": [2, 1.9, 1.9, 1.6], "texture": "#3"},
				"west": {"uv": [2, 1.9, 2.3, 2.05], "rotation": 90, "texture": "#3"},
				"up": {"uv": [1.9, 1.9, 2, 2.05], "rotation": 180, "texture": "#3"},
				"down": {"uv": [2.3, 1.9, 2.4, 2.05], "texture": "#3"}
			}
		},
		{
			"name": "right_fin",
			"from": [9, 8.75, 4.5929],
			"to": [11, 8.75, 6.5929],
			"rotation": {"angle": -44.25, "axis": "x", "origin": [8, 12, 8.3]},
			"faces": {
				"up": {"uv": [1.7, 2.4, 1.8, 2.5], "rotation": 180, "texture": "#3"},
				"down": {"uv": [1.7, 2.2, 1.8, 2.3], "texture": "#3"}
			}
		},
		{
			"name": "left_fin",
			"from": [5, 8.75, 4.5929],
			"to": [7, 8.75, 6.5929],
			"rotation": {"angle": -44.25, "axis": "x", "origin": [8, 12, 8.3]},
			"faces": {
				"up": {"uv": [1.7, 2.2, 1.8, 2.3], "rotation": 180, "texture": "#3"},
				"down": {"uv": [1.7, 2.4, 1.8, 2.5], "texture": "#3"}
			}
		},
		{
			"name": "fin_top",
			"from": [8, 8.75, 9.3],
			"to": [8, 14.75, 13.3],
			"rotation": {"angle": -44.25, "axis": "x", "origin": [8, 10, 9.3]},
			"faces": {
				"east": {"uv": [2.1, 1.6, 2.4, 1.8], "rotation": 270, "texture": "#3"},
				"west": {"uv": [2.4, 1.6, 2.7, 1.8], "rotation": 90, "texture": "#3"}
			}
		},
		{
			"name": "body",
			"from": [7, 8.725, 6.3],
			"to": [9, 14.725, 9.3],
			"rotation": {"angle": -44.5, "axis": "x", "origin": [8, 10, 9.3]},
			"faces": {
				"north": {"uv": [0.5, 1.6, 0.4, 1.9], "rotation": 180, "texture": "#3"},
				"east": {"uv": [0, 1.9, 0.3, 2.05], "rotation": 270, "texture": "#3"},
				"south": {"uv": [0.4, 1.9, 0.3, 1.6], "texture": "#3"},
				"west": {"uv": [0.4, 1.9, 0.7, 2.05], "rotation": 90, "texture": "#3"},
				"up": {"uv": [0.3, 1.9, 0.4, 2.05], "rotation": 180, "texture": "#3"},
				"down": {"uv": [0.7, 1.9, 0.8, 2.05], "texture": "#3"}
			}
		},
		{
			"name": "right_fin",
			"from": [9, 8.725, 4.5929],
			"to": [11, 8.725, 6.5929],
			"rotation": {"angle": -44.5, "axis": "x", "origin": [8, 12, 8.3]},
			"faces": {
				"up": {"uv": [0.1, 2.4, 0.2, 2.5], "rotation": 180, "texture": "#3"},
				"down": {"uv": [0.1, 2.2, 0.2, 2.3], "texture": "#3"}
			}
		},
		{
			"name": "left_fin",
			"from": [5, 8.725, 4.5929],
			"to": [7, 8.725, 6.5929],
			"rotation": {"angle": -44.5, "axis": "x", "origin": [8, 12, 8.3]},
			"faces": {
				"up": {"uv": [0.1, 2.2, 0.2, 2.3], "rotation": 180, "texture": "#3"},
				"down": {"uv": [0.1, 2.4, 0.2, 2.5], "texture": "#3"}
			}
		},
		{
			"name": "fin_top",
			"from": [8, 8.725, 9.3],
			"to": [8, 14.725, 13.3],
			"rotation": {"angle": -44.5, "axis": "x", "origin": [8, 10, 9.3]},
			"faces": {
				"east": {"uv": [0.5, 1.6, 0.8, 1.8], "rotation": 270, "texture": "#3"},
				"west": {"uv": [0.8, 1.6, 1.1, 1.8], "rotation": 90, "texture": "#3"}
			}
		}
	],
	"display": {
		"thirdperson_righthand": {
			"rotation": [90, -90, 0],
			"translation": [0, 2.5, 0.75],
			"scale": [0.5, 0.5, 0.5]
		},
		"thirdperson_lefthand": {
			"rotation": [90, -90, 0],
			"translation": [0, 2.5, 0.75],
			"scale": [0.5, 0.5, 0.5]
		},
		"firstperson_righthand": {
			"rotation": [0, 102, 0],
			"translation": [0.5, 3.5, 1],
			"scale": [0.5, 0.5, 0.5]
		},
		"firstperson_lefthand": {
			"rotation": [0, 102, 0],
			"translation": [0.5, 3.5, 1],
			"scale": [0.5, 0.5, 0.5]
		},
		"ground": {
			"translation": [0, 3.25, 0],
			"scale": [0.6, 0.6, 0.6]
		},
		"gui": {
			"rotation": [30, 135, 0],
			"translation": [0, 1.25, 0],
			"scale": [0.75, 0.75, 0.75]
		},
		"head": {
			"translation": [0, 12.5, 0],
			"scale": [0.75, 0.75, 0.75]
		},
		"fixed": {
			"translation": [0.25, 0.25, 0.25]
		}
	},
	"groups": [
		{
			"name": "bucket",
			"origin": [5, 2, 4],
			"color": 0,
			"children": [0, 1, 2, 3, 4]
		},
		5,
		{
			"name": "tail",
			"origin": [0, 1.5, 2.8],
			"color": 0,
			"children": [6]
		},
		{
			"name": "fishy",
			"origin": [0, 1.5, -0.2],
			"color": 0,
			"children": [
				{
					"name": "body",
					"origin": [0, 1.5, -0.2],
					"color": 0,
					"children": [
						7,
						{
							"name": "right_fin",
							"origin": [1, 0, -0.2],
							"rotation": [0, -45, 0],
							"color": 0,
							"children": [8]
						},
						{
							"name": "left_fin",
							"origin": [-1, 0, -0.2],
							"rotation": [0, 45, 0],
							"color": 0,
							"children": [9]
						}
					]
				},
				{
					"name": "fin_top",
					"origin": [0, 3, -3.2],
					"color": 0,
					"children": [10]
				}
			]
		},
		{
			"name": "fishy",
			"origin": [0, 1.5, -0.2],
			"color": 0,
			"children": [
				{
					"name": "body",
					"origin": [0, 1.5, -0.2],
					"color": 0,
					"children": [
						11,
						{
							"name": "right_fin",
							"origin": [1, 0, -0.2],
							"rotation": [0, -45, 0],
							"color": 0,
							"children": [12]
						},
						{
							"name": "left_fin",
							"origin": [-1, 0, -0.2],
							"rotation": [0, 45, 0],
							"color": 0,
							"children": [13]
						}
					]
				},
				{
					"name": "fin_top",
					"origin": [0, 3, -3.2],
					"color": 0,
					"children": [14]
				}
			]
		},
		{
			"name": "fishy",
			"origin": [0, 1.5, -0.2],
			"color": 0,
			"children": [
				{
					"name": "body",
					"origin": [0, 1.5, -0.2],
					"color": 0,
					"children": [
						15,
						{
							"name": "right_fin",
							"origin": [1, 0, -0.2],
							"rotation": [0, -45, 0],
							"color": 0,
							"children": [16]
						},
						{
							"name": "left_fin",
							"origin": [-1, 0, -0.2],
							"rotation": [0, 45, 0],
							"color": 0,
							"children": [17]
						}
					]
				},
				{
					"name": "fin_top",
					"origin": [0, 3, -3.2],
					"color": 0,
					"children": [18]
				}
			]
		},
		{
			"name": "fishy",
			"origin": [0, 1.5, -0.2],
			"color": 0,
			"children": [
				{
					"name": "body",
					"origin": [0, 1.5, -0.2],
					"color": 0,
					"children": [
						19,
						{
							"name": "right_fin",
							"origin": [1, 0, -0.2],
							"rotation": [0, -45, 0],
							"color": 0,
							"children": [20]
						},
						{
							"name": "left_fin",
							"origin": [-1, 0, -0.2],
							"rotation": [0, 45, 0],
							"color": 0,
							"children": [21]
						}
					]
				},
				{
					"name": "fin_top",
					"origin": [0, 3, -3.2],
					"color": 0,
					"children": [22]
				}
			]
		},
		{
			"name": "fishy",
			"origin": [0, 1.5, -0.2],
			"color": 0,
			"children": [
				{
					"name": "body",
					"origin": [0, 1.5, -0.2],
					"color": 0,
					"children": [
						23,
						{
							"name": "right_fin",
							"origin": [1, 0, -0.2],
							"rotation": [0, -45, 0],
							"color": 0,
							"children": [24]
						},
						{
							"name": "left_fin",
							"origin": [-1, 0, -0.2],
							"rotation": [0, 45, 0],
							"color": 0,
							"children": [25]
						}
					]
				},
				{
					"name": "fin_top",
					"origin": [0, 3, -3.2],
					"color": 0,
					"children": [26]
				}
			]
		},
		{
			"name": "fishy",
			"origin": [0, 1.5, -0.2],
			"color": 0,
			"children": [
				{
					"name": "body",
					"origin": [0, 1.5, -0.2],
					"color": 0,
					"children": [
						27,
						{
							"name": "right_fin",
							"origin": [1, 0, -0.2],
							"rotation": [0, -45, 0],
							"color": 0,
							"children": [28]
						},
						{
							"name": "left_fin",
							"origin": [-1, 0, -0.2],
							"rotation": [0, 45, 0],
							"color": 0,
							"children": [29]
						}
					]
				},
				{
					"name": "fin_top",
					"origin": [0, 3, -3.2],
					"color": 0,
					"children": [30]
				}
			]
		},
		{
			"name": "fishy",
			"origin": [0, 1.5, -0.2],
			"color": 0,
			"children": [
				{
					"name": "body",
					"origin": [0, 1.5, -0.2],
					"color": 0,
					"children": [
						31,
						{
							"name": "right_fin",
							"origin": [1, 0, -0.2],
							"rotation": [0, -45, 0],
							"color": 0,
							"children": [32]
						},
						{
							"name": "left_fin",
							"origin": [-1, 0, -0.2],
							"rotation": [0, 45, 0],
							"color": 0,
							"children": [33]
						}
					]
				},
				{
					"name": "fin_top",
					"origin": [0, 3, -3.2],
					"color": 0,
					"children": [34]
				}
			]
		},
		{
			"name": "fishy",
			"origin": [0, 1.5, -0.2],
			"color": 0,
			"children": [
				{
					"name": "body",
					"origin": [0, 1.5, -0.2],
					"color": 0,
					"children": [
						35,
						{
							"name": "right_fin",
							"origin": [1, 0, -0.2],
							"rotation": [0, -45, 0],
							"color": 0,
							"children": [36]
						},
						{
							"name": "left_fin",
							"origin": [-1, 0, -0.2],
							"rotation": [0, 45, 0],
							"color": 0,
							"children": [37]
						}
					]
				},
				{
					"name": "fin_top",
					"origin": [0, 3, -3.2],
					"color": 0,
					"children": [38]
				}
			]
		},
		{
			"name": "fishy",
			"origin": [0, 1.5, -0.2],
			"color": 0,
			"children": [
				{
					"name": "body",
					"origin": [0, 1.5, -0.2],
					"color": 0,
					"children": [
						39,
						{
							"name": "right_fin",
							"origin": [1, 0, -0.2],
							"rotation": [0, -45, 0],
							"color": 0,
							"children": [40]
						},
						{
							"name": "left_fin",
							"origin": [-1, 0, -0.2],
							"rotation": [0, 45, 0],
							"color": 0,
							"children": [41]
						}
					]
				},
				{
					"name": "fin_top",
					"origin": [0, 3, -3.2],
					"color": 0,
					"children": [42]
				}
			]
		},
		{
			"name": "fishy",
			"origin": [0, 1.5, -0.2],
			"color": 0,
			"children": [
				{
					"name": "body",
					"origin": [0, 1.5, -0.2],
					"color": 0,
					"children": [
						43,
						{
							"name": "right_fin",
							"origin": [1, 0, -0.2],
							"rotation": [0, -45, 0],
							"color": 0,
							"children": [44]
						},
						{
							"name": "left_fin",
							"origin": [-1, 0, -0.2],
							"rotation": [0, 45, 0],
							"color": 0,
							"children": [45]
						}
					]
				},
				{
					"name": "fin_top",
					"origin": [0, 3, -3.2],
					"color": 0,
					"children": [46]
				}
			]
		},
		{
			"name": "fishy",
			"origin": [0, 1.5, -0.2],
			"color": 0,
			"children": [
				{
					"name": "body",
					"origin": [0, 1.5, -0.2],
					"color": 0,
					"children": [
						47,
						{
							"name": "right_fin",
							"origin": [1, 0, -0.2],
							"rotation": [0, -45, 0],
							"color": 0,
							"children": [48]
						},
						{
							"name": "left_fin",
							"origin": [-1, 0, -0.2],
							"rotation": [0, 45, 0],
							"color": 0,
							"children": [49]
						}
					]
				},
				{
					"name": "fin_top",
					"origin": [0, 3, -3.2],
					"color": 0,
					"children": [50]
				}
			]
		},
		{
			"name": "fishy",
			"origin": [0, 1.5, -0.2],
			"color": 0,
			"children": [
				{
					"name": "body",
					"origin": [0, 1.5, -0.2],
					"color": 0,
					"children": [
						51,
						{
							"name": "right_fin",
							"origin": [1, 0, -0.2],
							"rotation": [0, -45, 0],
							"color": 0,
							"children": [52]
						},
						{
							"name": "left_fin",
							"origin": [-1, 0, -0.2],
							"rotation": [0, 45, 0],
							"color": 0,
							"children": [53]
						}
					]
				},
				{
					"name": "fin_top",
					"origin": [0, 3, -3.2],
					"color": 0,
					"children": [54]
				}
			]
		},
		{
			"name": "fishy",
			"origin": [0, 1.5, -0.2],
			"color": 0,
			"children": [
				{
					"name": "body",
					"origin": [0, 1.5, -0.2],
					"color": 0,
					"children": [
						55,
						{
							"name": "right_fin",
							"origin": [1, 0, -0.2],
							"rotation": [0, -45, 0],
							"color": 0,
							"children": [56]
						},
						{
							"name": "left_fin",
							"origin": [-1, 0, -0.2],
							"rotation": [0, 45, 0],
							"color": 0,
							"children": [57]
						}
					]
				},
				{
					"name": "fin_top",
					"origin": [0, 3, -3.2],
					"color": 0,
					"children": [58]
				}
			]
		},
		{
			"name": "fishy",
			"origin": [0, 1.5, -0.2],
			"color": 0,
			"children": [
				{
					"name": "body",
					"origin": [0, 1.5, -0.2],
					"color": 0,
					"children": [
						59,
						{
							"name": "right_fin",
							"origin": [1, 0, -0.2],
							"rotation": [0, -45, 0],
							"color": 0,
							"children": [60]
						},
						{
							"name": "left_fin",
							"origin": [-1, 0, -0.2],
							"rotation": [0, 45, 0],
							"color": 0,
							"children": [61]
						}
					]
				},
				{
					"name": "fin_top",
					"origin": [0, 3, -3.2],
					"color": 0,
					"children": [62]
				}
			]
		},
		{
			"name": "fishy",
			"origin": [0, 1.5, -0.2],
			"color": 0,
			"children": [
				{
					"name": "body",
					"origin": [0, 1.5, -0.2],
					"color": 0,
					"children": [
						63,
						{
							"name": "right_fin",
							"origin": [1, 0, -0.2],
							"rotation": [0, -45, 0],
							"color": 0,
							"children": [64]
						},
						{
							"name": "left_fin",
							"origin": [-1, 0, -0.2],
							"rotation": [0, 45, 0],
							"color": 0,
							"children": [65]
						}
					]
				},
				{
					"name": "fin_top",
					"origin": [0, 3, -3.2],
					"color": 0,
					"children": [66]
				}
			]
		},
		{
			"name": "fishy",
			"origin": [0, 1.5, -0.2],
			"color": 0,
			"children": [
				{
					"name": "body",
					"origin": [0, 1.5, -0.2],
					"color": 0,
					"children": [
						67,
						{
							"name": "right_fin",
							"origin": [1, 0, -0.2],
							"rotation": [0, -45, 0],
							"color": 0,
							"children": [68]
						},
						{
							"name": "left_fin",
							"origin": [-1, 0, -0.2],
							"rotation": [0, 45, 0],
							"color": 0,
							"children": [69]
						}
					]
				},
				{
					"name": "fin_top",
					"origin": [0, 3, -3.2],
					"color": 0,
					"children": [70]
				}
			]
		},
		{
			"name": "fishy",
			"origin": [0, 1.5, -0.2],
			"color": 0,
			"children": [
				{
					"name": "body",
					"origin": [0, 1.5, -0.2],
					"color": 0,
					"children": [
						71,
						{
							"name": "right_fin",
							"origin": [1, 0, -0.2],
							"rotation": [0, -45, 0],
							"color": 0,
							"children": [72]
						},
						{
							"name": "left_fin",
							"origin": [-1, 0, -0.2],
							"rotation": [0, 45, 0],
							"color": 0,
							"children": [73]
						}
					]
				},
				{
					"name": "fin_top",
					"origin": [0, 3, -3.2],
					"color": 0,
					"children": [74]
				}
			]
		},
		{
			"name": "fishy",
			"origin": [0, 1.5, -0.2],
			"color": 0,
			"children": [
				{
					"name": "body",
					"origin": [0, 1.5, -0.2],
					"color": 0,
					"children": [
						75,
						{
							"name": "right_fin",
							"origin": [1, 0, -0.2],
							"rotation": [0, -45, 0],
							"color": 0,
							"children": [76]
						},
						{
							"name": "left_fin",
							"origin": [-1, 0, -0.2],
							"rotation": [0, 45, 0],
							"color": 0,
							"children": [77]
						}
					]
				},
				{
					"name": "fin_top",
					"origin": [0, 3, -3.2],
					"color": 0,
					"children": [78]
				}
			]
		}
	]
}