{
	"format_version": "1.21.6",
	"credit": "Made with Blockbench",
	"parent": "minecraft:item/beetroot_3d",
	"texture_size": [32, 32],
	"textures": {
		"0": "item/beetroot_3d",
		"particle": "item/beetroot"
	},
	"elements": [
		{
			"name": "stem2",
			"from": [6.4999, 8.9999, 8.0999],
			"to": [9.5001, 14.0001, 8.1001],
			"rotation": {"angle": 22.5, "axis": "z", "origin": [8, 9, 8]},
			"faces": {
				"north": {"uv": [7.5, 2.5, 9, 0], "texture": "#0"},
				"south": {"uv": [7.5, 2.5, 9, 0], "texture": "#0"}
			}
		},
		{
			"name": "stem3",
			"from": [6.4999, 8.9999, 7.8999],
			"to": [9.5001, 14.0001, 7.9001],
			"rotation": {"angle": -22.5, "axis": "z", "origin": [8, 9, 8]},
			"faces": {
				"north": {"uv": [9, 2.5, 10.5, 0], "texture": "#0"},
				"south": {"uv": [9, 2.5, 10.5, 0], "texture": "#0"}
			}
		},
		{
			"name": "bulb1",
			"from": [5.5, 4.5, 5.5],
			"to": [10.5, 9.5, 10.5],
			"rotation": {"angle": 0, "axis": "y", "origin": [-1.5, 4.5, -1.5]},
			"faces": {
				"north": {"uv": [0, 0, 2.5, 2.5], "texture": "#0"},
				"east": {"uv": [0, 2.5, 2.5, 5], "texture": "#0"},
				"south": {"uv": [2.5, 0, 5, 2.5], "texture": "#0"},
				"west": {"uv": [2.5, 2.5, 5, 5], "texture": "#0"},
				"up": {"uv": [0, 5, 2.5, 7.5], "rotation": 180, "texture": "#0"},
				"down": {"uv": [5, 2.5, 7.5, 0], "rotation": 180, "texture": "#0"}
			}
		},
		{
			"name": "bulb2",
			"from": [6, 3.5, 6],
			"to": [10, 4.5, 10],
			"rotation": {"angle": 0, "axis": "y", "origin": [-1.5, 3.5, -1.5]},
			"faces": {
				"north": {"uv": [7.5, 6.5, 9.5, 7], "texture": "#0"},
				"east": {"uv": [7.5, 5.5, 9.5, 6], "texture": "#0"},
				"south": {"uv": [7.5, 7.5, 9.5, 8], "texture": "#0"},
				"west": {"uv": [7.5, 4.5, 9.5, 5], "texture": "#0"},
				"down": {"uv": [9.5, 8, 11.5, 6], "rotation": 180, "texture": "#0"}
			}
		},
		{
			"name": "root",
			"from": [6.9999, 1.4999, 7.9999],
			"to": [10.0001, 3.5001, 8.0001],
			"rotation": {"angle": 0, "axis": "y", "origin": [7, 1.5, 8]},
			"faces": {
				"north": {"uv": [4.5, 5, 3, 6], "texture": "#0"},
				"south": {"uv": [3, 5, 4.5, 6], "texture": "#0"}
			}
		}
	],
	"display": {
		"firstperson_righthand": {
			"rotation": [87, -171, 98],
			"translation": [1.5, 3.25, 1.5],
			"scale": [0.89, 0.89, 0.89]
		},
		"firstperson_lefthand": {
			"rotation": [87, -171, 98],
			"translation": [1.5, 3.25, 1.25],
			"scale": [0.89, 0.89, 0.89]
		}
	},
	"groups": [
		{
			"name": "beetroot",
			"origin": [8, 12, 10.5],
			"color": 0,
			"children": [
				{
					"name": "stem",
					"origin": [8, 12, 10.5],
					"color": 0,
					"children": [0, 1]
				},
				{
					"name": "bulb",
					"origin": [-1.5, 4, 1],
					"color": 0,
					"children": [2, 3]
				},
				{
					"name": "root",
					"origin": [7, 2, 10.5],
					"color": 0,
					"children": [4]
				}
			]
		}
	]
}