{
	"credit": "Made by TheWaschtlPlays using Blockbench",
	"textures": {
		"0": "block/bottle_model",
		"stand": "block/brewing_stand"
	},
	"elements": [
		{
			"name": "Glass",
			"from": [10.5, 2, 6.5],
			"to": [13.5, 2.5, 9.5],
			"faces": {
				"north": {"uv": [5, 0, 6, 6], "rotation": 90, "texture": "#0"},
				"east": {"uv": [0, 5, 6, 6], "texture": "#0"},
				"south": {"uv": [0, 0, 1, 6], "rotation": 270, "texture": "#0"},
				"west": {"uv": [0, 0, 6, 1], "texture": "#0"},
				"up": {"uv": [6, 6, 0, 0], "texture": "#0"}
			}
		},
		{
			"name": "Glass",
			"from": [10.5, 5.5, 6.5],
			"to": [13.5, 6, 9.5],
			"faces": {
				"north": {"uv": [0, 0, 6, 1], "rotation": 180, "texture": "#0"},
				"east": {"uv": [0, 5, 6, 6], "rotation": 180, "texture": "#0"},
				"south": {"uv": [0, 5, 6, 6], "texture": "#0"},
				"west": {"uv": [0, 0, 1, 6], "rotation": 270, "texture": "#0"},
				"up": {"uv": [0, 0, 6, 6], "texture": "#0"}
			}
		},
		{
			"name": "Glass",
			"from": [13.5, 2.5, 6.5],
			"to": [14, 5.5, 9.5],
			"rotation": {"angle": 0, "axis": "y", "origin": [12, 3, 8]},
			"faces": {
				"north": {"uv": [5, 0, 6, 6], "texture": "#0"},
				"east": {"uv": [0, 0, 6, 6], "texture": "#0"},
				"south": {"uv": [0, 0, 1, 6], "texture": "#0"},
				"west": {"uv": [0, 0, 6, 6], "texture": "#0"},
				"up": {"uv": [0, 0, 6, 1], "rotation": 270, "texture": "#0"},
				"down": {"uv": [0, 5, 6, 6], "rotation": 90, "texture": "#0"}
			}
		},
		{
			"name": "Glass",
			"from": [10.5, 2.5, 9.5],
			"to": [13.5, 5.5, 10],
			"shade": false,
			"rotation": {"angle": 0, "axis": "y", "origin": [12, 3, 8]},
			"faces": {
				"north": {"uv": [0, 0, 6, 6], "texture": "#0"},
				"east": {"uv": [0, 0, 1, 6], "texture": "#0"},
				"south": {"uv": [6, 0, 0, 6], "texture": "#0"},
				"west": {"uv": [5, 0, 6, 6], "texture": "#0"},
				"up": {"uv": [0, 0, 6, 1], "rotation": 180, "texture": "#0"},
				"down": {"uv": [0, 5, 6, 6], "rotation": 180, "texture": "#0"}
			}
		},
		{
			"name": "Glass",
			"from": [10, 2.5, 6.5],
			"to": [10.5, 5.5, 9.5],
			"rotation": {"angle": 0, "axis": "y", "origin": [12, 3, 8]},
			"faces": {
				"north": {"uv": [0, 0, 1, 6], "texture": "#0"},
				"east": {"uv": [0, 0, 6, 6], "texture": "#0"},
				"south": {"uv": [5, 0, 6, 6], "texture": "#0"},
				"west": {"uv": [0, 0, 6, 6], "texture": "#0"},
				"up": {"uv": [0, 0, 6, 1], "rotation": 90, "texture": "#0"},
				"down": {"uv": [0, 5, 6, 6], "rotation": 270, "texture": "#0"}
			}
		},
		{
			"name": "Glass",
			"from": [10.5, 2.5, 6],
			"to": [13.5, 5.5, 6.5],
			"rotation": {"angle": 0, "axis": "y", "origin": [12, 3, 8]},
			"faces": {
				"north": {"uv": [0, 0, 6, 6], "texture": "#0"},
				"east": {"uv": [0, 0, 1, 6], "texture": "#0"},
				"south": {"uv": [0, 0, 6, 6], "texture": "#0"},
				"west": {"uv": [5, 0, 6, 6], "texture": "#0"},
				"up": {"uv": [0, 0, 6, 1], "rotation": 180, "texture": "#0"},
				"down": {"uv": [0, 5, 6, 6], "rotation": 180, "texture": "#0"}
			}
		},
		{
			"name": "Cap",
			"from": [12.5, 6, 7.5],
			"to": [13, 7, 8.5],
			"faces": {
				"north": {"uv": [9, 0, 10, 1], "texture": "#0"},
				"east": {"uv": [9, 0, 10, 1], "texture": "#0"},
				"south": {"uv": [9, 0, 10, 1], "texture": "#0"},
				"west": {"uv": [9, 0, 10, 1], "texture": "#0"},
				"up": {"uv": [9, 0, 10, 1], "texture": "#0"}
			}
		},
		{
			"name": "Cap",
			"from": [11, 6, 7.5],
			"to": [11.5, 7, 8.5],
			"faces": {
				"north": {"uv": [9, 0, 10, 1], "texture": "#0"},
				"east": {"uv": [9, 0, 10, 1], "texture": "#0"},
				"south": {"uv": [9, 0, 10, 1], "texture": "#0"},
				"west": {"uv": [9, 0, 10, 1], "texture": "#0"},
				"up": {"uv": [9, 0, 10, 1], "texture": "#0"}
			}
		},
		{
			"name": "Cap",
			"from": [11.5, 6, 7],
			"to": [12.5, 7, 7.5],
			"faces": {
				"north": {"uv": [9, 0, 10, 1], "texture": "#0"},
				"east": {"uv": [9, 0, 10, 1], "texture": "#0"},
				"south": {"uv": [9, 0, 10, 1], "texture": "#0"},
				"west": {"uv": [9, 0, 10, 1], "texture": "#0"},
				"up": {"uv": [9, 0, 10, 1], "texture": "#0"}
			}
		},
		{
			"name": "Cap",
			"from": [11.5, 6, 7.5],
			"to": [12.5, 7, 8.5],
			"faces": {
				"up": {"uv": [11, 1, 10, 0], "texture": "#0"}
			}
		},
		{
			"name": "Cap",
			"from": [11.5, 6, 8.5],
			"to": [12.5, 7, 9],
			"faces": {
				"north": {"uv": [9, 0, 10, 1], "texture": "#0"},
				"east": {"uv": [9, 0, 10, 1], "texture": "#0"},
				"south": {"uv": [9, 0, 10, 1], "texture": "#0"},
				"west": {"uv": [9, 0, 10, 1], "texture": "#0"},
				"up": {"uv": [9, 0, 10, 1], "texture": "#0"}
			}
		},
		{
			"from": [10.49301, 2.49303, 6.51394],
			"to": [13.49301, 3.99303, 9.51394],
			"faces": {
				"north": {"uv": [6, 0, 9, 1.5], "texture": "#0"},
				"east": {"uv": [6, 0, 9, 1.5], "texture": "#0"},
				"south": {"uv": [6, 0, 9, 1.5], "texture": "#0"},
				"west": {"uv": [6, 0, 9, 1.5], "texture": "#0"},
				"up": {"uv": [6, 0, 9, 3], "texture": "#0"}
			}
		},
		{
			"from": [9, 9, 7.5],
			"to": [10, 13.5, 8.5],
			"faces": {
				"north": {"uv": [9, 2, 10, 6.5], "texture": "#stand"},
				"east": {"uv": [9, 2, 10, 6.5], "texture": "#stand"},
				"south": {"uv": [9, 2, 10, 6.5], "texture": "#stand"},
				"west": {"uv": [9, 2, 10, 6.5], "texture": "#stand"},
				"up": {"uv": [9, 2, 10, 3], "texture": "#stand"},
				"down": {"uv": [9, 6, 10, 7], "texture": "#stand"}
			}
		},
		{
			"from": [10, 12, 7.5],
			"to": [13, 14, 8.5],
			"faces": {
				"north": {"uv": [3, 2, 6, 4], "texture": "#stand"},
				"east": {"uv": [12, 2, 13, 4], "texture": "#stand"},
				"south": {"uv": [10, 2, 13, 4], "texture": "#stand"},
				"west": {"uv": [5, 2, 6, 4], "texture": "#stand"},
				"up": {"uv": [10, 2, 13, 3], "texture": "#stand"},
				"down": {"uv": [10, 3, 13, 4], "texture": "#stand"}
			}
		},
		{
			"from": [11, 14, 7.5],
			"to": [13, 15, 8.5],
			"faces": {
				"north": {"uv": [3, 1, 5, 2], "texture": "#stand"},
				"east": {"uv": [3, 1, 4, 2], "texture": "#stand"},
				"south": {"uv": [3, 1, 5, 2], "texture": "#stand"},
				"west": {"uv": [4, 1, 5, 2], "texture": "#stand"},
				"up": {"uv": [11, 1, 13, 2], "texture": "#stand"}
			}
		},
		{
			"from": [12, 15, 7.5],
			"to": [13, 16, 8.5],
			"faces": {
				"north": {"uv": [12, 0, 13, 1], "texture": "#stand"},
				"east": {"uv": [12, 0, 13, 1], "texture": "#stand"},
				"south": {"uv": [12, 0, 13, 1], "texture": "#stand"},
				"west": {"uv": [12, 0, 13, 1], "texture": "#stand"},
				"up": {"uv": [12, 0, 13, 1], "texture": "#stand"},
				"down": {"uv": [12, 0, 13, 1], "texture": "#stand"}
			}
		},
		{
			"from": [12.75, 11.25, 7.75],
			"to": [13.5, 12.75, 8.25],
			"faces": {
				"north": {"uv": [13, 3, 14, 5], "texture": "#stand"},
				"east": {"uv": [13, 3, 14, 5], "texture": "#stand"},
				"south": {"uv": [13, 3, 14, 5], "texture": "#stand"},
				"west": {"uv": [13, 3, 14, 5], "texture": "#stand"},
				"up": {"uv": [13, 3, 13.5, 3.5], "texture": "#stand"},
				"down": {"uv": [13, 4, 13.5, 4.5], "texture": "#stand"}
			}
		},
		{
			"from": [12.25, 8, 7.75],
			"to": [12.75, 12, 8.25],
			"faces": {
				"north": {"uv": [12, 4, 12.5, 8], "texture": "#stand"},
				"east": {"uv": [12, 4, 12.5, 8], "texture": "#stand"},
				"south": {"uv": [12, 4, 12.5, 8], "texture": "#stand"},
				"west": {"uv": [12, 4, 12.5, 8], "texture": "#stand"},
				"down": {"uv": [12, 9, 12.5, 9.5], "texture": "#stand"}
			}
		},
		{
			"from": [11.74825, 7.00088, 7.75087],
			"to": [12.24825, 8.00088, 8.25087],
			"faces": {
				"north": {"uv": [12, 8, 12.5, 10], "texture": "#stand"},
				"east": {"uv": [12, 8, 12.5, 10], "texture": "#stand"},
				"south": {"uv": [12, 8, 12.5, 10], "texture": "#stand"},
				"west": {"uv": [12, 8, 12.5, 10], "texture": "#stand"},
				"up": {"uv": [12, 8, 12.5, 8.5], "texture": "#stand"}
			}
		}
	],
	"groups": [
		{
			"name": "brewing_stand_bottle",
			"origin": [8, 8, 8],
			"color": 0,
			"children": [
				{
					"name": "Bottle",
					"origin": [8, 8, 8],
					"color": 0,
					"children": [0, 1, 2, 3, 4, 5, 6, 7, 8, 9, 10, 11]
				}
			]
		},
		{
			"name": "3D_brewingstand_empty0",
			"origin": [8, 8, 8],
			"color": 0,
			"children": [12, 13, 14, 15, 16, 17, 18]
		}
	]
}