{
	"credit": "Made by TheWaschtlPlays using Blockbench",
	"textures": {
		"4": "block/cartography_table/compass"
	},
	"elements": [
		{
			"name": "needle",
			"from": [3.5, 16, 10.25],
			"to": [4.5, 16.25, 13.75],
			"rotation": {"angle": 0, "axis": "y", "origin": [4, 16.125, 12]},
			"faces": {
				"north": {"uv": [0, 0, 1, 0.25], "texture": "#4", "cullface": "up"},
				"east": {"uv": [0, 0, 0.25, 3.5], "rotation": 90, "texture": "#4", "cullface": "up"},
				"south": {"uv": [0, 3, 1, 3.25], "texture": "#4", "cullface": "up"},
				"west": {"uv": [0, 0, 0.25, 3.5], "rotation": 270, "texture": "#4", "cullface": "up"},
				"up": {"uv": [0, 0, 1, 3.5], "texture": "#4", "cullface": "up"}
			}
		}
	],
	"display": {
		"thirdperson_righthand": {
			"rotation": [75, 45, 0],
			"translation": [0, 2.5, 0],
			"scale": [0.375, 0.375, 0.375]
		},
		"thirdperson_lefthand": {
			"rotation": [75, 45, 0],
			"translation": [0, 2.5, 0],
			"scale": [0.375, 0.375, 0.375]
		},
		"firstperson_righthand": {
			"rotation": [0, -45, 0],
			"scale": [0.4, 0.4, 0.4]
		},
		"firstperson_lefthand": {
			"rotation": [0, 135, 0],
			"scale": [0.4, 0.4, 0.4]
		},
		"ground": {
			"translation": [0, 3, 0],
			"scale": [0.25, 0.25, 0.25]
		},
		"gui": {
			"rotation": [30, 45, 0],
			"scale": [0.625, 0.625, 0.625]
		},
		"head": {
			"rotation": [0, -90, 0]
		},
		"fixed": {
			"scale": [0.5, 0.5, 0.5]
		}
	}
}