{
	"format_version": "1.21.11",
	"credit": "Made by TheWaschtlPlays using Blockbench",
	"textures": {
		"6": "block/oak_planks",
		"7": "block/brass",
		"8": "block/cartography_table/globe",
		"cartography_table_top": "block/cartography_table/cartography_table_top",
		"cartography_table_side2": "block/cartography_table/cartography_table_side2",
		"cartography_table_side1": "block/cartography_table/cartography_table_side1",
		"cartography_table_side3": "block/cartography_table_side3",
		"particle": "block/crafting_table_front"
	},
	"elements": [
		{
			"name": "Cube",
			"from": [8, 12, 8],
			"to": [16, 16, 16],
			"faces": {
				"east": {"uv": [0, 0, 8, 4], "texture": "#cartography_table_side3", "cullface": "east"},
				"south": {"uv": [8, 0, 16, 4], "texture": "#cartography_table_side1", "cullface": "south"},
				"west": {"uv": [4, 8, 8, 16], "rotation": 270, "texture": "#cartography_table_top", "cullface": "up"},
				"up": {"uv": [8, 8, 16, 16], "texture": "#cartography_table_top", "cullface": "up"}
			}
		},
		{
			"name": "Cube",
			"from": [0, 12, 0],
			"to": [16, 16, 8],
			"faces": {
				"north": {"uv": [0, 0, 16, 4], "texture": "#cartography_table_side3", "cullface": "north"},
				"east": {"uv": [8, 0, 16, 4], "texture": "#cartography_table_side3", "cullface": "east"},
				"south": {"uv": [0, 7, 16, 11], "texture": "#cartography_table_top", "cullface": "up"},
				"west": {"uv": [0, 0, 8, 4], "texture": "#cartography_table_side2", "cullface": "west"},
				"up": {"uv": [0, 0, 16, 8], "texture": "#cartography_table_top", "cullface": "up"}
			}
		},
		{
			"name": "Cube",
			"from": [0, 0, 0],
			"to": [16, 12, 16],
			"faces": {
				"north": {"uv": [0, 4, 16, 16], "texture": "#cartography_table_side3", "cullface": "north"},
				"east": {"uv": [0, 4, 16, 16], "texture": "#cartography_table_side3", "cullface": "east"},
				"south": {"uv": [0, 4, 16, 16], "texture": "#cartography_table_side1", "cullface": "south"},
				"west": {"uv": [0, 4, 16, 16], "texture": "#cartography_table_side2", "cullface": "west"},
				"up": {"uv": [0, 0, 16, 16], "texture": "#cartography_table_top", "cullface": "up"},
				"down": {"uv": [0, 0, 16, 16], "rotation": 90, "texture": "#cartography_table_side3", "cullface": "down"}
			}
		},
		{
			"name": "Cube",
			"from": [0, 12, 8],
			"to": [1, 16, 15],
			"faces": {
				"east": {"uv": [0, 8, 4, 15], "rotation": 90, "texture": "#cartography_table_top", "cullface": "up"},
				"west": {"uv": [8, 0, 15, 4], "texture": "#cartography_table_side2", "cullface": "west"},
				"up": {"uv": [0, 8, 1, 15], "texture": "#cartography_table_top", "cullface": "up"}
			}
		},
		{
			"from": [0, 12, 15],
			"to": [8, 16, 16],
			"faces": {
				"north": {"uv": [0, 12, 8, 16], "rotation": 180, "texture": "#cartography_table_top", "cullface": "up"},
				"south": {"uv": [0, 0, 8, 4], "texture": "#cartography_table_side1", "cullface": "south"},
				"west": {"uv": [15, 0, 16, 4], "texture": "#cartography_table_side2", "cullface": "west"},
				"up": {"uv": [0, 15, 8, 16], "texture": "#cartography_table_top", "cullface": "up"}
			}
		},
		{
			"name": "Cube",
			"from": [2, 16, 6],
			"to": [6, 16.5, 7],
			"faces": {
				"north": {"uv": [2, 6, 6, 6.5], "rotation": 180, "texture": "#cartography_table_top", "cullface": "up"},
				"east": {"uv": [5, 6, 6, 6.5], "texture": "#cartography_table_top", "cullface": "up"},
				"south": {"uv": [2, 6, 6, 6.5], "texture": "#cartography_table_top", "cullface": "up"},
				"west": {"uv": [2, 6, 3, 6.5], "texture": "#cartography_table_top", "cullface": "up"},
				"up": {"uv": [2, 6, 6, 7], "texture": "#cartography_table_top", "cullface": "up"}
			}
		},
		{
			"name": "Cube",
			"from": [6, 16, 2],
			"to": [7, 16.5, 6],
			"faces": {
				"north": {"uv": [6, 2, 7, 2.5], "texture": "#cartography_table_top", "cullface": "up"},
				"east": {"uv": [6, 2, 6.5, 6], "rotation": 90, "texture": "#cartography_table_top", "cullface": "up"},
				"south": {"uv": [6, 5, 7, 5.5], "texture": "#cartography_table_top", "cullface": "up"},
				"west": {"uv": [6, 2, 6.5, 6], "rotation": 270, "texture": "#cartography_table_top", "cullface": "up"},
				"up": {"uv": [6, 2, 7, 6], "texture": "#cartography_table_top", "cullface": "up"}
			}
		},
		{
			"name": "Cube",
			"from": [2, 16, 1],
			"to": [6, 16.5, 2],
			"faces": {
				"north": {"uv": [2, 1, 6, 1.5], "rotation": 180, "texture": "#cartography_table_top", "cullface": "up"},
				"east": {"uv": [5, 1, 6, 1.5], "texture": "#cartography_table_top", "cullface": "up"},
				"south": {"uv": [2, 1, 6, 1.5], "texture": "#cartography_table_top", "cullface": "up"},
				"west": {"uv": [1, 2, 2, 2.5], "texture": "#cartography_table_top", "cullface": "up"},
				"up": {"uv": [2, 1, 6, 2], "texture": "#cartography_table_top", "cullface": "up"}
			}
		},
		{
			"name": "Cube",
			"from": [1, 16, 2],
			"to": [2, 16.5, 6],
			"faces": {
				"north": {"uv": [1, 2, 2, 2.5], "texture": "#cartography_table_top", "cullface": "up"},
				"east": {"uv": [1, 2, 1.5, 6], "rotation": 90, "texture": "#cartography_table_top", "cullface": "up"},
				"south": {"uv": [1, 5, 2, 5.5], "texture": "#cartography_table_top", "cullface": "up"},
				"west": {"uv": [1, 2, 1.5, 6], "rotation": 270, "texture": "#cartography_table_top", "cullface": "up"},
				"up": {"uv": [1, 2, 2, 6], "texture": "#cartography_table_top", "cullface": "up"}
			}
		},
		{
			"name": "center",
			"from": [3.6, 16, 3.6],
			"to": [4.4, 16.5, 4.4],
			"rotation": {"angle": 45, "axis": "y", "origin": [4, 16, 4]},
			"faces": {
				"north": {"uv": [2, 1, 3, 2], "rotation": 90, "texture": "#cartography_table_top", "cullface": "up"},
				"east": {"uv": [2, 1, 3, 2], "rotation": 90, "texture": "#cartography_table_top", "cullface": "up"},
				"south": {"uv": [2, 1, 3, 2], "rotation": 90, "texture": "#cartography_table_top", "cullface": "up"},
				"west": {"uv": [2, 1, 3, 2], "rotation": 90, "texture": "#cartography_table_top", "cullface": "up"},
				"up": {"uv": [2, 1, 3, 2], "rotation": 90, "texture": "#cartography_table_top", "cullface": "up"}
			}
		},
		{
			"from": [4, 4, 16.5],
			"to": [6, 6, 17],
			"faces": {
				"east": {"uv": [5, 10, 5.5, 12], "texture": "#cartography_table_side1", "cullface": "south"},
				"south": {"uv": [4, 10, 6, 12], "texture": "#cartography_table_side1", "cullface": "south"},
				"west": {"uv": [4, 10, 4.5, 12], "texture": "#cartography_table_side1", "cullface": "south"},
				"up": {"uv": [4, 10, 6, 10.5], "texture": "#cartography_table_side1", "cullface": "south"},
				"down": {"uv": [4, 11, 6, 11.5], "texture": "#cartography_table_side1", "cullface": "south"}
			}
		},
		{
			"from": [3, 2, 15.5],
			"to": [11, 8, 16.5],
			"faces": {
				"east": {"uv": [10, 8, 11, 14], "texture": "#cartography_table_side1", "cullface": "south"},
				"south": {"uv": [3, 8, 11, 14], "texture": "#cartography_table_side1", "cullface": "south"},
				"west": {"uv": [3, 8, 4, 14], "texture": "#cartography_table_side1", "cullface": "south"},
				"up": {"uv": [3, 8, 11, 9], "texture": "#cartography_table_side1", "cullface": "south"},
				"down": {"uv": [3, 13, 11, 14], "texture": "#cartography_table_side1", "cullface": "south"}
			}
		},
		{
			"name": "top_r_handle",
			"from": [3.5, 12.5, -1],
			"to": [5.5, 13, 0],
			"faces": {
				"north": {"uv": [3, 6, 5, 6.5], "texture": "#cartography_table_top", "cullface": "north"},
				"east": {"uv": [3, 6, 4, 6.5], "texture": "#cartography_table_top", "cullface": "north"},
				"west": {"uv": [4, 6, 5, 6.5], "texture": "#cartography_table_top", "cullface": "north"},
				"up": {"uv": [3, 6, 5, 6.5], "rotation": 180, "texture": "#cartography_table_top", "cullface": "north"},
				"down": {"uv": [3, 6, 5, 6.5], "rotation": 180, "texture": "#cartography_table_top", "cullface": "north"}
			}
		},
		{
			"name": "top_r",
			"from": [2, 11.5, -0.5],
			"to": [7, 13.5, 0],
			"faces": {
				"north": {"uv": [9, 1, 14, 3], "texture": "#6", "cullface": "north"},
				"east": {"uv": [9, 1, 10, 3], "texture": "#6", "cullface": "north"},
				"west": {"uv": [13, 1, 14, 3], "texture": "#6", "cullface": "north"},
				"up": {"uv": [9, 1, 14, 2], "rotation": 180, "texture": "#6", "cullface": "north"},
				"down": {"uv": [9, 2, 14, 3], "rotation": 180, "texture": "#6", "cullface": "north"}
			}
		},
		{
			"name": "top_l_handle",
			"from": [10.5, 12.5, -1],
			"to": [12.5, 13, 0],
			"faces": {
				"north": {"uv": [3, 6, 5, 6.5], "texture": "#cartography_table_top", "cullface": "north"},
				"east": {"uv": [3, 6, 4, 6.5], "texture": "#cartography_table_top", "cullface": "north"},
				"west": {"uv": [4, 6, 5, 6.5], "texture": "#cartography_table_top", "cullface": "north"},
				"up": {"uv": [3, 6, 5, 6.5], "rotation": 180, "texture": "#cartography_table_top", "cullface": "north"},
				"down": {"uv": [3, 6, 5, 6.5], "rotation": 180, "texture": "#cartography_table_top", "cullface": "north"}
			}
		},
		{
			"name": "top_l",
			"from": [9, 11.5, -0.5],
			"to": [14, 13.5, 0],
			"faces": {
				"north": {"uv": [2, 1, 7, 3], "texture": "#6", "cullface": "north"},
				"east": {"uv": [2, 1, 3, 3], "texture": "#6", "cullface": "north"},
				"west": {"uv": [6, 1, 7, 3], "texture": "#6", "cullface": "north"},
				"up": {"uv": [2, 1, 7, 2], "rotation": 180, "texture": "#6", "cullface": "north"},
				"down": {"uv": [2, 2, 7, 3], "rotation": 180, "texture": "#6", "cullface": "north"}
			}
		},
		{
			"name": "center_handle",
			"from": [7, 9, -1],
			"to": [9, 9.5, 0],
			"faces": {
				"north": {"uv": [3, 6, 5, 6.5], "texture": "#cartography_table_top", "cullface": "north"},
				"east": {"uv": [3, 6, 4, 6.5], "texture": "#cartography_table_top", "cullface": "north"},
				"west": {"uv": [4, 6, 5, 6.5], "texture": "#cartography_table_top", "cullface": "north"},
				"up": {"uv": [3, 6, 5, 6.5], "rotation": 180, "texture": "#cartography_table_top", "cullface": "north"},
				"down": {"uv": [3, 6, 5, 6.5], "rotation": 180, "texture": "#cartography_table_top", "cullface": "north"}
			}
		},
		{
			"name": "center",
			"from": [2, 8, -0.5],
			"to": [14, 10, 0],
			"faces": {
				"north": {"uv": [2, 9, 14, 11], "texture": "#6", "cullface": "north"},
				"east": {"uv": [2, 9, 3, 11], "texture": "#6", "cullface": "north"},
				"west": {"uv": [13, 9, 14, 11], "texture": "#6", "cullface": "north"},
				"up": {"uv": [2, 9, 14, 10], "rotation": 180, "texture": "#6", "cullface": "north"},
				"down": {"uv": [2, 9, 14, 10], "rotation": 180, "texture": "#6", "cullface": "north"}
			}
		},
		{
			"name": "lower_handle",
			"from": [7, 5.5, -1],
			"to": [9, 6, 0],
			"faces": {
				"north": {"uv": [3, 6, 5, 6.5], "texture": "#cartography_table_top", "cullface": "north"},
				"east": {"uv": [3, 6, 4, 6.5], "texture": "#cartography_table_top", "cullface": "north"},
				"west": {"uv": [4, 6, 5, 6.5], "texture": "#cartography_table_top", "cullface": "north"},
				"up": {"uv": [3, 6, 5, 6.5], "rotation": 180, "texture": "#cartography_table_top", "cullface": "north"},
				"down": {"uv": [3, 6, 5, 6.5], "rotation": 180, "texture": "#cartography_table_top", "cullface": "north"}
			}
		},
		{
			"name": "lower",
			"from": [2, 2.5, -0.5],
			"to": [14, 6.5, 0],
			"faces": {
				"north": {"uv": [2, 12, 14, 16], "texture": "#6", "cullface": "north"},
				"east": {"uv": [2, 12, 3, 16], "texture": "#6", "cullface": "north"},
				"west": {"uv": [13, 12, 14, 16], "texture": "#6", "cullface": "north"},
				"up": {"uv": [2, 12, 14, 13], "rotation": 180, "texture": "#6", "cullface": "north"},
				"down": {"uv": [2, 15, 14, 16], "rotation": 180, "texture": "#6", "cullface": "north"}
			}
		},
		{
			"name": "globe",
			"from": [2, 14, 9],
			"to": [7, 19, 14],
			"rotation": {"angle": -22.5, "axis": "z", "origin": [4.5, 16.5, 11.5]},
			"faces": {
				"north": {"uv": [0, 8, 4, 12], "texture": "#8", "cullface": "up"},
				"east": {"uv": [4, 0, 8, 4], "rotation": 180, "texture": "#8", "cullface": "up"},
				"south": {"uv": [8, 8, 12, 12], "texture": "#8", "cullface": "up"},
				"west": {"uv": [4, 8, 8, 12], "texture": "#8", "cullface": "up"},
				"up": {"uv": [4, 4, 8, 8], "rotation": 90, "texture": "#8", "cullface": "up"}
			}
		},
		{
			"from": [4, 16, 8],
			"to": [5, 19.75, 8.75],
			"rotation": {"angle": -22.5, "axis": "z", "origin": [4.5, 16.5, 11.5]},
			"faces": {
				"north": {"uv": [3, 5, 4, 8.75], "texture": "#7", "cullface": "up"},
				"east": {"uv": [3, 5, 3.75, 8.75], "texture": "#7", "cullface": "up"},
				"south": {"uv": [3, 5, 4, 8.75], "texture": "#7", "cullface": "up"},
				"west": {"uv": [3, 5, 3.75, 8.75], "texture": "#7", "cullface": "up"},
				"up": {"uv": [3, 5, 4, 5.75], "texture": "#7", "cullface": "up"},
				"down": {"uv": [3, 5, 4, 5.75], "texture": "#7", "cullface": "up"}
			}
		},
		{
			"from": [4, 16, 14.25],
			"to": [5, 19.75, 15],
			"rotation": {"angle": -22.5, "axis": "z", "origin": [4.5, 16.5, 11.5]},
			"faces": {
				"north": {"uv": [9, 5, 10, 8.75], "texture": "#7", "cullface": "up"},
				"east": {"uv": [9, 5, 9.75, 8.75], "texture": "#7", "cullface": "up"},
				"south": {"uv": [9, 5, 10, 8.75], "texture": "#7", "cullface": "up"},
				"west": {"uv": [9, 5, 9.75, 8.75], "texture": "#7", "cullface": "up"},
				"up": {"uv": [9, 5, 10, 5.75], "texture": "#7", "cullface": "up"},
				"down": {"uv": [9, 5, 10, 5.75], "texture": "#7", "cullface": "up"}
			}
		},
		{
			"from": [4, 16, 15],
			"to": [5, 17, 15.5],
			"rotation": {"angle": 0, "axis": "z", "origin": [4.5, 16.5, 11.5]},
			"faces": {
				"north": {"uv": [11, 7, 12, 8], "texture": "#7", "cullface": "up"},
				"east": {"uv": [11, 7, 12, 8], "texture": "#7", "cullface": "up"},
				"south": {"uv": [11, 7, 12, 8], "texture": "#7", "cullface": "up"},
				"west": {"uv": [11, 7, 12, 8], "texture": "#7", "cullface": "up"},
				"up": {"uv": [11, 7, 12, 8], "texture": "#7", "cullface": "up"}
			}
		},
		{
			"from": [4, 16, 7.5],
			"to": [5, 17, 8],
			"rotation": {"angle": 0, "axis": "z", "origin": [4.5, 16.5, 11.5]},
			"faces": {
				"north": {"uv": [11, 7, 12, 8], "texture": "#7", "cullface": "up"},
				"east": {"uv": [11, 7, 12, 8], "texture": "#7", "cullface": "up"},
				"south": {"uv": [11, 7, 12, 8], "texture": "#7", "cullface": "up"},
				"west": {"uv": [11, 7, 12, 8], "texture": "#7", "cullface": "up"},
				"up": {"uv": [11, 7, 12, 8], "texture": "#7", "cullface": "up"}
			}
		},
		{
			"from": [4, 19.25, 8.25],
			"to": [5, 20, 14.75],
			"rotation": {"angle": -22.5, "axis": "z", "origin": [4.5, 16.5, 11.5]},
			"faces": {
				"north": {"uv": [3, 5, 4, 5.75], "texture": "#7", "cullface": "up"},
				"east": {"uv": [3, 5, 9.5, 5.75], "rotation": 180, "texture": "#7", "cullface": "up"},
				"south": {"uv": [9, 5, 10, 5.75], "texture": "#7", "cullface": "up"},
				"west": {"uv": [3, 5, 9.5, 5.75], "texture": "#7", "cullface": "up"},
				"up": {"uv": [3, 5, 9.5, 6], "rotation": 90, "texture": "#7", "cullface": "up"},
				"down": {"uv": [3, 5, 9.5, 5.75], "texture": "#7", "cullface": "up"}
			}
		},
		{
			"from": [4.25, 19, 11.25],
			"to": [4.75, 19.75, 11.75],
			"rotation": {"angle": -22.5, "axis": "z", "origin": [4.5, 16.5, 11.5]},
			"faces": {
				"north": {"uv": [2, 2, 2.5, 2.75], "texture": "#7", "cullface": "up"},
				"east": {"uv": [2, 2, 2.5, 2.75], "texture": "#7", "cullface": "up"},
				"south": {"uv": [2, 2, 2.5, 2.75], "texture": "#7", "cullface": "up"},
				"west": {"uv": [2, 2, 2.5, 2.75], "texture": "#7", "cullface": "up"}
			}
		}
	],
	"display": {
		"thirdperson_righthand": {
			"rotation": [75, 45, 0],
			"translation": [0, 2.5, 0],
			"scale": [0.375, 0.375, 0.375]
		},
		"thirdperson_lefthand": {
			"rotation": [75, 45, 0],
			"translation": [0, 2.5, 0],
			"scale": [0.375, 0.375, 0.375]
		},
		"firstperson_righthand": {
			"rotation": [0, -45, 0],
			"scale": [0.4, 0.4, 0.4]
		},
		"firstperson_lefthand": {
			"rotation": [0, 135, 0],
			"scale": [0.4, 0.4, 0.4]
		},
		"ground": {
			"translation": [0, 3, 0],
			"scale": [0.25, 0.25, 0.25]
		},
		"gui": {
			"rotation": [30, 45, 0],
			"scale": [0.625, 0.625, 0.625]
		},
		"head": {
			"rotation": [0, -90, 0]
		},
		"fixed": {
			"scale": [0.5, 0.5, 0.5]
		}
	},
	"groups": [
		{
			"name": "Block",
			"origin": [0, 0, 0],
			"color": 0,
			"children": [0, 1, 2, 3, 4]
		},
		{
			"name": "Compass",
			"origin": [4, 16, 4],
			"color": 0,
			"children": [5, 6, 7, 8, 9]
		},
		{
			"name": "Cabin",
			"origin": [0, 0, 0],
			"color": 0,
			"children": [10, 11]
		},
		{
			"name": "Drawers",
			"origin": [8, 8, 8],
			"color": 0,
			"children": [12, 13, 14, 15, 16, 17, 18, 19]
		},
		{
			"name": "Globe",
			"origin": [8, 8, 8],
			"color": 0,
			"children": [
				20,
				{
					"name": "globe_swivel",
					"origin": [4.5, 16.5, 11.5],
					"color": 0,
					"children": [21, 22, 23, 24, 25, 26]
				}
			]
		}
	]
}