{
	"format_version": "1.21.6",
	"credit": "Made with Blockbench",
	"parent": "minecraft:item/apple_3d",
	"textures": {
		"2": "item/eatinganimation/apple/apple_stem",
		"3": "item/apple_3d",
		"particle": "item/food_particles/apple"
	},
	"elements": [
		{
			"name": "leaf",
			"from": [7.9999, 4.43001, 6.53205],
			"to": [8.0001, 7.43021, 8.53225],
			"rotation": {"angle": -22.5, "axis": "x", "origin": [8, 4.13425, 7.59724]},
			"faces": {
				"east": {"uv": [0, 0, 2, 3], "texture": "#2"},
				"west": {"uv": [2, 0, 4, 3], "texture": "#2"}
			}
		},
		{
			"name": "stem",
			"from": [7.5, 4.89689, 7.17609],
			"to": [8.5, 6.89689, 8.17609],
			"rotation": {"angle": 22.5, "axis": "x", "origin": [8, 4.13425, 7.59724]},
			"faces": {
				"north": {"uv": [0, 3, 1, 5], "texture": "#2"},
				"east": {"uv": [1, 3, 2, 5], "texture": "#2"},
				"south": {"uv": [2, 3, 3, 5], "texture": "#2"},
				"west": {"uv": [3, 3, 4, 5], "texture": "#2"},
				"up": {"uv": [5, 1, 4, 0], "texture": "#2"}
			}
		},
		{
			"name": "apple",
			"from": [5.5, 0, 5.5],
			"to": [10.5, 5, 10.5],
			"rotation": {"angle": 0, "axis": "y", "origin": [8, 2.5, 8]},
			"faces": {
				"north": {"uv": [0, 0, 5, 5], "texture": "#3"},
				"east": {"uv": [0, 5, 5, 10], "texture": "#3"},
				"south": {"uv": [5, 0, 10, 5], "texture": "#3"},
				"west": {"uv": [5, 5, 10, 10], "texture": "#3"},
				"up": {"uv": [5, 15, 0, 10], "texture": "#3"},
				"down": {"uv": [15, 0, 10, 5], "texture": "#3"}
			}
		}
	],
	"display": {
		"firstperson_righthand": {
			"rotation": [-17, -12, -35],
			"translation": [1.5, 7.25, 1],
			"scale": [0.75, 0.75, 0.75]
		},
		"firstperson_lefthand": {
			"rotation": [-1, -160, 36],
			"translation": [1.5, 7.25, 1],
			"scale": [0.75, 0.75, 0.75]
		}
	},
	"groups": [
		{
			"name": "apple",
			"origin": [8, 4, 7],
			"color": 0,
			"children": [0, 1, 2]
		}
	]
}