{
	"format_version": "1.21.6",
	"credit": "Made with Blockbench",
	"parent": "minecraft:item/apple_3d",
	"textures": {
		"1": "item/eatinganimation/apple/apple_stem",
		"2": "item/eatinganimation/apple/apple_eat_4",
		"particle": "item/food_particles/apple"
	},
	"elements": [
		{
			"name": "leaf",
			"from": [7.9999, 4.43001, 6.53205],
			"to": [8.0001, 7.43021, 8.53225],
			"rotation": {"angle": -22.5, "axis": "x", "origin": [8, 4.13425, 7.59724]},
			"faces": {
				"east": {"uv": [0, 0, 2, 3], "texture": "#1"},
				"west": {"uv": [2, 0, 4, 3], "texture": "#1"}
			}
		},
		{
			"name": "stem",
			"from": [7.501, 4.89789, 7.17709],
			"to": [8.499, 6.89589, 8.17509],
			"rotation": {"angle": 22.5, "axis": "x", "origin": [8, 4.13425, 7.59724]},
			"faces": {
				"north": {"uv": [0, 3, 1, 5], "texture": "#1"},
				"east": {"uv": [1, 3, 2, 5], "texture": "#1"},
				"south": {"uv": [2, 3, 3, 5], "texture": "#1"},
				"west": {"uv": [3, 3, 4, 5], "texture": "#1"},
				"up": {"uv": [5, 1, 4, 0], "texture": "#1"}
			}
		},
		{
			"name": "apple",
			"from": [7.5, 0, 7.5],
			"to": [8.5, 5, 8.5],
			"rotation": {"angle": 0, "axis": "y", "origin": [8, 4.13425, 7.59724]},
			"faces": {
				"north": {"uv": [3, 5, 4, 10], "texture": "#2"},
				"east": {"uv": [3, 5, 4, 10], "texture": "#2"},
				"south": {"uv": [3, 5, 4, 10], "texture": "#2"},
				"west": {"uv": [3, 5, 4, 10], "texture": "#2"},
				"up": {"uv": [9, 4, 8, 3], "texture": "#2"},
				"down": {"uv": [9, 3, 8, 4], "texture": "#2"}
			}
		}
	],
	"display": {
		"firstperson_righthand": {
			"rotation": [-17, -12, -35],
			"translation": [-0.5, 5.75, 1],
			"scale": [0.75, 0.75, 0.75]
		},
		"firstperson_lefthand": {
			"rotation": [-1, -160, 36],
			"translation": [-0.5, 5.75, 1],
			"scale": [0.75, 0.75, 0.75]
		}
	},
	"groups": [
		{
			"name": "apple",
			"origin": [8, 4, 7],
			"color": 0,
			"children": [0, 1, 2]
		}
	]
}