{
	"format_version": "1.21.6",
	"credit": "cyberia was here",
	"texture_size": [64, 64],
	"textures": {
		"0": "item/bucket_3d",
		"1": "item/milk_bucket_3d",
		"particle": "item/bucket_3d"
	},
	"elements": [
		{
			"from": [4, 3, 3.5],
			"to": [12, 10, 5.5],
			"rotation": {"angle": 0, "axis": "y", "origin": [8, 3.75, 8]},
			"faces": {
				"south": {"uv": [0, 0, 7, 7], "texture": "#1"},
				"up": {"uv": [4, 4, 6, 12], "rotation": 90, "texture": "#1", "tintindex": 0}
			}
		},
		{
			"name": "bottom",
			"from": [4, 0, 4],
			"to": [12, 2, 12],
			"rotation": {"angle": 0, "axis": "y", "origin": [8, 3.75, 8]},
			"faces": {
				"north": {"uv": [2, 6.5, 4, 7], "texture": "#0"},
				"east": {"uv": [2, 6, 4, 6.5], "texture": "#0"},
				"south": {"uv": [4, 6, 6, 6.5], "texture": "#0"},
				"west": {"uv": [6, 6, 8, 6.5], "texture": "#0"},
				"up": {"uv": [6.5, 6, 4.5, 4], "rotation": 90, "texture": "#0"},
				"down": {"uv": [2, 6, 0, 8], "rotation": 270, "texture": "#0"}
			}
		},
		{
			"name": "side1",
			"from": [12, 2, 3],
			"to": [13, 11, 12],
			"rotation": {"angle": 0, "axis": "y", "origin": [8, 3.75, 8]},
			"faces": {
				"north": {"uv": [4.5, 6.75, 4.75, 9], "texture": "#0"},
				"east": {"uv": [9.25, 0, 11.5, 2.25], "texture": "#0"},
				"south": {"uv": [4.25, 6.75, 4.5, 8.75], "texture": "#0"},
				"west": {"uv": [11.5, 0, 13.75, 2.25], "texture": "#0"},
				"up": {"uv": [6.25, 6.75, 4, 6.5], "rotation": 90, "texture": "#0"},
				"down": {"uv": [8.75, 4, 6.5, 4.25], "rotation": 270, "texture": "#0"}
			}
		},
		{
			"name": "side2",
			"from": [4, 2, 12],
			"to": [13, 11, 13],
			"rotation": {"angle": 0, "axis": "y", "origin": [8, 3.75, 8]},
			"faces": {
				"north": {"uv": [11.5, 0, 13.75, 2.25], "texture": "#0"},
				"east": {"uv": [4.75, 6.75, 5, 9], "texture": "#0"},
				"south": {"uv": [9.25, 0, 11.5, 2.25], "texture": "#0"},
				"west": {"uv": [5, 6.75, 5.25, 8.75], "texture": "#0"},
				"up": {"uv": [6.5, 8.75, 6.25, 6.5], "rotation": 90, "texture": "#0"},
				"down": {"uv": [6.75, 6.5, 6.5, 8.75], "rotation": 270, "texture": "#0"}
			}
		},
		{
			"name": "side3",
			"from": [3, 2, 4],
			"to": [4, 11, 13],
			"rotation": {"angle": 0, "axis": "y", "origin": [8, 3.75, 8]},
			"faces": {
				"north": {"uv": [5.5, 6.75, 5.75, 8.75], "texture": "#0"},
				"east": {"uv": [11.5, 0, 13.75, 2.25], "texture": "#0"},
				"south": {"uv": [5.25, 6.75, 5.5, 9], "texture": "#0"},
				"west": {"uv": [9.25, 0, 11.5, 2.25], "texture": "#0"},
				"up": {"uv": [8.75, 4.5, 6.5, 4.25], "rotation": 90, "texture": "#0"},
				"down": {"uv": [8.75, 4.5, 6.5, 4.75], "rotation": 270, "texture": "#0"}
			}
		},
		{
			"name": "side4",
			"from": [3, 2, 3],
			"to": [12, 11, 4],
			"rotation": {"angle": 0, "axis": "y", "origin": [8, 3.75, 8]},
			"faces": {
				"north": {"uv": [9.25, 0, 11.5, 2.25], "texture": "#0"},
				"east": {"uv": [5.75, 6.75, 6, 8.75], "texture": "#0"},
				"south": {"uv": [11.5, 0, 13.75, 2.25], "texture": "#0"},
				"west": {"uv": [6, 6.75, 6.25, 9], "texture": "#0"},
				"up": {"uv": [7, 2.25, 6.75, 0], "rotation": 90, "texture": "#0"},
				"down": {"uv": [4.25, 6.75, 4, 9], "rotation": 270, "texture": "#0"}
			}
		}
	],
	"display": {
		"thirdperson_righthand": {
			"rotation": [90, 0, 0],
			"translation": [0, 2.5, 0.75],
			"scale": [0.5, 0.5, 0.5]
		},
		"thirdperson_lefthand": {
			"rotation": [90, 0, 0],
			"translation": [0, 2.5, 0.75],
			"scale": [0.5, 0.5, 0.5]
		},
		"firstperson_righthand": {
			"rotation": [-10, 95, 0],
			"translation": [-2.25, 5.25, 1.5],
			"scale": [0.5, 0.5, 0.5]
		},
		"firstperson_lefthand": {
			"rotation": [-10, 95, 0],
			"translation": [-2.25, 5.25, 1.5],
			"scale": [0.5, 0.5, 0.5]
		},
		"ground": {
			"translation": [0, 3.25, 0],
			"scale": [0.6, 0.6, 0.6]
		},
		"gui": {
			"rotation": [30, 45, 0],
			"translation": [0, 1.25, 0],
			"scale": [0.75, 0.75, 0.75]
		},
		"head": {
			"translation": [0, 12.5, 0],
			"scale": [0.75, 0.75, 0.75]
		},
		"fixed": {
			"translation": [0, 2.75, 0.25]
		}
	},
	"groups": [
		{
			"name": "group",
			"origin": [5, 2, 4],
			"color": 0,
			"children": [
				0,
				{
					"name": "bucket",
					"origin": [5, 2, 4],
					"color": 0,
					"children": [1, 2, 3, 4, 5]
				}
			]
		}
	]
}