{
	"format_version": "1.21.6",
	"credit": "Made with Blockbench",
	"texture_size": [32, 32],
	"textures": {
		"0": "item/carrot_3d",
		"particle": "item/food_particles/carrot"
	},
	"elements": [
		{
			"name": "leaf1",
			"from": [7.9999, 12.9999, 3.9999],
			"to": [8.0001, 19.0001, 12.0001],
			"rotation": {"angle": -45, "axis": "y", "origin": [8, 15, 8]},
			"faces": {
				"east": {"uv": [0, 0, 4, 3], "texture": "#0"},
				"west": {"uv": [0, 3, 4, 6], "texture": "#0"}
			}
		},
		{
			"name": "leaf2",
			"from": [7.9999, 12.9999, 3.9999],
			"to": [8.0001, 19.0001, 12.0001],
			"rotation": {"angle": 45, "axis": "y", "origin": [8, 15, 8]},
			"faces": {
				"east": {"uv": [4, 0, 8, 3], "texture": "#0"},
				"west": {"uv": [4, 3, 8, 6], "texture": "#0"}
			}
		},
		{
			"name": "tap_root3",
			"from": [7, 0, 7],
			"to": [9, 2, 9],
			"rotation": {"angle": 0, "axis": "y", "origin": [7.5, -4, 7.5]},
			"faces": {
				"north": {"uv": [9.5, 4, 10.5, 5], "texture": "#0"},
				"east": {"uv": [4.5, 9.5, 5.5, 10.5], "texture": "#0"},
				"south": {"uv": [9.5, 5, 10.5, 6], "texture": "#0"},
				"west": {"uv": [5.5, 9.5, 6.5, 10.5], "texture": "#0"},
				"down": {"uv": [7.5, 9.5, 6.5, 10.5], "texture": "#0"}
			}
		},
		{
			"name": "tap_root1",
			"from": [6, 6, 6],
			"to": [10, 13, 10],
			"rotation": {"angle": 0, "axis": "y", "origin": [7.5, 1, 7.5]},
			"faces": {
				"north": {"uv": [0, 6, 2, 9.5], "texture": "#0"},
				"east": {"uv": [2, 6, 4, 9.5], "texture": "#0"},
				"south": {"uv": [4, 6, 6, 9.5], "texture": "#0"},
				"west": {"uv": [6, 6, 8, 9.5], "texture": "#0"},
				"up": {"uv": [10, 2, 8, 0], "texture": "#0"},
				"down": {"uv": [10, 2, 8, 4], "texture": "#0"}
			}
		},
		{
			"name": "tap_root2",
			"from": [6.5, 2, 6.5],
			"to": [9.5, 6, 9.5],
			"rotation": {"angle": 0, "axis": "y", "origin": [7.5, 0, 7.5]},
			"faces": {
				"north": {"uv": [8, 4, 9.5, 6], "texture": "#0"},
				"east": {"uv": [8, 6, 9.5, 8], "texture": "#0"},
				"south": {"uv": [8, 8, 9.5, 10], "texture": "#0"},
				"west": {"uv": [0, 9.5, 1.5, 11.5], "texture": "#0"},
				"down": {"uv": [4.5, 9.5, 3, 11], "texture": "#0"}
			}
		}
	],
	"display": {
		"thirdperson_righthand": {
			"rotation": [-180, -90, -90],
			"translation": [0, 1, 2.25],
			"scale": [0.5, 0.5, 0.5]
		},
		"thirdperson_lefthand": {
			"rotation": [-180, -90, -90],
			"translation": [0, 1, 2.25],
			"scale": [0.5, 0.5, 0.5]
		},
		"firstperson_righthand": {
			"rotation": [18, -109, 20],
			"translation": [-1.5, 4.5, 4.25],
			"scale": [0.3, 0.3, 0.3]
		},
		"firstperson_lefthand": {
			"rotation": [18, -109, 20],
			"translation": [-1.5, 4.5, 4.25],
			"scale": [0.3, 0.3, 0.3]
		},
		"ground": {
			"translation": [0, 3.25, 0],
			"scale": [0.4, 0.4, 0.4]
		},
		"gui": {
			"rotation": [0, 35, -45],
			"translation": [-0.75, -1.25, 0],
			"scale": [0.9, 0.9, 0.9]
		},
		"head": {
			"translation": [0, 4.5, 0.75]
		},
		"fixed": {
			"translation": [0, -1, 1.5]
		}
	},
	"groups": [
		{
			"name": "carrot",
			"origin": [8, 15, 8],
			"color": 0,
			"children": [
				{
					"name": "leafs",
					"origin": [8, 15, 8],
					"color": 0,
					"children": [0, 1]
				},
				{
					"name": "tap_root",
					"origin": [7.5, 0, 7.5],
					"color": 0,
					"children": [2, 3, 4]
				}
			]
		}
	]
}