{
	"format_version": "1.21.6",
	"credit": "Made with Blockbench",
	"texture_size": [32, 32],
	"textures": {
		"1": "item/baked_potato_3d",
		"particle": "item/baked_potato"
	},
	"elements": [
		{
			"name": "baked_potato1",
			"from": [5.5, 0, 3.5],
			"to": [10.5, 4, 8.5],
			"rotation": {"angle": 0, "axis": "y", "origin": [-1.5, 0, -3.5]},
			"faces": {
				"north": {"uv": [5, 0, 7.5, 2], "texture": "#1"},
				"east": {"uv": [2, 4.5, 4.5, 6.5], "texture": "#1"},
				"south": {"uv": [7.5, 0, 10, 2], "texture": "#1"},
				"west": {"uv": [4.5, 4.5, 7, 6.5], "texture": "#1"},
				"up": {"uv": [2.5, 4.5, 0, 2], "texture": "#1"},
				"down": {"uv": [5, 2, 2.5, 4.5], "texture": "#1"}
			}
		},
		{
			"from": [7.37656, 2.87055, 4.5],
			"to": [9.37656, 4.87055, 6.5],
			"rotation": {"angle": 22.5, "axis": "z", "origin": [9.62656, 4.74555, 5.5]},
			"faces": {
				"north": {"uv": [0, 6.5, 1, 7.5], "texture": "#1"},
				"east": {"uv": [1, 6.5, 2, 7.5], "texture": "#1"},
				"south": {"uv": [2, 6.5, 3, 7.5], "texture": "#1"},
				"west": {"uv": [3, 6.5, 4, 7.5], "texture": "#1"},
				"up": {"uv": [4, 6.5, 5, 7.5], "texture": "#1"},
				"down": {"uv": [5, 6.5, 6, 7.5], "texture": "#1"}
			}
		},
		{
			"from": [7.37756, 2.87155, 7.501],
			"to": [9.37556, 4.86955, 8.499],
			"rotation": {"angle": 22.5, "axis": "z", "origin": [9.62656, 4.74555, 5.5]},
			"faces": {
				"north": {"uv": [0, 6.5, 1, 7.5], "texture": "#1"},
				"east": {"uv": [1.5, 6.5, 2, 7.5], "texture": "#1"},
				"south": {"uv": [2, 6.5, 3, 7.5], "texture": "#1"},
				"west": {"uv": [3, 6.5, 3.5, 7.5], "texture": "#1"},
				"up": {"uv": [4, 6.5, 5, 7], "texture": "#1"},
				"down": {"uv": [5, 7, 6, 7.5], "texture": "#1"}
			}
		},
		{
			"from": [6.62444, 2.87155, 6.501],
			"to": [8.62244, 4.86955, 8.499],
			"rotation": {"angle": -22.5, "axis": "z", "origin": [6.37344, 4.74555, 10.5]},
			"faces": {
				"north": {"uv": [0, 6.5, 1, 7.5], "texture": "#1"},
				"east": {"uv": [1, 6.5, 2, 7.5], "texture": "#1"},
				"south": {"uv": [2, 6.5, 3, 7.5], "texture": "#1"},
				"west": {"uv": [3, 6.5, 4, 7.5], "texture": "#1"},
				"up": {"uv": [5, 7.5, 4, 6.5], "texture": "#1"},
				"down": {"uv": [6, 6.5, 5, 7.5], "texture": "#1"}
			}
		}
	],
	"display": {
		"thirdperson_righthand": {
			"translation": [0, 4.4, 2.25],
			"scale": [0.55, 0.55, 0.55]
		},
		"thirdperson_lefthand": {
			"translation": [0, 4.4, 2.25],
			"scale": [0.55, 0.55, 0.55]
		},
		"firstperson_righthand": {
			"rotation": [-16, -85, -8],
			"translation": [-3, 10, 0.75],
			"scale": [0.5, 0.5, 0.5]
		},
		"firstperson_lefthand": {
			"rotation": [-16, -85, -8],
			"translation": [-3, 10, 0.75],
			"scale": [0.5, 0.5, 0.5]
		},
		"ground": {
			"translation": [0, 3.5, 0],
			"scale": [0.5, 0.5, 0.5]
		},
		"gui": {
			"rotation": [30, -45, 0],
			"translation": [0, 6, 0],
			"scale": [1.25, 1.25, 1.25]
		},
		"head": {
			"translation": [-0.5, 14.5, -0.5]
		},
		"fixed": {
			"rotation": [0, 90, 0],
			"translation": [-1, 7.75, 1.75],
			"scale": [1.5, 1.5, 1.5]
		}
	},
	"groups": [
		{
			"name": "baked_potato",
			"origin": [0, 5, 8],
			"color": 0,
			"children": [0, 1, 2, 3]
		}
	]
}