{
  "model": {
    "type": "minecraft:select",
    "property": "minecraft:display_context",
    "cases": [
      {
        "when": [
          "gui",
          "fixed"
        ],
        "model": {
          "type": "minecraft:model",
          "model": "minecraft:item/golden_apple"
        }
      },
      {
        "when": [
          "firstperson_righthand",
          "firstperson_lefthand"
        ],
        "model": {
          "type": "minecraft:condition",
          "property": "minecraft:using_item",
          "on_true": {
            "type": "minecraft:range_dispatch",
            "property": "minecraft:use_duration",
            "entries": [
              {
                "threshold": 0,
                "model": {
                  "type": "minecraft:model",
                  "model": "item/eatinganimation/enchanted_golden_apple_firstperson/enchanted_golden_apple_eat_0"
                }
              },
              {
                "threshold": 6.4,
                "model": {
                  "type": "minecraft:model",
                  "model": "item/eatinganimation/enchanted_golden_apple_firstperson/enchanted_golden_apple_eat_1"
                }
              },
              {
                "threshold": 12.8,
                "model": {
                  "type": "minecraft:model",
                  "model": "item/eatinganimation/enchanted_golden_apple_firstperson/enchanted_golden_apple_eat_2"
                }
              },
              {
                "threshold": 19.2,
                "model": {
                  "type": "minecraft:model",
                  "model": "item/eatinganimation/enchanted_golden_apple_firstperson/enchanted_golden_apple_eat_3"
                }
              },
              {
                "threshold": 25.6,
                "model": {
                  "type": "minecraft:model",
                  "model": "item/eatinganimation/enchanted_golden_apple_firstperson/enchanted_golden_apple_eat_4"
                }
              },
              {
                "threshold": 31.5,
                "model": {
                  "type": "minecraft:model",
                  "model": "item/enchanted_golden_apple_3d_firstperson"
                }
              }
            ]
          },
          "on_false": {
            "type": "minecraft:model",
            "model": "item/enchanted_golden_apple_3d_firstperson"
          }
        }
      }
    ],
    "fallback": {
      "type": "minecraft:condition",
      "property": "minecraft:using_item",
      "on_true": {
        "type": "minecraft:range_dispatch",
        "property": "minecraft:use_duration",
        "entries": [
          {
            "threshold": 0,
            "model": {
              "type": "minecraft:model",
              "model": "item/eatinganimation/enchanted_golden_apple_thirdperson/enchanted_golden_apple_eat_0"
            }
          },
          {
            "threshold": 6.4,
            "model": {
              "type": "minecraft:model",
              "model": "item/eatinganimation/enchanted_golden_apple_thirdperson/enchanted_golden_apple_eat_1"
            }
          },
          {
            "threshold": 12.8,
            "model": {
              "type": "minecraft:model",
              "model": "item/eatinganimation/enchanted_golden_apple_thirdperson/enchanted_golden_apple_eat_2"
            }
          },
          {
            "threshold": 19.2,
            "model": {
              "type": "minecraft:model",
              "model": "item/eatinganimation/enchanted_golden_apple_thirdperson/enchanted_golden_apple_eat_3"
            }
          },
          {
            "threshold": 25.6,
            "model": {
              "type": "minecraft:model",
              "model": "item/eatinganimation/enchanted_golden_apple_thirdperson/enchanted_golden_apple_eat_4"
            }
          },
          {
            "threshold": 31.5,
            "model": {
              "type": "minecraft:model",
              "model": "item/enchanted_golden_apple_3d_thirdperson"
            }
          }
        ]
      },
      "on_false": {
        "type": "minecraft:model",
        "model": "item/enchanted_golden_apple_3d_thirdperson"
      }
    }
  }
}