{
  "model": {
    "type": "minecraft:select",
    "property": "minecraft:display_context",
    "cases": [
      {
        "when": [
          "gui",
          "fixed"
        ],
        "model": {
          "type": "minecraft:model",
          "model": "minecraft:item/rabbit"
        }
      }
    ],
    "fallback": {
      "type": "minecraft:condition",
      "property": "minecraft:using_item",
      "on_true": {
        "type": "minecraft:range_dispatch",
        "property": "minecraft:use_duration",
        "entries": [
              {
                "threshold": 0,
                "model": {
                  "type": "minecraft:model",
                  "model": "item/eatinganimation/rabbit/rabbit_eat_0"
                }
              },
              {
                "threshold": 8,
                "model": {
                  "type": "minecraft:model",
                  "model": "item/eatinganimation/rabbit/rabbit_eat_1"
                }
              },
              {
                "threshold": 16,
                "model": {
                  "type": "minecraft:model",
                  "model": "item/eatinganimation/rabbit/rabbit_eat_2"
                }
              },
              {
                "threshold": 24,
                "model": {
                  "type": "minecraft:model",
                  "model": "item/eatinganimation/rabbit/rabbit_eat_3"
                }
              },
		            {
                "threshold": 31.5,
                "model": {
                  "type": "minecraft:model",
                  "model": "item/rabbit_3d"
                }
              }
            ]
      },
      "on_false": {
        "type": "minecraft:model",
        "model": "item/rabbit_3d"
      }
    }
  }
}