{
	"multipart":[
				{ "apply": [
							{ "model": "block/crimson_fungus", "y": 0,		"weight":	91	 },
							{ "model": "block/crimson_fungus", "y": 90,		"weight":	88	 },
							{ "model": "block/crimson_fungus", "y": 270,		"weight":	88	 },
							{ "model": "block/crimson_fungus", "y": 180,		"weight":	88	 },
							{ "model": "block/crimson_fungus_1", "y": 0,		"weight":	93	 },
							{ "model": "block/crimson_fungus_1", "y": 90,	"weight":	93	 },
							{ "model": "block/crimson_fungus_1", "y": 180,	"weight":	93	 },
							{ "model": "block/crimson_fungus_1", "y": 270,	"weight":	92	 }
							]                 
				},                            
											  
				{ "apply": [                  
							{ "model": "block/crimson_fungus_2", "y": 0,		"weight":	26	 },
							{ "model": "block/crimson_fungus_2", "y": 90,	"weight":	25	 },
							{ "model": "block/crimson_fungus_2", "y": 180,	"weight":	23	 },
							{ "model": "block/crimson_fungus_2", "y": 270,	"weight":	28	 },

							{ "model": "block/crimson_fungus_3", "y": 0,		"weight":	26	 },
							{ "model": "block/crimson_fungus_3", "y": 90,	"weight":	25	 },
							{ "model": "block/crimson_fungus_3", "y": 180,	"weight":	23	 },
							{ "model": "block/crimson_fungus_3", "y": 270,	"weight":	28	 },
							{ "model": "block/_placeholder", "weight": 93}
							]
				}
	]
}