{
	"format_version": "1.21.11",
	"credit": "Made by TheWaschtlPlays using Blockbench",
	"textures": {
		"honey": "block/beehive_front_honey"
	},
	"elements": [
		{
			"name": "Honey",
			"from": [6, 5, 1],
			"to": [8, 6, 2],
			"faces": {
				"north": {"uv": [8, 10, 10, 11], "texture": "#honey", "cullface": "north"},
				"east": {"uv": [8, 10, 9, 11], "texture": "#honey", "cullface": "north"}
			}
		},
		{
			"name": "Honey",
			"from": [8, 5, 1.25],
			"to": [10, 6, 2],
			"faces": {
				"north": {"uv": [6, 10, 8, 11], "texture": "#honey", "cullface": "north"}
			}
		},
		{
			"name": "Honey",
			"from": [7, 4, 0.75],
			"to": [8, 5, 1],
			"faces": {
				"north": {"uv": [8, 11, 9, 12], "texture": "#honey", "cullface": "north"},
				"east": {"uv": [8, 11, 9, 12], "texture": "#honey", "cullface": "north"},
				"west": {"uv": [8, 11, 8.25, 12], "texture": "#honey", "cullface": "north"},
				"up": {"uv": [8, 11, 9, 12], "texture": "#honey", "cullface": "north"},
				"down": {"uv": [8, 11, 9, 12], "texture": "#honey", "cullface": "north"}
			}
		},
		{
			"name": "Honey",
			"from": [13, 11, 0.6],
			"to": [15, 12, 1],
			"rotation": {"angle": 0, "axis": "y", "origin": [9, 8, 8]},
			"faces": {
				"north": {"uv": [1, 4, 3, 5], "texture": "#honey", "cullface": "north"},
				"west": {"uv": [2, 4, 3, 5], "texture": "#honey", "cullface": "north"},
				"down": {"uv": [3, 4, 1, 4.4], "texture": "#honey", "cullface": "north"}
			}
		},
		{
			"name": "Honey",
			"from": [1.00003, 11, 0.6],
			"to": [5.00003, 12, 1],
			"faces": {
				"north": {"uv": [11, 4, 15, 5], "texture": "#honey", "cullface": "north"},
				"east": {"uv": [11, 4, 11.4, 5], "rotation": 180, "texture": "#honey", "cullface": "north"},
				"down": {"uv": [11, 4, 15, 4.4], "rotation": 180, "texture": "#honey", "cullface": "north"}
			}
		},
		{
			"name": "Honey",
			"from": [8.00001, 11, 0.85],
			"to": [12.00001, 12, 1],
			"faces": {
				"north": {"uv": [4, 4, 8, 5], "texture": "#honey", "cullface": "north"},
				"east": {"uv": [4, 4, 4.15, 5], "texture": "#honey", "cullface": "north"},
				"west": {"uv": [7, 4, 7.15, 5], "texture": "#honey", "cullface": "north"},
				"down": {"uv": [8, 4, 4, 4.15], "texture": "#honey", "cullface": "north"}
			}
		},
		{
			"name": "Honey",
			"from": [6, 5, 0.7],
			"to": [7, 6, 1],
			"faces": {
				"north": {"uv": [9, 10, 10, 11], "texture": "#honey", "cullface": "north"},
				"east": {"uv": [9, 10, 9.3, 11], "texture": "#honey", "cullface": "north"},
				"west": {"uv": [9, 10, 9.3, 11], "texture": "#honey", "cullface": "north"},
				"up": {"uv": [9, 11, 10, 12], "texture": "#honey", "cullface": "north"},
				"down": {"uv": [9, 10, 10, 11], "texture": "#honey", "cullface": "north"}
			}
		}
	],
	"groups": [
		{
			"name": "Honey",
			"origin": [8, 8, 8],
			"color": 0,
			"children": [0, 1, 2, 3, 4, 5, 6]
		}
	]
}