{
	"format_version": "1.21.6",
	"credit": "Made with Blockbench",
	"parent": "minecraft:item/beef_3d",
	"texture_size": [32, 32],
	"textures": {
		"1": "item/eatinganimation/cooked_beef/cooked_beef_eat_1",
		"particle": "item/cooked_beef"
	},
	"elements": [
		{
			"name": "beef",
			"from": [5.5, 0.5, 9.5],
			"to": [7.5, 2.5, 10.5],
			"rotation": {"angle": 0, "axis": "y", "origin": [8, 1.5, 9]},
			"faces": {
				"north": {"uv": [6.5, 0, 7.5, 1], "texture": "#1"},
				"east": {"uv": [1.5, 4.5, 2, 5.5], "texture": "#1"},
				"south": {"uv": [5, 1, 6, 2], "texture": "#1"},
				"west": {"uv": [7.5, 4.5, 8, 5.5], "texture": "#1"},
				"up": {"uv": [2.5, 1.5, 1.5, 1], "texture": "#1"},
				"down": {"uv": [5, 1, 4, 1.5], "texture": "#1"}
			}
		},
		{
			"name": "beef",
			"from": [5.5, 0.5, 8.5],
			"to": [8.5, 2.5, 9.5],
			"rotation": {"angle": 0, "axis": "y", "origin": [8, 1.5, 9]},
			"faces": {
				"north": {"uv": [6, 0, 7.5, 1], "texture": "#1"},
				"east": {"uv": [1.5, 4.5, 2, 5.5], "texture": "#1"},
				"south": {"uv": [5, 1, 6.5, 2], "texture": "#1"},
				"west": {"uv": [7, 4.5, 7.5, 5.5], "texture": "#1"},
				"up": {"uv": [2.5, 2, 1, 1.5], "texture": "#1"},
				"down": {"uv": [5, 1.5, 3.5, 2], "texture": "#1"}
			}
		},
		{
			"name": "beef",
			"from": [5.5, 0.5, 3.5],
			"to": [10.5, 2.5, 8.5],
			"rotation": {"angle": 0, "axis": "y", "origin": [8, 1.5, 8]},
			"faces": {
				"north": {"uv": [5, 0, 7.5, 1], "texture": "#1"},
				"east": {"uv": [2, 4.5, 4.5, 5.5], "texture": "#1"},
				"south": {"uv": [5, 1, 7.5, 2], "texture": "#1"},
				"west": {"uv": [4.5, 4.5, 7, 5.5], "texture": "#1"},
				"up": {"uv": [2.5, 4.5, 0, 2], "texture": "#1"},
				"down": {"uv": [5, 2, 2.5, 4.5], "texture": "#1"}
			}
		}
	],
	"display": {
		"firstperson_righthand": {
			"rotation": [-7, -84, 0],
			"translation": [1.75, 7.25, 1.25]
		},
		"firstperson_lefthand": {
			"rotation": [-7, -84, 0],
			"translation": [1.75, 7.25, 1.25]
		}
	},
	"groups": [
		{
			"name": "beef",
			"origin": [-10, 2, 0],
			"color": 0,
			"children": [0, 1, 2]
		}
	]
}