{
	"credit": "cyberia was here",
	"textures": {
		"1": "block/big_dripleaf_side",
		"2": "block/big_dripleaf_stem",
		"3": "block/big_dripleaf_tip",
		"4": "block/big_dripleaf_top",
		"particle": "block/big_dripleaf_side"
	},
	"elements": [
		{
			"from": [0, 15, 0],
			"to": [16, 15, 16],
			"shade": false,
			"faces": {
				"up": {"uv": [0, 0, 16, 16], "texture": "#4"},
				"down": {"uv": [0, 16, 16, 0], "texture": "#4"}
			}
		},
		{
			"from": [0, 11, 0],
			"to": [16, 15, 0.002],
			"shade": false,
			"faces": {
				"north": {"uv": [0, 0, 16, 4], "texture": "#3", "cullface": "north"},
				"south": {"uv": [16, 0, 0, 4], "texture": "#3"}
			}
		},
		{
			"from": [0, 11, 0],
			"to": [0.002, 15, 16],
			"shade": false,
			"faces": {
				"east": {"uv": [16, 0, 0, 4], "texture": "#1"},
				"west": {"uv": [0, 0, 16, 4], "texture": "#1", "cullface": "west"}
			}
		},
		{
			"from": [15.998, 11, 0],
			"to": [16, 15, 16],
			"shade": false,
			"faces": {
				"east": {"uv": [16, 0, 0, 4], "texture": "#1", "cullface": "east"},
				"west": {"uv": [0, 0, 16, 4], "texture": "#1"}
			}
		},
		{
			"from": [5, 0, 12],
			"to": [11, 15, 12],
			"shade": false,
			"rotation": {"angle": 45, "axis": "y", "origin": [8, 8, 12], "rescale": true},
			"faces": {
				"north": {"uv": [3, 0, 14, 16], "texture": "#2"},
				"south": {"uv": [3, 0, 14, 16], "texture": "#2"}
			}
		},
		{
			"from": [5, 0, 12],
			"to": [11, 15, 12],
			"shade": false,
			"rotation": {"angle": -45, "axis": "y", "origin": [8, 8, 12], "rescale": true},
			"faces": {
				"north": {"uv": [3, 0, 14, 16], "texture": "#2"},
				"south": {"uv": [3, 0, 14, 16], "texture": "#2"}
			}
		}
	],
	"display": {
		"thirdperson_righthand": {
			"translation": [0, 3, -0.75],
			"scale": [0.375, 0.375, 0.375]
		},
		"thirdperson_lefthand": {
			"translation": [0, 3, -0.75],
			"scale": [0.375, 0.375, 0.375]
		},
		"firstperson_righthand": {
			"rotation": [0, 45, 0],
			"translation": [-2, 2.5, 1.75],
			"scale": [0.4, 0.4, 0.4]
		},
		"firstperson_lefthand": {
			"rotation": [0, 45, 0],
			"translation": [-2, 2.5, 1.75],
			"scale": [0.4, 0.4, 0.4]
		},
		"ground": {
			"translation": [0, 3, 0],
			"scale": [0.375, 0.375, 0.375]
		},
		"gui": {
			"rotation": [30, 135, 0],
			"translation": [0.75, -3.5, 0],
			"scale": [0.7, 0.7, 0.7]
		},
		"head": {
			"translation": [0, 11.5, 0],
			"scale": [0.625, 0.625, 0.625]
		},
		"fixed": {
			"translation": [0, -2, -1.75],
			"scale": [0.75, 0.75, 0.75]
		}
	}
}