{
	"format_version": "1.21.6",
	"credit": "cyberia was here",
	"textures": {
		"0": "block/dead_bubble_coral_fan",
		"1": "block/dead_bubble_coral_block",
		"particle": "block/dead_bubble_coral_fan"
	},
	"elements": [
		{
			"name": "block",
			"from": [4, -2, 4],
			"to": [12, 6, 12],
			"rotation": {"angle": 45, "axis": "y", "origin": [8, 2, 8]},
			"faces": {
				"north": {"uv": [8, 0, 16, 8], "texture": "#1"},
				"east": {"uv": [8, 0, 16, 8], "texture": "#1"},
				"south": {"uv": [8, 0, 16, 8], "texture": "#1"},
				"west": {"uv": [8, 0, 16, 8], "texture": "#1"},
				"up": {"uv": [16, 8, 8, 0], "texture": "#1"},
				"down": {"uv": [8, 8, 0, 16], "texture": "#1"}
			}
		},
		{
			"from": [2, 6.17478, 7.12132],
			"to": [14, 6.17478, 19.12132],
			"shade": false,
			"rotation": {"angle": -22.5, "axis": "x", "origin": [8, 8.2961, 8]},
			"faces": {
				"up": {"uv": [16, 16, 0, 0], "texture": "#0"},
				"down": {"uv": [16, 0, 0, 16], "texture": "#0"}
			}
		},
		{
			"from": [2, 6.17478, -3.12132],
			"to": [14, 6.17478, 8.87868],
			"shade": false,
			"rotation": {"angle": 22.5, "axis": "x", "origin": [8, 8.2961, 8]},
			"faces": {
				"up": {"uv": [0, 0, 16, 16], "texture": "#0"},
				"down": {"uv": [0, 16, 16, 0], "texture": "#0"}
			}
		},
		{
			"from": [7.12132, 6.17478, 2],
			"to": [19.12132, 6.17478, 14],
			"shade": false,
			"rotation": {"angle": 22.5, "axis": "z", "origin": [8, 8.2961, 8]},
			"faces": {
				"up": {"uv": [0, 0, 16, 16], "rotation": 90, "texture": "#0"},
				"down": {"uv": [0, 16, 16, 0], "rotation": 270, "texture": "#0"}
			}
		},
		{
			"from": [-3.12132, 6.17478, 2],
			"to": [8.87868, 6.17478, 14],
			"shade": false,
			"rotation": {"angle": -22.5, "axis": "z", "origin": [8, 8.2961, 8]},
			"faces": {
				"up": {"uv": [0, 0, 16, 16], "rotation": 270, "texture": "#0"},
				"down": {"uv": [0, 16, 16, 0], "rotation": 90, "texture": "#0"}
			}
		}
	],
	"display": {
		"thirdperson_righthand": {
			"rotation": [0, 45, 0],
			"translation": [0, 1.75, -0.5],
			"scale": [0.375, 0.375, 0.375]
		},
		"thirdperson_lefthand": {
			"rotation": [0, 45, 0],
			"translation": [0, 1.75, -0.5],
			"scale": [0.375, 0.375, 0.375]
		},
		"firstperson_righthand": {
			"translation": [0, 4.25, 1.75],
			"scale": [0.4, 0.4, 0.4]
		},
		"firstperson_lefthand": {
			"translation": [0, 4.25, 1.75],
			"scale": [0.4, 0.4, 0.4]
		},
		"ground": {
			"translation": [0, 5, 0],
			"scale": [0.375, 0.375, 0.375]
		},
		"gui": {
			"rotation": [30, 90, 0],
			"translation": [0, 1, 0],
			"scale": [0.75, 0.75, 0.75]
		},
		"head": {
			"translation": [0, 11.5, 0],
			"scale": [0.625, 0.625, 0.625]
		},
		"fixed": {
			"rotation": [0, 45, 0],
			"translation": [0, 1.75, 0],
			"scale": [0.65, 0.65, 0.65]
		}
	}
}