{
	"format_version": "1.21.6",
	"credit": "cyberia was here",
	"textures": {
		"4": "block/azalea_plant",
		"5": "block/flowering_azalea_side",
		"6": "block/flowering_azalea_top"
	},
	"elements": [
		{
			"from": [0, 22, 0],
			"to": [16, 22, 16],
			"rotation": {"angle": 0, "axis": "y", "origin": [0, 6, 0]},
			"faces": {
				"up": {"uv": [0, 0, 16, 16], "texture": "#6", "cullface": "up"},
				"down": {"uv": [0, 16, 16, 0], "texture": "#6"}
			}
		},
		{
			"from": [0, 11, 0],
			"to": [16, 22, 0.01],
			"rotation": {"angle": 0, "axis": "y", "origin": [0, 6, 0]},
			"faces": {
				"north": {"uv": [0, 0, 16, 11], "texture": "#5", "cullface": "north"},
				"south": {"uv": [16, 0, 0, 11], "texture": "#5"}
			}
		},
		{
			"from": [0, 11, 15.99],
			"to": [16, 22, 16],
			"rotation": {"angle": 0, "axis": "y", "origin": [0, 6, 0]},
			"faces": {
				"north": {"uv": [16, 0, 0, 11], "texture": "#5"},
				"south": {"uv": [0, 0, 16, 11], "texture": "#5", "cullface": "south"}
			}
		},
		{
			"from": [0, 11, 0],
			"to": [0.01, 22, 16],
			"rotation": {"angle": 0, "axis": "y", "origin": [0, 6, 0]},
			"faces": {
				"east": {"uv": [16, 0, 0, 11], "texture": "#5"},
				"west": {"uv": [0, 0, 16, 11], "texture": "#5", "cullface": "west"}
			}
		},
		{
			"from": [15.99, 11, 0],
			"to": [16, 22, 16],
			"rotation": {"angle": 0, "axis": "y", "origin": [0, 6, 0]},
			"faces": {
				"east": {"uv": [0, 0, 16, 11], "texture": "#5", "cullface": "east"},
				"west": {"uv": [16, 0, 0, 11], "texture": "#5"}
			}
		},
		{
			"from": [8, 6, 0.1],
			"to": [8, 21.9, 15.9],
			"rotation": {"angle": 45, "axis": "y", "origin": [8, 14, 8], "rescale": true},
			"faces": {
				"east": {"uv": [0, 0, 16, 16], "texture": "#4"},
				"west": {"uv": [0, 0, 16, 16], "texture": "#4"}
			}
		},
		{
			"from": [0.1, 6, 8],
			"to": [15.9, 21.9, 8],
			"rotation": {"angle": 45, "axis": "y", "origin": [8, 14, 8], "rescale": true},
			"faces": {
				"north": {"uv": [0, 0, 16, 16], "texture": "#4"},
				"south": {"uv": [0, 0, 16, 16], "texture": "#4"}
			}
		}
	],
	"display": {
		"thirdperson_righthand": {
			"rotation": [0, 45, 0],
			"translation": [0, 1.75, -0.5],
			"scale": [0.375, 0.375, 0.375]
		},
		"thirdperson_lefthand": {
			"rotation": [0, 45, 0],
			"translation": [0, 1.75, -0.5],
			"scale": [0.375, 0.375, 0.375]
		},
		"firstperson_righthand": {
			"rotation": [0, 45, 0],
			"translation": [0, 4.25, 1.75],
			"scale": [0.4, 0.4, 0.4]
		},
		"firstperson_lefthand": {
			"rotation": [0, 45, 0],
			"translation": [0, 4.25, 1.75],
			"scale": [0.4, 0.4, 0.4]
		},
		"ground": {
			"translation": [0, 5, 0],
			"scale": [0.375, 0.375, 0.375]
		},
		"gui": {
			"rotation": [30, 45, 0],
			"translation": [0, -0.75, 0],
			"scale": [0.45, 0.45, 0.45]
		},
		"head": {
			"translation": [0, 11.5, 0],
			"scale": [0.625, 0.625, 0.625]
		},
		"fixed": {
			"translation": [0, -0.75, 0],
			"scale": [0.5, 0.5, 0.5]
		}
	}
}