{
	"format_version": "1.21.6",
	"credit": "cyberia was here",
	"textures": {
		"1": "block/mangrove_propagule"
	},
	"elements": [
		{
			"name": "hypocotyl",
			"from": [7.25, 6, 8],
			"to": [8.75, 12.75, 8],
			"rotation": {"angle": 45, "axis": "y", "origin": [8, 6, 8], "rescale": true},
			"faces": {
				"north": {"uv": [7, 7, 9, 16], "texture": "#1"},
				"south": {"uv": [7, 7, 9, 16], "texture": "#1"}
			}
		},
		{
			"name": "hypocotyl",
			"from": [8, 6, 7.25],
			"to": [8, 12.75, 8.75],
			"rotation": {"angle": 45, "axis": "y", "origin": [8, 6, 8], "rescale": true},
			"faces": {
				"east": {"uv": [7, 7, 9, 16], "texture": "#1"},
				"west": {"uv": [7, 7, 9, 16], "texture": "#1"}
			}
		},
		{
			"name": "leaves",
			"from": [5.375, 12.75, 8],
			"to": [10.625, 17.25, 8],
			"rotation": {"angle": 45, "axis": "y", "origin": [8, 6, 8], "rescale": true},
			"faces": {
				"north": {"uv": [4, 1, 11, 7], "texture": "#1"},
				"south": {"uv": [4, 1, 11, 7], "texture": "#1"}
			}
		},
		{
			"name": "leaves",
			"from": [8, 12.75, 5.375],
			"to": [8, 17.25, 10.625],
			"rotation": {"angle": 45, "axis": "y", "origin": [8, 6, 8], "rescale": true},
			"faces": {
				"east": {"uv": [4, 1, 11, 7], "texture": "#1"},
				"west": {"uv": [4, 1, 11, 7], "texture": "#1"}
			}
		}
	],
	"display": {
		"thirdperson_righthand": {
			"rotation": [0, 45, 0],
			"translation": [0, 1.75, -0.5],
			"scale": [0.375, 0.375, 0.375]
		},
		"thirdperson_lefthand": {
			"rotation": [0, 45, 0],
			"translation": [0, 1.75, -0.5],
			"scale": [0.375, 0.375, 0.375]
		},
		"firstperson_righthand": {
			"rotation": [0, 45, 0],
			"translation": [0, 4.25, 1.75],
			"scale": [0.4, 0.4, 0.4]
		},
		"firstperson_lefthand": {
			"rotation": [0, 45, 0],
			"translation": [0, 4.25, 1.75],
			"scale": [0.4, 0.4, 0.4]
		},
		"ground": {
			"translation": [0, 5, 0],
			"scale": [0.375, 0.375, 0.375]
		},
		"gui": {
			"rotation": [30, 45, 0],
			"translation": [0, 1.5, 0],
			"scale": [0.625, 0.625, 0.625]
		},
		"head": {
			"translation": [0, 11.5, 0],
			"scale": [0.625, 0.625, 0.625]
		},
		"fixed": {
			"translation": [0, 1.75, 0],
			"scale": [0.65, 0.65, 0.65]
		}
	}
}