{
	"format_version": "1.21.11",
	"credit": "cyberia was here",
	"textures": {
		"0": "block/pitcher_crop_top_stage_4",
		"1": "block/pitcher_crop_bottom_stage_4",
		"particle": "block/pitcher_crop_top_stage_4"
	},
	"elements": [
		{
			"name": "pitcher_plant_top",
			"from": [0, 11, 8],
			"to": [16, 19, 8],
			"shade": false,
			"rotation": {"angle": 45, "axis": "y", "origin": [8, 35, 8]},
			"faces": {
				"north": {"uv": [0, 8, 16, 16], "texture": "#0"},
				"east": {"uv": [0, 8, 0, 16], "texture": "#0"},
				"south": {"uv": [0, 8, 16, 16], "texture": "#0"},
				"west": {"uv": [0, 8, 0, 16], "texture": "#0"},
				"up": {"uv": [0, 0, 16, 0], "texture": "#0"},
				"down": {"uv": [0, 0, 16, 0], "texture": "#0"}
			}
		},
		{
			"name": "pitcher_plant_top",
			"from": [0, 19, 8],
			"to": [16, 27, 8],
			"shade": false,
			"rotation": {"angle": 45, "axis": "y", "origin": [8, 35, 8]},
			"faces": {
				"north": {"uv": [0, 0, 16, 8], "texture": "#0"},
				"east": {"uv": [0, 0, 0, 8], "texture": "#0"},
				"south": {"uv": [0, 0, 16, 8], "texture": "#0"},
				"west": {"uv": [0, 0, 0, 8], "texture": "#0"},
				"up": {"uv": [0, 0, 16, 0], "texture": "#0"},
				"down": {"uv": [0, 0, 16, 0], "texture": "#0"}
			}
		},
		{
			"name": "pitcher_plant_top",
			"from": [8, 11, 0],
			"to": [8, 19, 16],
			"shade": false,
			"rotation": {"angle": 45, "axis": "y", "origin": [8, 35, 8]},
			"faces": {
				"north": {"uv": [0, 8, 0, 16], "texture": "#0"},
				"east": {"uv": [0, 8, 16, 16], "texture": "#0"},
				"south": {"uv": [0, 8, 0, 16], "texture": "#0"},
				"west": {"uv": [0, 8, 16, 16], "texture": "#0"},
				"up": {"uv": [0, 0, 16, 0], "rotation": 90, "texture": "#0"},
				"down": {"uv": [0, 0, 16, 0], "rotation": 270, "texture": "#0"}
			}
		},
		{
			"name": "pitcher_plant_top",
			"from": [8, 19, 0],
			"to": [8, 27, 16],
			"shade": false,
			"rotation": {"angle": 45, "axis": "y", "origin": [8, 35, 8]},
			"faces": {
				"north": {"uv": [0, 0, 0, 8], "texture": "#0"},
				"east": {"uv": [0, 0, 16, 8], "texture": "#0"},
				"south": {"uv": [0, 0, 0, 8], "texture": "#0"},
				"west": {"uv": [0, 0, 16, 8], "texture": "#0"},
				"up": {"uv": [0, 0, 16, 0], "rotation": 90, "texture": "#0"},
				"down": {"uv": [0, 0, 16, 0], "rotation": 270, "texture": "#0"}
			}
		},
		{
			"name": "pitcher_plant_bottom",
			"from": [8, -5, 0],
			"to": [8, 3, 16],
			"shade": false,
			"rotation": {"angle": 45, "axis": "y", "origin": [8, 3, 8]},
			"faces": {
				"north": {"uv": [0, 8, 0, 16], "texture": "#1"},
				"east": {"uv": [0, 8, 16, 16], "texture": "#1"},
				"south": {"uv": [0, 8, 0, 16], "texture": "#1"},
				"west": {"uv": [0, 8, 16, 16], "texture": "#1"},
				"up": {"uv": [0, 0, 16, 0], "rotation": 90, "texture": "#1"},
				"down": {"uv": [0, 0, 16, 0], "rotation": 270, "texture": "#1"}
			}
		},
		{
			"name": "pitcher_plant_bottom",
			"from": [8, 3, 0],
			"to": [8, 11, 16],
			"shade": false,
			"rotation": {"angle": 45, "axis": "y", "origin": [8, 3, 8]},
			"faces": {
				"north": {"uv": [0, 0, 0, 8], "texture": "#1"},
				"east": {"uv": [0, 0, 16, 8], "texture": "#1"},
				"south": {"uv": [0, 0, 0, 8], "texture": "#1"},
				"west": {"uv": [0, 0, 16, 8], "texture": "#1"},
				"up": {"uv": [0, 0, 16, 0], "rotation": 90, "texture": "#1"},
				"down": {"uv": [0, 0, 16, 0], "rotation": 270, "texture": "#1"}
			}
		},
		{
			"name": "pitcher_plant_bottom",
			"from": [0, -5, 8],
			"to": [16, 3, 8],
			"shade": false,
			"rotation": {"angle": 45, "axis": "y", "origin": [8, 3, 8]},
			"faces": {
				"north": {"uv": [0, 8, 16, 16], "texture": "#1"},
				"east": {"uv": [0, 8, 0, 16], "texture": "#1"},
				"south": {"uv": [0, 8, 16, 16], "texture": "#1"},
				"west": {"uv": [0, 8, 0, 16], "texture": "#1"},
				"up": {"uv": [0, 0, 16, 0], "texture": "#1"},
				"down": {"uv": [0, 0, 16, 0], "texture": "#1"}
			}
		},
		{
			"name": "pitcher_plant_bottom",
			"from": [0, 3, 8],
			"to": [16, 11, 8],
			"shade": false,
			"rotation": {"angle": 45, "axis": "y", "origin": [8, 3, 8]},
			"faces": {
				"north": {"uv": [0, 0, 16, 8], "texture": "#1"},
				"east": {"uv": [0, 0, 0, 8], "texture": "#1"},
				"south": {"uv": [0, 0, 16, 8], "texture": "#1"},
				"west": {"uv": [0, 0, 0, 8], "texture": "#1"},
				"up": {"uv": [0, 0, 16, 0], "texture": "#1"},
				"down": {"uv": [0, 0, 16, 0], "texture": "#1"}
			}
		}
	],
	"display": {
		"thirdperson_righthand": {
			"translation": [0, 2.5, 0.5],
			"scale": [0.375, 0.375, 0.375]
		},
		"thirdperson_lefthand": {
			"translation": [0, 2.5, 0.5],
			"scale": [0.375, 0.375, 0.375]
		},
		"firstperson_righthand": {
			"rotation": [0, 45, 0],
			"translation": [0, 4.25, 1.75],
			"scale": [0.4, 0.4, 0.4]
		},
		"firstperson_lefthand": {
			"rotation": [0, 45, 0],
			"translation": [0, 4.25, 1.75],
			"scale": [0.4, 0.4, 0.4]
		},
		"ground": {
			"translation": [0, 3, 0],
			"scale": [0.375, 0.375, 0.375]
		},
		"gui": {
			"rotation": [30, 0, 0],
			"translation": [0, -3.25, 0],
			"scale": [0.6, 0.6, 0.6]
		},
		"head": {
			"translation": [0, 11.5, 0],
			"scale": [0.625, 0.625, 0.625]
		},
		"fixed": {
			"rotation": [0, 45, 0],
			"translation": [0, -3.25, 1],
			"scale": [0.6, 0.6, 0.6]
		}
	}
}