{
	"format_version": "1.21.6",
	"credit": "cyberia was here",
	"texture_size": [64, 64],
	"textures": {
		"0": "item/bucket_3d",
		"1": "item/water_bucket_3d",
		"2": "item/salmon_bucket_3d",
		"particle": "item/bucket_3d"
	},
	"elements": [
		{
			"name": "bottom",
			"from": [4, 0, 4],
			"to": [12, 2, 12],
			"rotation": {"angle": 0, "axis": "y", "origin": [4, 0, 5]},
			"faces": {
				"north": {"uv": [2, 6, 4, 6.5], "texture": "#0"},
				"east": {"uv": [4, 6, 6, 6.5], "texture": "#0"},
				"south": {"uv": [6, 6, 8, 6.5], "texture": "#0"},
				"west": {"uv": [2, 6.5, 4, 7], "texture": "#0"},
				"up": {"uv": [6.5, 6, 4.5, 4], "texture": "#0"},
				"down": {"uv": [2, 6, 0, 8], "texture": "#0"}
			}
		},
		{
			"name": "side1",
			"from": [3, 2, 3],
			"to": [12, 11, 4],
			"rotation": {"angle": 0, "axis": "y", "origin": [4, 3, 4]},
			"faces": {
				"north": {"uv": [9.25, 0, 11.5, 2.25], "texture": "#0"},
				"east": {"uv": [4.25, 6.75, 4.5, 8.75], "texture": "#0"},
				"south": {"uv": [11.5, 0, 13.75, 2.25], "texture": "#0"},
				"west": {"uv": [4.5, 6.75, 4.75, 9], "texture": "#0"},
				"up": {"uv": [6.25, 6.75, 4, 6.5], "texture": "#0"},
				"down": {"uv": [8.75, 4, 6.5, 4.25], "texture": "#0"}
			}
		},
		{
			"name": "side2",
			"from": [12, 2, 3],
			"to": [13, 11, 12],
			"rotation": {"angle": 0, "axis": "y", "origin": [5, 3, 4]},
			"faces": {
				"north": {"uv": [4.75, 6.75, 5, 9], "texture": "#0"},
				"east": {"uv": [9.25, 0, 11.5, 2.25], "texture": "#0"},
				"south": {"uv": [5, 6.75, 5.25, 8.75], "texture": "#0"},
				"west": {"uv": [11.5, 0, 13.75, 2.25], "texture": "#0"},
				"up": {"uv": [6.5, 8.75, 6.25, 6.5], "texture": "#0"},
				"down": {"uv": [6.75, 6.5, 6.5, 8.75], "texture": "#0"}
			}
		},
		{
			"name": "side3",
			"from": [4, 2, 12],
			"to": [13, 11, 13],
			"rotation": {"angle": 0, "axis": "y", "origin": [5, 3, 13]},
			"faces": {
				"north": {"uv": [11.5, 0, 13.75, 2.25], "texture": "#0"},
				"east": {"uv": [5.25, 6.75, 5.5, 9], "texture": "#0"},
				"south": {"uv": [9.25, 0, 11.5, 2.25], "texture": "#0"},
				"west": {"uv": [5.5, 6.75, 5.75, 8.75], "texture": "#0"},
				"up": {"uv": [8.75, 4.5, 6.5, 4.25], "texture": "#0"},
				"down": {"uv": [8.75, 4.5, 6.5, 4.75], "texture": "#0"}
			}
		},
		{
			"name": "side4",
			"from": [3, 2, 4],
			"to": [4, 11, 13],
			"rotation": {"angle": 0, "axis": "y", "origin": [-4, 3, 5]},
			"faces": {
				"north": {"uv": [5.75, 6.75, 6, 8.75], "texture": "#0"},
				"east": {"uv": [11.5, 0, 13.75, 2.25], "texture": "#0"},
				"south": {"uv": [6, 6.75, 6.25, 9], "texture": "#0"},
				"west": {"uv": [9.25, 0, 11.5, 2.25], "texture": "#0"},
				"up": {"uv": [7, 2.25, 6.75, 0], "texture": "#0"},
				"down": {"uv": [4.25, 6.75, 4, 9], "texture": "#0"}
			}
		},
		{
			"from": [4, 3, 4],
			"to": [12, 10, 12],
			"rotation": {"angle": 0, "axis": "y", "origin": [10, 8, 8.1]},
			"faces": {
				"north": {"uv": [4, 12, 12, 4], "texture": "#1", "tintindex": 0},
				"east": {"uv": [4, 12, 12, 4], "texture": "#1", "tintindex": 0},
				"south": {"uv": [4, 12, 12, 4], "texture": "#1"},
				"west": {"uv": [4, 12, 12, 4], "texture": "#1", "tintindex": 0},
				"up": {"uv": [4, 4, 12, 12], "texture": "#1", "tintindex": 0},
				"down": {"uv": [4, 4, 12, 12], "texture": "#1", "tintindex": 0}
			}
		},
		{
			"name": "head",
			"from": [7, 11.07107, 2.636],
			"to": [9, 15.07107, 6.636],
			"rotation": {"angle": 22.5, "axis": "x", "origin": [8, 14.48528, 5.6503]},
			"faces": {
				"north": {"uv": [12, 2, 13, 4], "texture": "#2"},
				"east": {"uv": [10, 2, 12, 4], "texture": "#2"},
				"south": {"uv": [15, 2, 16, 4], "texture": "#2"},
				"west": {"uv": [13, 2, 15, 4], "texture": "#2"},
				"up": {"uv": [13, 2, 12, 0], "texture": "#2"},
				"down": {"uv": [14, 0, 13, 2], "texture": "#2"}
			}
		},
		{
			"name": "body_front",
			"from": [6.5, 6, 1.1],
			"to": [9.5, 11, 9.1],
			"rotation": {"angle": 45, "axis": "x", "origin": [8, 6, 9.1]},
			"faces": {
				"north": {"uv": [4, 4, 5.5, 6.5], "texture": "#2"},
				"east": {"uv": [0, 4, 4, 6.5], "texture": "#2"},
				"south": {"uv": [9.5, 4, 11, 6.5], "texture": "#2"},
				"west": {"uv": [5.5, 4, 9.5, 6.5], "texture": "#2"},
				"up": {"uv": [5.5, 4, 4, 0], "texture": "#2"},
				"down": {"uv": [7, 0, 5.5, 4], "texture": "#2"}
			}
		},
		{
			"name": "body_back",
			"from": [6.5, 6, 9.1],
			"to": [9.5, 11, 9.1],
			"rotation": {"angle": 45, "axis": "x", "origin": [8, 6, 9.1]},
			"faces": {
				"north": {"uv": [4, 10.5, 5.5, 13], "texture": "#2"},
				"east": {"uv": [4, 10.5, 4, 13], "texture": "#2"},
				"south": {"uv": [9.5, 10.5, 11, 13], "texture": "#2"},
				"west": {"uv": [5.5, 10.5, 5.5, 13], "texture": "#2"},
				"up": {"uv": [5.5, 10.5, 4, 10.5], "texture": "#2"},
				"down": {"uv": [7, 10.5, 5.5, 10.5], "texture": "#2"}
			}
		},
		{
			"name": "body_back",
			"from": [6.5, 6, 9.1],
			"to": [9.5, 10, 10.1],
			"rotation": {"angle": 45, "axis": "x", "origin": [8, 6, 9.1]},
			"faces": {
				"north": {"uv": [4, 11, 5.5, 13], "texture": "#2"},
				"east": {"uv": [3.5, 11, 4, 13], "texture": "#2"},
				"south": {"uv": [9.5, 11, 11, 13], "texture": "#2"},
				"west": {"uv": [5.5, 11, 6, 13], "texture": "#2"},
				"up": {"uv": [5.5, 10.5, 4, 10], "texture": "#2"},
				"down": {"uv": [7, 10, 5.5, 10.5], "texture": "#2"}
			}
		},
		{
			"name": "body_back",
			"from": [6.5, 6, 10.1],
			"to": [9.5, 9, 11.1],
			"rotation": {"angle": 45, "axis": "x", "origin": [8, 6, 9.1]},
			"faces": {
				"north": {"uv": [4, 11.5, 5.5, 13], "texture": "#2"},
				"east": {"uv": [3, 11.5, 3.5, 13], "texture": "#2"},
				"south": {"uv": [9.5, 11.5, 11, 13], "texture": "#2"},
				"west": {"uv": [6, 11.5, 6.5, 13], "texture": "#2"},
				"up": {"uv": [5.5, 10, 4, 9.5], "texture": "#2"},
				"down": {"uv": [7, 9.5, 5.5, 10], "texture": "#2"}
			}
		},
		{
			"name": "body_back",
			"from": [6.5, 6, 11.1],
			"to": [9.5, 8, 12.1],
			"rotation": {"angle": 45, "axis": "x", "origin": [8, 6, 9.1]},
			"faces": {
				"north": {"uv": [4, 12, 5.5, 13], "texture": "#2"},
				"east": {"uv": [2.5, 12, 3, 13], "texture": "#2"},
				"south": {"uv": [9.5, 12, 11, 13], "texture": "#2"},
				"west": {"uv": [6.5, 12, 7, 13], "texture": "#2"},
				"up": {"uv": [5.5, 9.5, 4, 9], "texture": "#2"},
				"down": {"uv": [7, 9, 5.5, 9.5], "texture": "#2"}
			}
		},
		{
			"name": "body_back",
			"from": [6.5, 6, 12.1],
			"to": [9.5, 7, 13.1],
			"rotation": {"angle": 45, "axis": "x", "origin": [8, 6, 9.1]},
			"faces": {
				"north": {"uv": [4, 12.5, 5.5, 13], "texture": "#2"},
				"east": {"uv": [2, 12.5, 2.5, 13], "texture": "#2"},
				"south": {"uv": [9.5, 12.5, 11, 13], "texture": "#2"},
				"west": {"uv": [7, 12.5, 7.5, 13], "texture": "#2"},
				"up": {"uv": [5.5, 9, 4, 8.5], "texture": "#2"},
				"down": {"uv": [7, 8.5, 5.5, 9], "texture": "#2"}
			}
		},
		{
			"name": "fin_left",
			"from": [4.499, 10.999, 3.85636],
			"to": [6.501, 11.001, 5.85836],
			"rotation": {"angle": 0, "axis": "x", "origin": [5.5, 10.65685, 4.85736]},
			"faces": {
				"north": {"uv": [0, 2, 1, 2], "texture": "#2"},
				"east": {"uv": [-1, 2, 0, 2], "texture": "#2"},
				"south": {"uv": [2, 2, 3, 2], "texture": "#2"},
				"west": {"uv": [1, 2, 2, 2], "texture": "#2"},
				"up": {"uv": [1, 2, 0, 1], "texture": "#2"},
				"down": {"uv": [2, 1, 1, 2], "texture": "#2"}
			}
		},
		{
			"name": "fin_right",
			"from": [9.499, 10.999, 3.85636],
			"to": [11.501, 11.001, 5.85836],
			"rotation": {"angle": 0, "axis": "x", "origin": [10.5, 10.65685, 4.85736]},
			"faces": {
				"north": {"uv": [0, 1, 1, 1], "texture": "#2"},
				"east": {"uv": [-1, 1, 0, 1], "texture": "#2"},
				"south": {"uv": [2, 1, 3, 1], "texture": "#2"},
				"west": {"uv": [1, 1, 2, 1], "texture": "#2"},
				"up": {"uv": [1, 1, 0, 0], "texture": "#2"},
				"down": {"uv": [2, 0, 1, 1], "texture": "#2"}
			}
		},
		{
			"name": "fin_back_1",
			"from": [8, 11, 6.1],
			"to": [8, 13, 8.1],
			"rotation": {"angle": 45, "axis": "x", "origin": [8, 6, 9.1]},
			"faces": {
				"north": {"uv": [2.5, 2, 2.5, 3], "texture": "#2"},
				"east": {"uv": [1.5, 2, 2.5, 3], "texture": "#2"},
				"south": {"uv": [4, 2, 4, 3], "texture": "#2"},
				"west": {"uv": [2.5, 2, 3.5, 3], "texture": "#2"},
				"up": {"uv": [2.5, 2, 2.5, 1], "texture": "#2"},
				"down": {"uv": [2.5, 1, 2.5, 2], "texture": "#2"}
			}
		}
	],
	"display": {
		"thirdperson_righthand": {
			"rotation": [90, -90, 0],
			"translation": [0, 2.5, 0.75],
			"scale": [0.5, 0.5, 0.5]
		},
		"thirdperson_lefthand": {
			"rotation": [90, -90, 0],
			"translation": [0, 2.5, 0.75],
			"scale": [0.5, 0.5, 0.5]
		},
		"firstperson_righthand": {
			"rotation": [0, 102, 0],
			"translation": [0.5, 3.5, 1],
			"scale": [0.5, 0.5, 0.5]
		},
		"firstperson_lefthand": {
			"rotation": [0, 102, 0],
			"translation": [0.5, 3.5, 1],
			"scale": [0.5, 0.5, 0.5]
		},
		"ground": {
			"translation": [0, 3.25, 0],
			"scale": [0.6, 0.6, 0.6]
		},
		"gui": {
			"rotation": [30, 135, 0],
			"translation": [0, 1.25, 0],
			"scale": [0.75, 0.75, 0.75]
		},
		"head": {
			"translation": [0, 12.5, 0],
			"scale": [0.75, 0.75, 0.75]
		},
		"fixed": {
			"translation": [0.25, 0.25, 0.25]
		}
	},
	"groups": [
		{
			"name": "bucket",
			"origin": [5, 2, 4],
			"color": 0,
			"children": [0, 1, 2, 3, 4]
		},
		5,
		{
			"name": "head2",
			"origin": [0, 2.5, -7.9],
			"color": 0,
			"children": [
				{
					"name": "head",
					"origin": [0, 2.5, -7.9],
					"color": 0,
					"children": [6]
				},
				{
					"name": "body_front",
					"origin": [0, 2.5, -7.9],
					"color": 0,
					"children": [7]
				},
				{
					"name": "body_back",
					"origin": [0, 2.5, 0.1],
					"color": 0,
					"children": [8, 9, 10, 11, 12]
				},
				{
					"name": "fin_left",
					"origin": [-1.5, 1, -7.9],
					"rotation": [0, 0, 45],
					"color": 0,
					"children": [13]
				},
				{
					"name": "fin_right",
					"origin": [1.5, 1, -7.9],
					"rotation": [0, 0, -45],
					"color": 0,
					"children": [14]
				},
				{
					"name": "fin_back_1",
					"origin": [0, 7, -2.9],
					"color": 0,
					"children": [15]
				},
				{
					"name": "fin_back_2",
					"origin": [0, 7, -0.9],
					"color": 0,
					"children": []
				},
				{
					"name": "tail",
					"origin": [0, 2.5, 8.1],
					"color": 0,
					"children": []
				}
			]
		}
	]
}