{
	"format_version": "1.21.6",
	"credit": "Made with Blockbench",
	"texture_size": [32, 32],
	"textures": {
		"0": "item/beetroot_3d",
		"2": "item/plated_food/plate_3d",
		"particle": "item/beetroot"
	},
	"elements": [
		{
			"name": "stem2",
			"from": [6.4999, 3.5999, 0.90475],
			"to": [9.5001, 3.6001, 5.90495],
			"rotation": {"angle": -22.5, "axis": "y", "origin": [8, 3.5, 5.90485]},
			"faces": {
				"up": {"uv": [7.5, 2.5, 9, 0], "texture": "#0"},
				"down": {"uv": [7.5, 2.5, 9, 0], "rotation": 180, "texture": "#0"}
			}
		},
		{
			"name": "stem3",
			"from": [6.4999, 3.3999, 0.90475],
			"to": [9.5001, 3.4001, 5.90495],
			"rotation": {"angle": 22.5, "axis": "y", "origin": [8, 3.5, 5.90485]},
			"faces": {
				"up": {"uv": [9, 2.5, 10.5, 0], "texture": "#0"},
				"down": {"uv": [9, 2.5, 10.5, 0], "rotation": 180, "texture": "#0"}
			}
		},
		{
			"name": "bulb1",
			"from": [5.5, 1, 5.40485],
			"to": [10.5, 6, 10.40485],
			"rotation": {"angle": 0, "axis": "y", "origin": [-1.5, -6, 10.40485]},
			"faces": {
				"north": {"uv": [0, 5, 2.5, 7.5], "texture": "#0"},
				"east": {"uv": [0, 2.5, 2.5, 5], "rotation": 90, "texture": "#0"},
				"south": {"uv": [5, 2.5, 7.5, 0], "rotation": 180, "texture": "#0"},
				"west": {"uv": [2.5, 2.5, 5, 5], "rotation": 270, "texture": "#0"},
				"up": {"uv": [2.5, 0, 5, 2.5], "texture": "#0"},
				"down": {"uv": [0, 0, 2.5, 2.5], "rotation": 180, "texture": "#0"}
			}
		},
		{
			"name": "bulb2",
			"from": [6, 1.5, 10.40485],
			"to": [10, 5.5, 11.40485],
			"rotation": {"angle": 0, "axis": "y", "origin": [-1.5, -6, 11.40485]},
			"faces": {
				"east": {"uv": [7.5, 5.5, 9.5, 6], "rotation": 90, "texture": "#0"},
				"south": {"uv": [9.5, 8, 11.5, 6], "rotation": 180, "texture": "#0"},
				"west": {"uv": [7.5, 4.5, 9.5, 5], "rotation": 270, "texture": "#0"},
				"up": {"uv": [7.5, 7.5, 9.5, 8], "texture": "#0"},
				"down": {"uv": [7.5, 6.5, 9.5, 7], "rotation": 180, "texture": "#0"}
			}
		},
		{
			"name": "root",
			"from": [6.9999, 3.4999, 11.40475],
			"to": [10.0001, 3.5001, 13.40495],
			"rotation": {"angle": 0, "axis": "y", "origin": [7, 3.5, 13.40485]},
			"faces": {
				"up": {"uv": [3, 5, 4.5, 6], "texture": "#0"},
				"down": {"uv": [4.5, 5, 3, 6], "rotation": 180, "texture": "#0"}
			}
		},
		{
			"name": "plate",
			"from": [2, 0, 2],
			"to": [14, 1, 14],
			"rotation": {"angle": 0, "axis": "y", "origin": [2, 0, 2]},
			"faces": {
				"north": {"uv": [0, 6, 6, 6.5], "texture": "#2"},
				"east": {"uv": [6, 0, 12, 0.5], "texture": "#2"},
				"south": {"uv": [6, 0.5, 12, 1], "texture": "#2"},
				"west": {"uv": [6, 1, 12, 1.5], "texture": "#2"},
				"up": {"uv": [6, 6, 0, 0], "texture": "#2"},
				"down": {"uv": [6, 1.5, 12, 7.5], "texture": "#2"}
			}
		}
	],
	"display": {
		"thirdperson_righthand": {
			"rotation": [70, 90, 0],
			"translation": [0, 3.75, 2.75],
			"scale": [0.5, 0.5, 0.5]
		},
		"thirdperson_lefthand": {
			"rotation": [70, -90, 0],
			"translation": [0, 3.75, 2.75],
			"scale": [0.5, 0.5, 0.5]
		},
		"firstperson_righthand": {
			"rotation": [0, -128, 0],
			"translation": [0, 6.5, 1.5],
			"scale": [0.6, 0.6, 0.6]
		},
		"firstperson_lefthand": {
			"rotation": [0, -128, 0],
			"translation": [0, 6.5, 1.5],
			"scale": [0.6, 0.6, 0.6]
		},
		"ground": {
			"translation": [0, 4.25, 0],
			"scale": [0.6, 0.6, 0.6]
		},
		"gui": {
			"rotation": [30, -45, 0],
			"translation": [0, 1.75, 0],
			"scale": [0.8, 0.8, 0.8]
		},
		"head": {
			"translation": [0, 14.4, 0]
		},
		"fixed": {
			"rotation": [-90, 90, 0],
			"translation": [0, 0, -14.08],
			"scale": [2.01, 2.01, 2.01]
		}
	},
	"groups": [
		{
			"name": "beetroot",
			"origin": [11.5, 12, 13.90485],
			"color": 0,
			"children": [
				{
					"name": "stem",
					"origin": [11.5, 12, 13.90485],
					"color": 0,
					"children": [0, 1]
				},
				{
					"name": "bulb",
					"origin": [2, 4, 4.40485],
					"color": 0,
					"children": [2, 3]
				},
				{
					"name": "root",
					"origin": [10.5, 2, 13.90485],
					"color": 0,
					"children": [4]
				}
			]
		},
		5
	]
}