{
	"format_version": "1.21.6",
	"credit": "Made with Blockbench",
	"textures": {
		"0": "item/spider_eye_3d",
		"2": "item/plated_food/plate_3d",
		"particle": "item/spider_eye"
	},
	"elements": [
		{
			"from": [6, 1, 8],
			"to": [10, 5, 12],
			"rotation": {"angle": 0, "axis": "y", "origin": [8, 3, 8]},
			"faces": {
				"north": {"uv": [4, 13, 0, 9], "rotation": 180, "texture": "#0"},
				"east": {"uv": [8, 5, 4, 9], "rotation": 270, "texture": "#0"},
				"south": {"uv": [12, 8, 8, 12], "texture": "#0"},
				"west": {"uv": [12, 4, 8, 8], "rotation": 90, "texture": "#0"},
				"up": {"uv": [8, 4, 12, 0], "texture": "#0"},
				"down": {"uv": [0, 9, 4, 5], "rotation": 180, "texture": "#0"}
			}
		},
		{
			"from": [8, 1.5, 3.5],
			"to": [8, 4.5, 8.5],
			"rotation": {"angle": 0, "axis": "y", "origin": [8, 3, 8]},
			"faces": {
				"north": {"uv": [0, 4, 0, 0], "rotation": 180, "texture": "#0"},
				"east": {"uv": [4, 0, 1, 5], "rotation": 270, "texture": "#0"},
				"south": {"uv": [0, 0, 0, 4], "texture": "#0"},
				"west": {"uv": [4, 0, 1, 5], "rotation": 90, "texture": "#0"},
				"up": {"uv": [0, 5, 0, 0], "texture": "#0"},
				"down": {"uv": [0, 5, 0, 0], "rotation": 180, "texture": "#0"}
			}
		},
		{
			"name": "plate",
			"from": [2, 0, 2],
			"to": [14, 1, 14],
			"rotation": {"angle": 0, "axis": "y", "origin": [2, 0, 2]},
			"faces": {
				"north": {"uv": [0, 6, 6, 6.5], "texture": "#2"},
				"east": {"uv": [6, 0, 12, 0.5], "texture": "#2"},
				"south": {"uv": [6, 0.5, 12, 1], "texture": "#2"},
				"west": {"uv": [6, 1, 12, 1.5], "texture": "#2"},
				"up": {"uv": [6, 6, 0, 0], "texture": "#2"},
				"down": {"uv": [6, 1.5, 12, 7.5], "texture": "#2"}
			}
		}
	],
	"display": {
		"thirdperson_righthand": {
			"rotation": [70, -90, 0],
			"translation": [0, 3.75, 2.75],
			"scale": [0.5, 0.5, 0.5]
		},
		"thirdperson_lefthand": {
			"rotation": [70, 90, 0],
			"translation": [0, 3.75, 2.75],
			"scale": [0.5, 0.5, 0.5]
		},
		"firstperson_righthand": {
			"rotation": [0, -128, 0],
			"translation": [0, 6.5, 1.5],
			"scale": [0.6, 0.6, 0.6]
		},
		"firstperson_lefthand": {
			"rotation": [0, -128, 0],
			"translation": [0, 6.5, 1.5],
			"scale": [0.6, 0.6, 0.6]
		},
		"ground": {
			"translation": [0, 2.5, 0],
			"scale": [0.5, 0.5, 0.5]
		},
		"gui": {
			"rotation": [30, 135, 0],
			"translation": [0, 1.75, 0],
			"scale": [0.8, 0.8, 0.8]
		},
		"head": {
			"translation": [0, 14.4, 0]
		},
		"fixed": {
			"rotation": [-90, 90, 0],
			"translation": [0, 0, -14.08],
			"scale": [2.01, 2.01, 2.01]
		}
	},
	"groups": [
		{
			"name": "spider_eye",
			"origin": [8, 5, 8],
			"color": 0,
			"children": [0, 1]
		},
		2
	]
}