{
	"format_version": "1.21.6",
	"credit": "Made with Blockbench",
	"textures": {
		"0": "item/eatinganimation/rabbit/rabbit_eat_3",
		"particle": "item/rabbit"
	},
	"elements": [
		{
			"from": [8.5, 0, 4.80278],
			"to": [9.5, 3, 7.80278],
			"rotation": {"angle": 0, "axis": "y", "origin": [8, 2.73995, 8]},
			"faces": {
				"north": {"uv": [6, 8, 9, 9], "rotation": 90, "texture": "#0"},
				"east": {"uv": [0, 6, 3, 9], "rotation": 90, "texture": "#0"},
				"south": {"uv": [13, 2, 16, 3], "rotation": 90, "texture": "#0"},
				"west": {"uv": [3, 10, 6, 13], "rotation": 90, "texture": "#0"},
				"up": {"uv": [4, 2, 7, 3], "rotation": 270, "texture": "#0"},
				"down": {"uv": [0, 5, 3, 6], "rotation": 270, "texture": "#0"}
			}
		},
		{
			"from": [8.5, 0, 4.80278],
			"to": [8.5, 3, 7.80278],
			"rotation": {"angle": 0, "axis": "y", "origin": [8, 2.73995, 8]},
			"faces": {
				"north": {"uv": [6, 8, 9, 8], "rotation": 90, "texture": "#0"},
				"east": {"uv": [0, 6, 3, 9], "rotation": 90, "texture": "#0"},
				"south": {"uv": [13, 3, 16, 3], "rotation": 90, "texture": "#0"},
				"west": {"uv": [3, 10, 6, 13], "rotation": 90, "texture": "#0"},
				"up": {"uv": [4, 2, 7, 2], "rotation": 270, "texture": "#0"},
				"down": {"uv": [0, 5, 3, 5], "rotation": 270, "texture": "#0"}
			}
		},
		{
			"from": [7.5, 0, 4.80278],
			"to": [8.5, 3, 6.80278],
			"rotation": {"angle": 0, "axis": "y", "origin": [8, 2.73995, 8]},
			"faces": {
				"north": {"uv": [6, 7, 9, 8], "rotation": 90, "texture": "#0"},
				"east": {"uv": [0, 6, 3, 8], "rotation": 90, "texture": "#0"},
				"south": {"uv": [13, 3, 16, 4], "rotation": 90, "texture": "#0"},
				"west": {"uv": [3, 11, 6, 13], "rotation": 90, "texture": "#0"},
				"up": {"uv": [5, 1, 7, 2], "rotation": 270, "texture": "#0"},
				"down": {"uv": [0, 4, 2, 5], "rotation": 270, "texture": "#0"}
			}
		},
		{
			"from": [7.5, 0, 4.80278],
			"to": [7.5, 3, 6.80278],
			"rotation": {"angle": 0, "axis": "y", "origin": [8, 2.73995, 8]},
			"faces": {
				"north": {"uv": [6, 7, 9, 7], "rotation": 90, "texture": "#0"},
				"east": {"uv": [0, 6, 3, 8], "rotation": 90, "texture": "#0"},
				"south": {"uv": [13, 4, 16, 4], "rotation": 90, "texture": "#0"},
				"west": {"uv": [3, 11, 6, 13], "rotation": 90, "texture": "#0"},
				"up": {"uv": [5, 1, 7, 1], "rotation": 270, "texture": "#0"},
				"down": {"uv": [0, 4, 2, 4], "rotation": 270, "texture": "#0"}
			}
		},
		{
			"from": [6.5, 0, 4.80278],
			"to": [7.5, 3, 5.80278],
			"rotation": {"angle": 0, "axis": "y", "origin": [8, 2.73995, 8]},
			"faces": {
				"north": {"uv": [6, 6, 9, 7], "rotation": 90, "texture": "#0"},
				"east": {"uv": [0, 6, 3, 7], "rotation": 90, "texture": "#0"},
				"south": {"uv": [13, 4, 16, 5], "rotation": 90, "texture": "#0"},
				"west": {"uv": [3, 12, 6, 13], "rotation": 90, "texture": "#0"},
				"up": {"uv": [6, 0, 7, 1], "rotation": 270, "texture": "#0"},
				"down": {"uv": [0, 3, 1, 4], "rotation": 270, "texture": "#0"}
			}
		},
		{
			"from": [7.5, 0, 9.80278],
			"to": [7.5, 3, 9.80278],
			"rotation": {"angle": 0, "axis": "y", "origin": [8, 2.73995, 8]},
			"faces": {
				"north": {"uv": [6, 7, 9, 7], "rotation": 90, "texture": "#0"},
				"east": {"uv": [0, 11, 3, 11], "rotation": 90, "texture": "#0"},
				"south": {"uv": [9, 9, 12, 9], "rotation": 90, "texture": "#0"},
				"west": {"uv": [3, 8, 6, 8], "rotation": 90, "texture": "#0"},
				"up": {"uv": [2, 1, 2, 1], "rotation": 270, "texture": "#0"},
				"down": {"uv": [5, 4, 5, 4], "rotation": 270, "texture": "#0"}
			}
		},
		{
			"from": [9, 0.40683, 5.71514],
			"to": [10, 3.40683, 7.71514],
			"rotation": {"angle": 22.5, "axis": "x", "origin": [8, 2.73995, 8]},
			"faces": {
				"north": {"uv": [13, 0, 16, 1], "rotation": 90, "texture": "#0"},
				"east": {"uv": [9, 11, 12, 9], "rotation": 90, "texture": "#0"},
				"south": {"uv": [0, 0, 1, 3], "texture": "#0"},
				"west": {"uv": [10, 2, 7, 0], "rotation": 90, "texture": "#0"},
				"up": {"uv": [7, 5, 9, 6], "rotation": 270, "texture": "#0"},
				"down": {"uv": [0, 0, 1, 2], "rotation": 180, "texture": "#0"}
			}
		},
		{
			"from": [9.001, 1.62472, 4.63121],
			"to": [9.999, 2.62272, 6.62921],
			"rotation": {"angle": 45, "axis": "x", "origin": [8, 2.73995, 8]},
			"faces": {
				"north": {"uv": [0, 0, 1, 1], "texture": "#0"},
				"east": {"uv": [4, 14, 2, 15], "texture": "#0"},
				"south": {"uv": [0, 0, 1, 1], "texture": "#0"},
				"west": {"uv": [4, 14, 6, 15], "texture": "#0"},
				"up": {"uv": [6, 9, 7, 11], "rotation": 180, "texture": "#0"},
				"down": {"uv": [13, 10, 14, 12], "rotation": 180, "texture": "#0"}
			}
		}
	],
	"display": {
		"thirdperson_righthand": {
			"translation": [0, 5.95, 1.75],
			"scale": [0.75, 0.75, 0.75]
		},
		"thirdperson_lefthand": {
			"translation": [0, 5.95, 1.75],
			"scale": [0.75, 0.75, 0.75]
		},
		"firstperson_righthand": {
			"rotation": [-11, -83, 177],
			"translation": [-3.25, -2, 2]
		},
		"firstperson_lefthand": {
			"rotation": [-11, -83, 177],
			"translation": [-3.25, -2, 2]
		},
		"ground": {
			"translation": [-1, 4.25, -1.75],
			"scale": [0.75, 0.75, 0.75]
		},
		"gui": {
			"rotation": [30, 45, 0],
			"translation": [0, 6.5, 0],
			"scale": [1.5, 1.5, 1.5]
		},
		"head": {
			"rotation": [0, 90, 0],
			"translation": [0, 14.5, 0.25]
		},
		"fixed": {
			"rotation": [0, 0, -180],
			"translation": [0.25, -10.75, 1.75],
			"scale": [1.75, 1.75, 1.75]
		}
	},
	"groups": [
		0,
		1,
		2,
		3,
		4,
		5,
		{
			"name": "group",
			"origin": [6.5, 2, 8.69722],
			"color": 0,
			"children": [6, 7]
		}
	]
}