{
	"format_version": "1.21.6",
	"credit": "Made with Blockbench",
	"texture_size": [32, 32],
	"textures": {
		"0": "item/eatinganimation/cod/cod_eat_2",
		"particle": "item/cod"
	},
	"elements": [
		{
			"name": "body",
			"from": [6.99, -0.01, 7.99],
			"to": [9.01, 4.01, 13.01],
			"rotation": {"angle": 0, "axis": "y", "origin": [8, 0, 6]},
			"faces": {
				"north": {"uv": [2.5, 3.5, 3.5, 5.5], "texture": "#0"},
				"east": {"uv": [0, 3.5, 2.5, 5.5], "texture": "#0"},
				"south": {"uv": [8, 3.5, 9, 5.5], "texture": "#0"},
				"west": {"uv": [5.5, 3.5, 8, 5.5], "texture": "#0"},
				"up": {"uv": [4.5, 2.5, 3.5, 0], "texture": "#0"},
				"down": {"uv": [5.5, 0, 4.5, 2.5], "texture": "#0"}
			}
		},
		{
			"name": "head",
			"from": [7, 0, 3],
			"to": [9, 4, 6],
			"rotation": {"angle": 0, "axis": "y", "origin": [8, 0, 6]},
			"faces": {
				"north": {"uv": [7, 1.5, 8, 3.5], "texture": "#0"},
				"east": {"uv": [5.5, 1.5, 7, 3.5], "texture": "#0"},
				"south": {"uv": [2.5, 3.5, 3.5, 5.5], "texture": "#0"},
				"west": {"uv": [8, 1.5, 9.5, 3.5], "texture": "#0"},
				"up": {"uv": [8, 1.5, 7, 0], "texture": "#0"},
				"down": {"uv": [9, 0, 8, 1.5], "texture": "#0"}
			}
		},
		{
			"from": [9, 3, 5],
			"to": [8.75, 2, 4],
			"rotation": {"angle": 0, "axis": "y", "origin": [10, 2, 5]},
			"faces": {
				"north": {"uv": [1.5, 6.5, 1.75, 7], "texture": "#0"},
				"east": {"uv": [2, 6.5, 2.5, 7], "texture": "#0"},
				"south": {"uv": [1.5, 6.5, 1.75, 7], "texture": "#0"},
				"west": {"uv": [2, 6.5, 2.5, 7], "texture": "#0"},
				"up": {"uv": [1.5, 6.5, 1.75, 7], "texture": "#0"},
				"down": {"uv": [1.5, 6.5, 1.75, 7], "texture": "#0"}
			}
		},
		{
			"from": [7.25, 3, 5],
			"to": [7, 2, 4],
			"rotation": {"angle": 0, "axis": "y", "origin": [7, 2, 5]},
			"faces": {
				"north": {"uv": [1.5, 6.5, 1.75, 7], "texture": "#0"},
				"east": {"uv": [2, 6.5, 2.5, 7], "texture": "#0"},
				"south": {"uv": [1.5, 6.5, 1.75, 7], "texture": "#0"},
				"west": {"uv": [2, 6.5, 2.5, 7], "texture": "#0"},
				"up": {"uv": [1.5, 6.5, 1.75, 7], "texture": "#0"},
				"down": {"uv": [1.5, 6.5, 1.75, 7], "texture": "#0"}
			}
		},
		{
			"from": [7.75, 1.5, 5],
			"to": [8.25, 2.5, 13],
			"rotation": {"angle": 0, "axis": "y", "origin": [7, -1, 5]},
			"faces": {
				"north": {"uv": [4.5, 5.5, 5, 6], "texture": "#0"},
				"east": {"uv": [4.5, 5.5, 8.5, 6], "texture": "#0"},
				"south": {"uv": [4.5, 5.5, 5, 6], "texture": "#0"},
				"west": {"uv": [4.5, 5.5, 8.5, 6], "texture": "#0"},
				"up": {"uv": [4.5, 5.5, 5, 9.5], "texture": "#0"},
				"down": {"uv": [4.5, 5.5, 5, 9.5], "texture": "#0"}
			}
		},
		{
			"from": [7.999, -0.001, 6.999],
			"to": [8.001, 4.001, 8.001],
			"rotation": {"angle": 0, "axis": "y", "origin": [6, 1, 7]},
			"faces": {
				"north": {"uv": [0, 8.5, 0, 10.5], "texture": "#0"},
				"east": {"uv": [0, 8.5, 0.5, 10.5], "texture": "#0"},
				"south": {"uv": [0, 8.5, 0, 10.5], "texture": "#0"},
				"west": {"uv": [0, 8.5, 0.5, 10.5], "texture": "#0"},
				"up": {"uv": [5, 8, 5.5, 8.5], "texture": "#0"},
				"down": {"uv": [5, 8.5, 5.5, 9], "texture": "#0"}
			}
		},
		{
			"name": "nose",
			"from": [7, 1, 2],
			"to": [9, 4, 3],
			"rotation": {"angle": 0, "axis": "y", "origin": [8, 0, 6]},
			"faces": {
				"north": {"uv": [0.5, 0.5, 1.5, 2], "texture": "#0"},
				"east": {"uv": [0, 0.5, 0.5, 2], "texture": "#0"},
				"west": {"uv": [1.5, 0.5, 2, 2], "texture": "#0"},
				"up": {"uv": [1.5, 0.5, 0.5, 0], "texture": "#0"},
				"down": {"uv": [2.5, 0, 1.5, 0.5], "texture": "#0"}
			}
		},
		{
			"name": "fin_back",
			"from": [8, 4, 5],
			"to": [8, 5, 11],
			"rotation": {"angle": 0, "axis": "y", "origin": [8, 0, 6]},
			"faces": {
				"north": {"uv": [13, 0, 13, 0.5], "texture": "#0"},
				"east": {"uv": [16, 0, 13, 0.5], "texture": "#0"},
				"south": {"uv": [16, 0, 16, 0.5], "texture": "#0"},
				"west": {"uv": [13, 0, 16, 0.5], "texture": "#0"},
				"up": {"uv": [13, 0, 13, -3], "texture": "#0"},
				"down": {"uv": [13, -3, 13, 0], "texture": "#0"}
			}
		},
		{
			"name": "tail",
			"from": [8, 0, 13],
			"to": [8, 4, 17],
			"rotation": {"angle": 0, "axis": "y", "origin": [8, 0, 6]},
			"faces": {
				"north": {"uv": [13, 3.5, 13, 5.5], "texture": "#0"},
				"east": {"uv": [15, 3.5, 13, 5.5], "texture": "#0"},
				"south": {"uv": [15, 3.5, 15, 5.5], "texture": "#0"},
				"west": {"uv": [13, 3.5, 15, 5.5], "texture": "#0"},
				"up": {"uv": [13, 3.5, 13, 1.5], "texture": "#0"},
				"down": {"uv": [13, 1.5, 13, 3.5], "texture": "#0"}
			}
		}
	],
	"display": {
		"thirdperson_righthand": {
			"rotation": [90, 0, -180],
			"translation": [0, 0, -4.25],
			"scale": [0.75, 0.75, 0.75]
		},
		"thirdperson_lefthand": {
			"rotation": [90, 0, -180],
			"translation": [0, 0, -4.25],
			"scale": [0.75, 0.75, 0.75]
		},
		"firstperson_righthand": {
			"rotation": [0, -1, -21],
			"translation": [1.5, 10, 2.25]
		},
		"firstperson_lefthand": {
			"rotation": [0, -1, -21],
			"translation": [1.5, 9.75, 2.25]
		},
		"ground": {
			"translation": [0, 4.5, 0],
			"scale": [0.75, 0.75, 0.75]
		},
		"gui": {
			"rotation": [30, 135, 0],
			"translation": [-0.75, 5.75, 1],
			"scale": [1.2, 1.2, 1.2]
		},
		"head": {
			"translation": [-0.5, 14.5, 0]
		},
		"fixed": {
			"rotation": [0, 90, 0],
			"translation": [-1.5, 5.75, 1]
		}
	},
	"groups": [
		{
			"name": "body",
			"origin": [0, 2, 0],
			"color": 0,
			"children": [
				0,
				{
					"name": "right_fin",
					"origin": [1, 1, 0],
					"rotation": [0, 0, -45],
					"color": 0,
					"children": []
				},
				{
					"name": "left_fin",
					"origin": [-1, 1, 0],
					"rotation": [0, 0, 45],
					"color": 0,
					"children": []
				}
			]
		},
		{
			"name": "head",
			"origin": [0, 2, 0],
			"color": 0,
			"children": [1, 2, 3, 4, 5]
		},
		{
			"name": "nose",
			"origin": [0, 2, -3],
			"color": 0,
			"children": [6]
		},
		{
			"name": "fin_back",
			"origin": [0, 4, 0],
			"color": 0,
			"children": [7]
		},
		{
			"name": "tail",
			"origin": [0, 2, 7],
			"color": 0,
			"children": [8]
		}
	]
}