{
	"format_version": "1.21.6",
	"credit": "cyberia was here",
	"texture_size": [64, 64],
	"textures": {
		"0": "item/bucket_3d",
		"1": "item/water_bucket_3d",
		"2": "item/axolotl_bucket_wild_3d",
		"particle": "item/bucket_3d"
	},
	"elements": [
		{
			"name": "bottom",
			"from": [4, 0, 4],
			"to": [12, 2, 12],
			"rotation": {"angle": 0, "axis": "y", "origin": [4, 0, 5]},
			"faces": {
				"north": {"uv": [2, 6, 4, 6.5], "texture": "#0"},
				"east": {"uv": [4, 6, 6, 6.5], "texture": "#0"},
				"south": {"uv": [6, 6, 8, 6.5], "texture": "#0"},
				"west": {"uv": [2, 6.5, 4, 7], "texture": "#0"},
				"up": {"uv": [6.5, 6, 4.5, 4], "texture": "#0"},
				"down": {"uv": [2, 6, 0, 8], "texture": "#0"}
			}
		},
		{
			"name": "side1",
			"from": [3, 2, 3],
			"to": [12, 11, 4],
			"rotation": {"angle": 0, "axis": "y", "origin": [4, 3, 4]},
			"faces": {
				"north": {"uv": [9.25, 0, 11.5, 2.25], "texture": "#0"},
				"east": {"uv": [4.25, 6.75, 4.5, 8.75], "texture": "#0"},
				"south": {"uv": [11.5, 0, 13.75, 2.25], "texture": "#0"},
				"west": {"uv": [4.5, 6.75, 4.75, 9], "texture": "#0"},
				"up": {"uv": [6.25, 6.75, 4, 6.5], "texture": "#0"},
				"down": {"uv": [8.75, 4, 6.5, 4.25], "texture": "#0"}
			}
		},
		{
			"name": "side2",
			"from": [12, 2, 3],
			"to": [13, 11, 12],
			"rotation": {"angle": 0, "axis": "y", "origin": [5, 3, 4]},
			"faces": {
				"north": {"uv": [4.75, 6.75, 5, 9], "texture": "#0"},
				"east": {"uv": [9.25, 0, 11.5, 2.25], "texture": "#0"},
				"south": {"uv": [5, 6.75, 5.25, 8.75], "texture": "#0"},
				"west": {"uv": [11.5, 0, 13.75, 2.25], "texture": "#0"},
				"up": {"uv": [6.5, 8.75, 6.25, 6.5], "texture": "#0"},
				"down": {"uv": [6.75, 6.5, 6.5, 8.75], "texture": "#0"}
			}
		},
		{
			"name": "side3",
			"from": [4, 2, 12],
			"to": [13, 11, 13],
			"rotation": {"angle": 0, "axis": "y", "origin": [5, 3, 13]},
			"faces": {
				"north": {"uv": [11.5, 0, 13.75, 2.25], "texture": "#0"},
				"east": {"uv": [5.25, 6.75, 5.5, 9], "texture": "#0"},
				"south": {"uv": [9.25, 0, 11.5, 2.25], "texture": "#0"},
				"west": {"uv": [5.5, 6.75, 5.75, 8.75], "texture": "#0"},
				"up": {"uv": [8.75, 4.5, 6.5, 4.25], "texture": "#0"},
				"down": {"uv": [8.75, 4.5, 6.5, 4.75], "texture": "#0"}
			}
		},
		{
			"name": "side4",
			"from": [3, 2, 4],
			"to": [4, 11, 13],
			"rotation": {"angle": 0, "axis": "y", "origin": [-4, 3, 5]},
			"faces": {
				"north": {"uv": [5.75, 6.75, 6, 8.75], "texture": "#0"},
				"east": {"uv": [11.5, 0, 13.75, 2.25], "texture": "#0"},
				"south": {"uv": [6, 6.75, 6.25, 9], "texture": "#0"},
				"west": {"uv": [9.25, 0, 11.5, 2.25], "texture": "#0"},
				"up": {"uv": [7, 2.25, 6.75, 0], "texture": "#0"},
				"down": {"uv": [4.25, 6.75, 4, 9], "texture": "#0"}
			}
		},
		{
			"from": [4, 3, 4],
			"to": [12, 10, 12],
			"rotation": {"angle": 0, "axis": "y", "origin": [10, 8, 8]},
			"faces": {
				"north": {"uv": [4, 14, 12, 6], "texture": "#1", "tintindex": 0},
				"east": {"uv": [4, 14, 12, 6], "texture": "#1", "tintindex": 0},
				"south": {"uv": [4, 14, 12, 6], "texture": "#1"},
				"west": {"uv": [4, 14, 12, 6], "texture": "#1", "tintindex": 0},
				"up": {"uv": [4, 6, 12, 14], "texture": "#1", "tintindex": 0},
				"down": {"uv": [4, 6, 12, 14], "texture": "#1", "tintindex": 0}
			}
		},
		{
			"name": "head",
			"from": [4, 13, 2],
			"to": [12, 18, 7],
			"rotation": {"angle": 0, "axis": "y", "origin": [8, 9, 12]},
			"faces": {
				"north": {"uv": [1.25, 1.5, 3.25, 2.75], "texture": "#2"},
				"east": {"uv": [0, 1.5, 1.25, 2.75], "texture": "#2"},
				"south": {"uv": [4.5, 1.5, 6.5, 2.75], "texture": "#2"},
				"west": {"uv": [3.25, 1.5, 4.5, 2.75], "texture": "#2"},
				"up": {"uv": [3.25, 1.5, 1.25, 0.25], "texture": "#2"},
				"down": {"uv": [5.25, 0.25, 3.25, 1.5], "texture": "#2"}
			}
		},
		{
			"name": "top_gills",
			"from": [4, 18, 6],
			"to": [12, 21, 6],
			"rotation": {"angle": 0, "axis": "y", "origin": [8, 9, 12]},
			"faces": {
				"north": {"uv": [0.75, 9.25, 2.75, 10], "texture": "#2"},
				"south": {"uv": [0.75, 9.25, 2.75, 10], "texture": "#2"}
			}
		},
		{
			"name": "left_gills",
			"from": [12, 13, 6],
			"to": [15, 20, 6],
			"rotation": {"angle": 0, "axis": "y", "origin": [8, 9, 12]},
			"faces": {
				"north": {"uv": [0, 10, 0.75, 11.75], "texture": "#2"},
				"south": {"uv": [0.75, 10, 0, 11.75], "texture": "#2"}
			}
		},
		{
			"name": "right_gills",
			"from": [1, 13, 6],
			"to": [4, 20, 6],
			"rotation": {"angle": 0, "axis": "y", "origin": [8, 9, 12]},
			"faces": {
				"north": {"uv": [2.75, 10, 3.5, 11.75], "texture": "#2"},
				"south": {"uv": [3.5, 10, 2.75, 11.75], "texture": "#2"}
			}
		},
		{
			"name": "body",
			"from": [4.01, 3.01, 3.01],
			"to": [11.99, 12.99, 6.99],
			"rotation": {"angle": -22.5, "axis": "x", "origin": [8, 13, 3]},
			"faces": {
				"north": {"uv": [6.5, 2.75, 4.5, 5.25], "rotation": 180, "texture": "#2"},
				"east": {"uv": [0, 5.25, 2.5, 6.25], "rotation": 270, "texture": "#2"},
				"south": {"uv": [4.5, 5.25, 2.5, 2.75], "texture": "#2"},
				"west": {"uv": [4.5, 5.25, 7, 6.25], "rotation": 90, "texture": "#2"},
				"up": {"uv": [2.5, 5.25, 4.5, 6.25], "rotation": 180, "texture": "#2"},
				"down": {"uv": [7, 5.25, 9, 6.25], "texture": "#2"}
			}
		},
		{
			"name": "body",
			"from": [8, 3, 3],
			"to": [8, 12, 8],
			"rotation": {"angle": -22.5, "axis": "x", "origin": [8, 13, 3]},
			"faces": {
				"east": {"uv": [0.5, 6.5, 2.75, 7.75], "rotation": 270, "texture": "#2"},
				"west": {"uv": [2.75, 6.5, 0.5, 7.75], "rotation": 90, "texture": "#2"}
			}
		},
		{
			"name": "leg1",
			"from": [3.5, 8, 2.5],
			"to": [6.5, 13, 2.5],
			"rotation": {"angle": 45, "axis": "x", "origin": [5, 10.5, 2.5]},
			"faces": {
				"north": {"uv": [0.5, 3.25, 1.25, 4.5], "texture": "#2"},
				"south": {"uv": [1.25, 3.25, 2, 4.5], "texture": "#2"}
			}
		},
		{
			"name": "leg2",
			"from": [9.5, 8, 2.5],
			"to": [12.5, 13, 2.5],
			"rotation": {"angle": 45, "axis": "x", "origin": [11, 10.5, 2.5]},
			"faces": {
				"north": {"uv": [0.5, 3.25, 1.25, 4.5], "texture": "#2"},
				"south": {"uv": [1.25, 3.25, 2, 4.5], "texture": "#2"}
			}
		}
	],
	"display": {
		"thirdperson_righthand": {
			"rotation": [90, 0, 0],
			"translation": [0, 2.5, 0.75],
			"scale": [0.5, 0.5, 0.5]
		},
		"thirdperson_lefthand": {
			"rotation": [90, 0, 0],
			"translation": [0, 2.5, 0.75],
			"scale": [0.5, 0.5, 0.5]
		},
		"firstperson_righthand": {
			"rotation": [0, 129, 0],
			"translation": [0.25, 3.5, 1],
			"scale": [0.5, 0.5, 0.5]
		},
		"firstperson_lefthand": {
			"rotation": [0, 129, 0],
			"translation": [0.25, 3.5, 1],
			"scale": [0.5, 0.5, 0.5]
		},
		"ground": {
			"rotation": [90, -180, 0],
			"translation": [0, -1.5, -0.5],
			"scale": [0.5, 0.5, 0.5]
		},
		"gui": {
			"rotation": [30, 135, 0],
			"translation": [0, 0.5, 0],
			"scale": [0.75, 0.75, 0.75]
		},
		"head": {
			"translation": [0, 12.5, 0],
			"scale": [0.75, 0.75, 0.75]
		},
		"fixed": {
			"translation": [0, -0.75, 0.25]
		}
	},
	"groups": [
		{
			"name": "bucket",
			"origin": [5, 2, 4],
			"color": 0,
			"children": [0, 1, 2, 3, 4]
		},
		5,
		{
			"name": "tail",
			"origin": [0, 6, 5],
			"color": 0,
			"children": [
				{
					"name": "head",
					"origin": [0, 6, -5],
					"color": 0,
					"children": [6]
				},
				{
					"name": "top_gills",
					"origin": [0, 9, -6],
					"color": 0,
					"children": [7]
				},
				{
					"name": "left_gills",
					"origin": [4, 6, -6],
					"color": 0,
					"children": [8]
				},
				{
					"name": "right_gills",
					"origin": [-4, 6, -6],
					"color": 0,
					"children": [9]
				},
				{
					"name": "body",
					"origin": [0, 6, 4],
					"color": 0,
					"children": [10, 11]
				},
				{
					"name": "legs",
					"origin": [-3.5, 5, -4],
					"color": 0,
					"children": [12, 13]
				}
			]
		}
	]
}