{
	"format_version": "1.21.6",
	"credit": "cyberia was here",
	"texture_size": [64, 64],
	"textures": {
		"0": "item/bucket_3d",
		"2": "item/tropical_fish_bucket_water_3d",
		"3": "item/not_animated/pufferfish_bucket_3d",
		"particle": "item/bucket_3d"
	},
	"elements": [
		{
			"from": [4, 2, 4],
			"to": [12, 9, 12],
			"rotation": {"angle": 0, "axis": "y", "origin": [10, 7, 7.8]},
			"faces": {
				"north": {"uv": [4, 14, 12, 6], "texture": "#2", "tintindex": 0},
				"east": {"uv": [4, 14, 12, 6], "texture": "#2", "tintindex": 0},
				"south": {"uv": [4, 14, 12, 6], "texture": "#2"},
				"west": {"uv": [4, 14, 12, 6], "texture": "#2", "tintindex": 0},
				"up": {"uv": [4, 6, 12, 14], "texture": "#2", "tintindex": 0},
				"down": {"uv": [4, 6, 12, 14], "texture": "#2", "tintindex": 0}
			}
		},
		{
			"name": "bottom",
			"from": [4, 0, 4],
			"to": [12, 2, 12],
			"rotation": {"angle": 0, "axis": "y", "origin": [4, 0, 5]},
			"faces": {
				"north": {"uv": [2, 6, 4, 6.5], "texture": "#0"},
				"east": {"uv": [4, 6, 6, 6.5], "texture": "#0"},
				"south": {"uv": [6, 6, 8, 6.5], "texture": "#0"},
				"west": {"uv": [2, 6.5, 4, 7], "texture": "#0"},
				"up": {"uv": [6.5, 6, 4.5, 4], "texture": "#0"},
				"down": {"uv": [2, 6, 0, 8], "texture": "#0"}
			}
		},
		{
			"name": "side1",
			"from": [3, 2, 3],
			"to": [12, 11, 4],
			"rotation": {"angle": 0, "axis": "y", "origin": [4, 3, 4]},
			"faces": {
				"north": {"uv": [9.25, 0, 11.5, 2.25], "texture": "#0"},
				"east": {"uv": [4.25, 6.75, 4.5, 8.75], "texture": "#0"},
				"south": {"uv": [11.5, 0, 13.75, 2.25], "texture": "#0"},
				"west": {"uv": [4.5, 6.75, 4.75, 9], "texture": "#0"},
				"up": {"uv": [6.25, 6.75, 4, 6.5], "texture": "#0"},
				"down": {"uv": [8.75, 4, 6.5, 4.25], "texture": "#0"}
			}
		},
		{
			"name": "side2",
			"from": [12, 2, 3],
			"to": [13, 11, 12],
			"rotation": {"angle": 0, "axis": "y", "origin": [5, 3, 4]},
			"faces": {
				"north": {"uv": [4.75, 6.75, 5, 9], "texture": "#0"},
				"east": {"uv": [9.25, 0, 11.5, 2.25], "texture": "#0"},
				"south": {"uv": [5, 6.75, 5.25, 8.75], "texture": "#0"},
				"west": {"uv": [11.5, 0, 13.75, 2.25], "texture": "#0"},
				"up": {"uv": [6.5, 8.75, 6.25, 6.5], "texture": "#0"},
				"down": {"uv": [6.75, 6.5, 6.5, 8.75], "texture": "#0"}
			}
		},
		{
			"name": "side3",
			"from": [4, 2, 12],
			"to": [13, 11, 13],
			"rotation": {"angle": 0, "axis": "y", "origin": [5, 3, 13]},
			"faces": {
				"north": {"uv": [11.5, 0, 13.75, 2.25], "texture": "#0"},
				"east": {"uv": [5.25, 6.75, 5.5, 9], "texture": "#0"},
				"south": {"uv": [9.25, 0, 11.5, 2.25], "texture": "#0"},
				"west": {"uv": [5.5, 6.75, 5.75, 8.75], "texture": "#0"},
				"up": {"uv": [8.75, 4.5, 6.5, 4.25], "texture": "#0"},
				"down": {"uv": [8.75, 4.5, 6.5, 4.75], "texture": "#0"}
			}
		},
		{
			"name": "side4",
			"from": [3, 2, 4],
			"to": [4, 11, 13],
			"rotation": {"angle": 0, "axis": "y", "origin": [-4, 3, 5]},
			"faces": {
				"north": {"uv": [5.75, 6.75, 6, 8.75], "texture": "#0"},
				"east": {"uv": [11.5, 0, 13.75, 2.25], "texture": "#0"},
				"south": {"uv": [6, 6.75, 6.25, 9], "texture": "#0"},
				"west": {"uv": [9.25, 0, 11.5, 2.25], "texture": "#0"},
				"up": {"uv": [7, 2.25, 6.75, 0], "texture": "#0"},
				"down": {"uv": [4.25, 6.75, 4, 9], "texture": "#0"}
			}
		},
		{
			"name": "body",
			"from": [4, 8, 4],
			"to": [12, 16, 12],
			"rotation": {"angle": 0, "axis": "y", "origin": [8, 7, 8]},
			"faces": {
				"north": {"uv": [4, 4, 8, 8], "texture": "#3"},
				"east": {"uv": [0, 4, 4, 8], "texture": "#3"},
				"south": {"uv": [12, 4, 16, 8], "texture": "#3"},
				"west": {"uv": [8, 4, 12, 8], "texture": "#3"},
				"up": {"uv": [8, 4, 4, 0], "texture": "#3"},
				"down": {"uv": [12, 0, 8, 4], "texture": "#3"}
			}
		},
		{
			"name": "fin_left",
			"from": [2, 15, 5.01],
			"to": [4, 15, 7.01],
			"rotation": {"angle": 0, "axis": "y", "origin": [8, 7, 8]},
			"faces": {
				"up": {"uv": [14, 2.5, 13, 1.5], "texture": "#3"},
				"down": {"uv": [14, 1.5, 13, 2.5], "texture": "#3"}
			}
		},
		{
			"name": "fin_right",
			"from": [12, 15, 5.01],
			"to": [14, 15, 7.01],
			"rotation": {"angle": 0, "axis": "y", "origin": [8, 7, 8]},
			"faces": {
				"up": {"uv": [14, 1, 13, 0], "texture": "#3"},
				"down": {"uv": [14, 0, 13, 1], "texture": "#3"}
			}
		},
		{
			"name": "spikes_front_top",
			"from": [4, 13.24264, 8.65686],
			"to": [12, 14.24264, 8.65686],
			"rotation": {"angle": -45, "axis": "x", "origin": [8, 9, 3]},
			"faces": {
				"north": {"uv": [7.5, 8.5, 11.5, 9], "texture": "#3"},
				"south": {"uv": [11.5, 8.5, 7.5, 9], "texture": "#3"}
			}
		},
		{
			"name": "spikes_middle_top",
			"from": [4, 16, 8],
			"to": [12, 17, 8],
			"rotation": {"angle": 0, "axis": "y", "origin": [8, 7, 8]},
			"faces": {
				"north": {"uv": [7.5, 8.5, 11.5, 9], "texture": "#3"},
				"south": {"uv": [11.5, 8.5, 7.5, 9], "texture": "#3"}
			}
		},
		{
			"name": "spikes_back_top",
			"from": [4, 14.65686, 6.75736],
			"to": [12, 15.65686, 6.75736],
			"rotation": {"angle": 45, "axis": "x", "origin": [8, 9, 11]},
			"faces": {
				"north": {"uv": [11.5, 9, 15.5, 9.5], "texture": "#3"},
				"south": {"uv": [15.5, 9, 11.5, 9.5], "texture": "#3"}
			}
		},
		{
			"name": "spikes_front_left",
			"from": [3.70711, 8, 3.70711],
			"to": [4.70711, 16, 3.70711],
			"rotation": {"angle": -45, "axis": "y", "origin": [4, 5, 3]},
			"faces": {
				"north": {"uv": [0.5, 8.5, 1, 12.5], "texture": "#3"},
				"south": {"uv": [0.5, 8.5, 1, 12.5], "texture": "#3"}
			}
		},
		{
			"name": "spikes_front_right",
			"from": [11.29289, 8, 3.70711],
			"to": [12.29289, 16, 3.70711],
			"rotation": {"angle": 45, "axis": "y", "origin": [12, 5, 3]},
			"faces": {
				"north": {"uv": [2.5, 8.5, 3, 12.5], "texture": "#3"},
				"south": {"uv": [2.5, 8.5, 3, 12.5], "texture": "#3"}
			}
		},
		{
			"name": "spikes_back_left",
			"from": [2.29289, 8, 11.70711],
			"to": [3.29289, 16, 11.70711],
			"rotation": {"angle": 45, "axis": "y", "origin": [4, 5, 11]},
			"faces": {
				"north": {"uv": [4.5, 8.5, 5, 12.5], "texture": "#3"},
				"south": {"uv": [4.5, 8.5, 5, 12.5], "texture": "#3"}
			}
		},
		{
			"name": "spikes_back_right",
			"from": [12.70711, 8, 11.70711],
			"to": [13.70711, 16, 11.70711],
			"rotation": {"angle": -45, "axis": "y", "origin": [12, 5, 11]},
			"faces": {
				"north": {"uv": [4.5, 8.5, 5, 12.5], "texture": "#3"},
				"south": {"uv": [4.5, 8.5, 5, 12.5], "texture": "#3"}
			}
		},
		{
			"name": "spikes_front_bottom",
			"from": [4, 5.65686, -1.24264],
			"to": [12, 6.65686, -1.24264],
			"rotation": {"angle": 45, "axis": "x", "origin": [8, 1, 3]},
			"faces": {
				"north": {"uv": [7.5, 10, 11.5, 10.5], "texture": "#3"},
				"south": {"uv": [11.5, 10, 7.5, 10.5], "texture": "#3"}
			}
		},
		{
			"name": "spikes_middle_bottom",
			"from": [4, 7, 8],
			"to": [12, 8, 8],
			"rotation": {"angle": 0, "axis": "y", "origin": [8, 7, 8]},
			"faces": {
				"north": {"uv": [7.5, 10, 11.5, 10.5], "texture": "#3"},
				"south": {"uv": [11.5, 10, 7.5, 10.5], "texture": "#3"}
			}
		},
		{
			"name": "spikes_back_bottom",
			"from": [4, 4.24264, 16.65686],
			"to": [12, 5.24264, 16.65686],
			"rotation": {"angle": -45, "axis": "x", "origin": [8, 1, 11]},
			"faces": {
				"north": {"uv": [7.5, 10, 11.5, 10.5], "texture": "#3"},
				"south": {"uv": [11.5, 10, 7.5, 10.5], "texture": "#3"}
			}
		}
	],
	"display": {
		"thirdperson_righthand": {
			"rotation": [90, 0, 0],
			"translation": [0, 2.5, 0.75],
			"scale": [0.5, 0.5, 0.5]
		},
		"thirdperson_lefthand": {
			"rotation": [90, 0, 0],
			"translation": [0, 2.5, 0.75],
			"scale": [0.5, 0.5, 0.5]
		},
		"firstperson_righthand": {
			"rotation": [0, 129, 0],
			"translation": [0.25, 3.5, 1],
			"scale": [0.5, 0.5, 0.5]
		},
		"firstperson_lefthand": {
			"rotation": [0, 129, 0],
			"translation": [0.25, 3.5, 1],
			"scale": [0.5, 0.5, 0.5]
		},
		"ground": {
			"translation": [0, 3.25, 0],
			"scale": [0.6, 0.6, 0.6]
		},
		"gui": {
			"rotation": [30, 135, 0],
			"scale": [0.75, 0.75, 0.75]
		},
		"head": {
			"translation": [0, 12.5, 0],
			"scale": [0.75, 0.75, 0.75]
		},
		"fixed": {
			"translation": [0.25, 0.25, 0.25]
		}
	},
	"groups": [
		0,
		{
			"name": "bucket",
			"origin": [5, 2, 4],
			"color": 0,
			"children": [1, 2, 3, 4, 5]
		},
		{
			"name": "body",
			"origin": [0, 1, 0],
			"color": 0,
			"children": [
				{
					"name": "body",
					"origin": [0, 1, 0],
					"color": 0,
					"children": [6]
				},
				{
					"name": "fin_left",
					"origin": [-4, 8, -2],
					"color": 0,
					"children": [7]
				},
				{
					"name": "fin_right",
					"origin": [4, 8, -2],
					"color": 0,
					"children": [8]
				},
				{
					"name": "spikes_front_top",
					"origin": [0, 9, -4],
					"rotation": [-45, 0, 0],
					"color": 0,
					"children": [9]
				},
				{
					"name": "spikes_middle_top",
					"origin": [0, 9, 0],
					"color": 0,
					"children": [10]
				},
				{
					"name": "spikes_back_top",
					"origin": [0, 9, 4],
					"rotation": [45, 0, 0],
					"color": 0,
					"children": [11]
				},
				{
					"name": "spikes_front_left",
					"origin": [-4, 1, -4],
					"rotation": [0, -45, 0],
					"color": 0,
					"children": [12]
				},
				{
					"name": "spikes_front_right",
					"origin": [4, 1, -4],
					"rotation": [0, 45, 0],
					"color": 0,
					"children": [13]
				},
				{
					"name": "spikes_back_left",
					"origin": [-4, 1, 4],
					"rotation": [0, 45, 0],
					"color": 0,
					"children": [14]
				},
				{
					"name": "spikes_back_right",
					"origin": [4, 1, 4],
					"rotation": [0, -45, 0],
					"color": 0,
					"children": [15]
				},
				{
					"name": "spikes_front_bottom",
					"origin": [0, 1, -4],
					"rotation": [45, 0, 0],
					"color": 0,
					"children": [16]
				},
				{
					"name": "spikes_middle_bottom",
					"origin": [0, 1, 0],
					"color": 0,
					"children": [17]
				},
				{
					"name": "spikes_back_bottom",
					"origin": [0, 1, 4],
					"rotation": [-45, 0, 0],
					"color": 0,
					"children": [18]
				}
			]
		}
	]
}