{
	"format_version": "1.21.6",
	"credit": "cyberia was here",
	"texture_size": [32, 32],
	"textures": {
		"0": "item/bucket_3d",
		"2": "item/tropical_fish_bucket_water_3d",
		"3": "item/not_animated/tropical_fish_bucket_3d",
		"particle": "item/bucket_3d"
	},
	"elements": [
		{
			"name": "bottom",
			"from": [4, 0, 4],
			"to": [12, 2, 12],
			"rotation": {"angle": 0, "axis": "y", "origin": [4, 0, 5]},
			"faces": {
				"north": {"uv": [2, 6, 4, 6.5], "texture": "#0"},
				"east": {"uv": [4, 6, 6, 6.5], "texture": "#0"},
				"south": {"uv": [6, 6, 8, 6.5], "texture": "#0"},
				"west": {"uv": [2, 6.5, 4, 7], "texture": "#0"},
				"up": {"uv": [6.5, 6, 4.5, 4], "texture": "#0"},
				"down": {"uv": [2, 6, 0, 8], "texture": "#0"}
			}
		},
		{
			"name": "side1",
			"from": [3, 2, 3],
			"to": [12, 11, 4],
			"rotation": {"angle": 0, "axis": "y", "origin": [4, 3, 4]},
			"faces": {
				"north": {"uv": [9.25, 0, 11.5, 2.25], "texture": "#0"},
				"east": {"uv": [4.25, 6.75, 4.5, 8.75], "texture": "#0"},
				"south": {"uv": [11.5, 0, 13.75, 2.25], "texture": "#0"},
				"west": {"uv": [4.5, 6.75, 4.75, 9], "texture": "#0"},
				"up": {"uv": [6.25, 6.75, 4, 6.5], "texture": "#0"},
				"down": {"uv": [8.75, 4, 6.5, 4.25], "texture": "#0"}
			}
		},
		{
			"name": "side2",
			"from": [12, 2, 3],
			"to": [13, 11, 12],
			"rotation": {"angle": 0, "axis": "y", "origin": [5, 3, 4]},
			"faces": {
				"north": {"uv": [4.75, 6.75, 5, 9], "texture": "#0"},
				"east": {"uv": [9.25, 0, 11.5, 2.25], "texture": "#0"},
				"south": {"uv": [5, 6.75, 5.25, 8.75], "texture": "#0"},
				"west": {"uv": [11.5, 0, 13.75, 2.25], "texture": "#0"},
				"up": {"uv": [6.5, 8.75, 6.25, 6.5], "texture": "#0"},
				"down": {"uv": [6.75, 6.5, 6.5, 8.75], "texture": "#0"}
			}
		},
		{
			"name": "side3",
			"from": [4, 2, 12],
			"to": [13, 11, 13],
			"rotation": {"angle": 0, "axis": "y", "origin": [5, 3, 13]},
			"faces": {
				"north": {"uv": [11.5, 0, 13.75, 2.25], "texture": "#0"},
				"east": {"uv": [5.25, 6.75, 5.5, 9], "texture": "#0"},
				"south": {"uv": [9.25, 0, 11.5, 2.25], "texture": "#0"},
				"west": {"uv": [5.5, 6.75, 5.75, 8.75], "texture": "#0"},
				"up": {"uv": [8.75, 4.5, 6.5, 4.25], "texture": "#0"},
				"down": {"uv": [8.75, 4.5, 6.5, 4.75], "texture": "#0"}
			}
		},
		{
			"name": "side4",
			"from": [3, 2, 4],
			"to": [4, 11, 13],
			"rotation": {"angle": 0, "axis": "y", "origin": [-4, 3, 5]},
			"faces": {
				"north": {"uv": [5.75, 6.75, 6, 8.75], "texture": "#0"},
				"east": {"uv": [11.5, 0, 13.75, 2.25], "texture": "#0"},
				"south": {"uv": [6, 6.75, 6.25, 9], "texture": "#0"},
				"west": {"uv": [9.25, 0, 11.5, 2.25], "texture": "#0"},
				"up": {"uv": [7, 2.25, 6.75, 0], "texture": "#0"},
				"down": {"uv": [4.25, 6.75, 4, 9], "texture": "#0"}
			}
		},
		{
			"from": [4, 3, 4],
			"to": [12, 10, 12],
			"rotation": {"angle": 0, "axis": "y", "origin": [10, 8, 7.8]},
			"faces": {
				"north": {"uv": [4, 14, 12, 6], "texture": "#2", "tintindex": 0},
				"east": {"uv": [4, 14, 12, 6], "texture": "#2", "tintindex": 0},
				"south": {"uv": [4, 14, 12, 6], "texture": "#2"},
				"west": {"uv": [4, 14, 12, 6], "texture": "#2", "tintindex": 0},
				"up": {"uv": [4, 6, 12, 14], "texture": "#2", "tintindex": 0},
				"down": {"uv": [4, 6, 12, 14], "texture": "#2", "tintindex": 0}
			}
		},
		{
			"name": "tail",
			"from": [8, 5.5, 6.3],
			"to": [8, 9.5, 9.3],
			"rotation": {"angle": -45, "axis": "x", "origin": [8, 10, 9.3]},
			"faces": {
				"east": {"uv": [12, 0, 14, 1.5], "rotation": 270, "texture": "#3"},
				"west": {"uv": [14, 0, 16, 1.5], "rotation": 90, "texture": "#3"}
			}
		},
		{
			"name": "body",
			"from": [7, 9.5, 6.3],
			"to": [9, 15.5, 9.3],
			"rotation": {"angle": -45, "axis": "x", "origin": [8, 10, 9.3]},
			"faces": {
				"north": {"uv": [5, 0, 4, 3], "rotation": 180, "texture": "#3"},
				"east": {"uv": [0, 3, 3, 4.5], "rotation": 270, "texture": "#3"},
				"south": {"uv": [4, 3, 3, 0], "texture": "#3"},
				"west": {"uv": [4, 3, 7, 4.5], "rotation": 90, "texture": "#3"},
				"up": {"uv": [3, 3, 4, 4.5], "rotation": 180, "texture": "#3"},
				"down": {"uv": [7, 3, 8, 4.5], "texture": "#3"}
			}
		},
		{
			"name": "right_fin",
			"from": [9, 12.37868, 4.5929],
			"to": [11, 12.37868, 6.5929],
			"rotation": {"angle": -45, "axis": "x", "origin": [8, 12, 8.3]},
			"faces": {
				"up": {"uv": [1, 8, 2, 9], "rotation": 180, "texture": "#3"},
				"down": {"uv": [1, 6, 2, 7], "texture": "#3"}
			}
		},
		{
			"name": "left_fin",
			"from": [5, 12.37868, 4.5929],
			"to": [7, 12.37868, 6.5929],
			"rotation": {"angle": -45, "axis": "x", "origin": [8, 12, 8.3]},
			"faces": {
				"up": {"uv": [1, 6, 2, 7], "rotation": 180, "texture": "#3"},
				"down": {"uv": [1, 8, 2, 9], "texture": "#3"}
			}
		},
		{
			"name": "fin_top",
			"from": [8, 9.5, 9.3],
			"to": [8, 15.5, 13.3],
			"rotation": {"angle": -45, "axis": "x", "origin": [8, 10, 9.3]},
			"faces": {
				"east": {"uv": [5, 0, 8, 2], "rotation": 270, "texture": "#3"},
				"west": {"uv": [8, 0, 11, 2], "rotation": 90, "texture": "#3"}
			}
		}
	],
	"display": {
		"thirdperson_righthand": {
			"rotation": [90, -90, 0],
			"translation": [0, 2.5, 0.75],
			"scale": [0.5, 0.5, 0.5]
		},
		"thirdperson_lefthand": {
			"rotation": [90, -90, 0],
			"translation": [0, 2.5, 0.75],
			"scale": [0.5, 0.5, 0.5]
		},
		"firstperson_righthand": {
			"rotation": [0, 102, 0],
			"translation": [0.5, 3.5, 1],
			"scale": [0.5, 0.5, 0.5]
		},
		"firstperson_lefthand": {
			"rotation": [0, 102, 0],
			"translation": [0.5, 3.5, 1],
			"scale": [0.5, 0.5, 0.5]
		},
		"ground": {
			"translation": [0, 3.25, 0],
			"scale": [0.6, 0.6, 0.6]
		},
		"gui": {
			"rotation": [30, 135, 0],
			"translation": [0, 1.25, 0],
			"scale": [0.75, 0.75, 0.75]
		},
		"head": {
			"translation": [0, 12.5, 0],
			"scale": [0.75, 0.75, 0.75]
		},
		"fixed": {
			"translation": [0.25, 0.25, 0.25]
		}
	},
	"groups": [
		{
			"name": "bucket",
			"origin": [5, 2, 4],
			"color": 0,
			"children": [0, 1, 2, 3, 4]
		},
		5,
		{
			"name": "tail",
			"origin": [0, 1.5, 2.8],
			"color": 0,
			"children": [6]
		},
		{
			"name": "body",
			"origin": [0, 1.5, -0.2],
			"color": 0,
			"children": [
				7,
				{
					"name": "right_fin",
					"origin": [1, 0, -0.2],
					"rotation": [0, -45, 0],
					"color": 0,
					"children": [8]
				},
				{
					"name": "left_fin",
					"origin": [-1, 0, -0.2],
					"rotation": [0, 45, 0],
					"color": 0,
					"children": [9]
				}
			]
		},
		{
			"name": "fin_top",
			"origin": [0, 3, -3.2],
			"color": 0,
			"children": [10]
		}
	]
}